claim,id,value
cost multiple (N× cheaper),2102578703666413804,34.0
cost multiple (N× cheaper),2102646684027371754,400.0
cost multiple (N× cheaper),2102432538480234946,444.0
cost multiple (N× cheaper),2102443168553922868,4.5
cost multiple (N× cheaper),2102374855022883293,4.0
cost multiple (N× cheaper),2102314425990742283,4.0
cost multiple (N× cheaper),2102369318499406149,2.0
cost multiple (N× cheaper),2102444826495201482,3.9
cost multiple (N× cheaper),2102389590304641045,4.0
cost multiple (N× cheaper),2102528136885760007,49.0
cost multiple (N× cheaper),2102482493085827189,6.0
cost multiple (N× cheaper),2102386662219338118,37.0
cost multiple (N× cheaper),2102411462656536969,5.0
cost multiple (N× cheaper),2102411462656536969,37.0
cost multiple (N× cheaper),2102045236851548503,160.0
cost multiple (N× cheaper),2101930363446587435,2.6
cost multiple (N× cheaper),2102050897887146459,6.0
cost multiple (N× cheaper),2101932748051239352,100.0
cost multiple (N× cheaper),2102066714758271209,6.0
cost multiple (N× cheaper),2102066714758271209,60.0
cost multiple (N× cheaper),2101894926250168654,1.0
cost multiple (N× cheaper),2102077373411733962,100.0
cost multiple (N× cheaper),2101878714917429488,18.0
cost multiple (N× cheaper),2102030484871995769,680.0
cost multiple (N× cheaper),2102067562125181022,170.0
cost multiple (N× cheaper),2102107087438258477,1.0
cost multiple (N× cheaper),2101859136854196686,3.5
cost multiple (N× cheaper),2101886181759922425,27.0
cost multiple (N× cheaper),2101746812738850945,200.0
cost multiple (N× cheaper),2101659113591623727,40.0
cost multiple (N× cheaper),2101771665290215588,10.0
cost multiple (N× cheaper),2101535285184200806,4.0
cost multiple (N× cheaper),2101810034422526226,14.0
cost multiple (N× cheaper),2101660508822647005,99.0
cost multiple (N× cheaper),2101739236118483264,1.0
cost multiple (N× cheaper),2101611835594354958,14.5
cost multiple (N× cheaper),2101510679886725535,25.0
cost multiple (N× cheaper),2101597624541540764,76.0
cost multiple (N× cheaper),2101574363770413311,32.0
cost multiple (N× cheaper),2101325703635435523,680.0
cost multiple (N× cheaper),2101293998879150566,200.0
cost multiple (N× cheaper),2101393861667115437,53.0
cost multiple (N× cheaper),2101218235920314823,190.0
cost multiple (N× cheaper),2101307857191006463,190.0
cost multiple (N× cheaper),2101212248954065184,100.0
cost multiple (N× cheaper),2101134552005828803,390.0
cost multiple (N× cheaper),2101306090931585100,30.0
cost multiple (N× cheaper),2101233217764569154,87.0
cost multiple (N× cheaper),2101339474223607903,5.0
cost multiple (N× cheaper),2101131448636023058,10.0
cost multiple (N× cheaper),2101174407859511575,20.0
cost multiple (N× cheaper),2101415970179051981,14.5
cost multiple (N× cheaper),2101122291958763879,25.0
cost multiple (N× cheaper),2101301265326289272,390.0
cost multiple (N× cheaper),2101277345336463807,1.0
cost multiple (N× cheaper),2101133831969681815,1.0
cost multiple (N× cheaper),2101201518821294341,4.0
cost multiple (N× cheaper),2101366849606979864,478.0
cost multiple (N× cheaper),2101450790019993922,394.0
cost multiple (N× cheaper),2101375886239097087,8.5
cost multiple (N× cheaper),2101330567224561724,10.0
cost multiple (N× cheaper),2100973868324417852,34.0
cost multiple (N× cheaper),2100959848623899005,100.0
cost multiple (N× cheaper),2100937437325205568,112.0
cost multiple (N× cheaper),2100791658346676691,24.0
cost multiple (N× cheaper),2100979973905592387,1.74
cost multiple (N× cheaper),2100824771588227292,200.0
cost multiple (N× cheaper),2100951412570218926,3.4
cost multiple (N× cheaper),2101068441478422703,100.0
cost multiple (N× cheaper),2101043821161177381,363.0
cost multiple (N× cheaper),2101059796049010892,2.61
cost multiple (N× cheaper),2100961395537829949,1.0
cost multiple (N× cheaper),2100983976899068283,100.0
cost multiple (N× cheaper),2100833666918494625,100.0
cost multiple (N× cheaper),2100756207858487563,3.5
cost multiple (N× cheaper),2101000072062222802,90.0
cost multiple (N× cheaper),2100793178014228929,6.6
cost multiple (N× cheaper),2101065336384848330,10.0
cost multiple (N× cheaper),2100930213781676463,47.0
cost multiple (N× cheaper),2100930213781676463,438.0
cost multiple (N× cheaper),2100872434203386116,8.0
cost multiple (N× cheaper),2100922048096915565,164.0
cost multiple (N× cheaper),2100895553361940670,2.0
cost multiple (N× cheaper),2101071647730205135,4.13
cost multiple (N× cheaper),2100925744599966026,3.8
cost multiple (N× cheaper),2100585126652481915,200.0
cost multiple (N× cheaper),2100437998571860087,5.0
cost multiple (N× cheaper),2100649546481070362,1000.0
cost multiple (N× cheaper),2100570643355852954,6000.0
cost multiple (N× cheaper),2100430480642642395,200.0
cost multiple (N× cheaper),2100423271128715387,8.0
cost multiple (N× cheaper),2100606298630816018,10.0
cost multiple (N× cheaper),2100606298630816018,22.0
cost multiple (N× cheaper),2100704291153473739,60.0
cost multiple (N× cheaper),2100430488469196857,200.0
cost multiple (N× cheaper),2100456319421698161,5.0
cost multiple (N× cheaper),2100609074945458185,6.0
cost multiple (N× cheaper),2100606640097771901,40.0
cost multiple (N× cheaper),2100694860877513007,2.0
cost multiple (N× cheaper),2100681802755031394,45.0
cost multiple (N× cheaper),2100588140482400740,63.0
cost multiple (N× cheaper),2100588140482400740,28.0
cost multiple (N× cheaper),2100676461787304000,1760.0
cost multiple (N× cheaper),2100638374428369242,1.0
cost multiple (N× cheaper),2100387266271265223,213.0
cost multiple (N× cheaper),2100610873819840951,145.0
cost multiple (N× cheaper),2100405762493497479,10.0
cost multiple (N× cheaper),2100601783882244337,1.0
cost multiple (N× cheaper),2100605207382303164,39.0
cost multiple (N× cheaper),2100649442647130503,5.0
cost multiple (N× cheaper),2100649442647130503,50.0
cost multiple (N× cheaper),2100458351440048258,820.0
cost multiple (N× cheaper),2100681628481663001,14.0
cost multiple (N× cheaper),2100590289521951094,4.8
cost multiple (N× cheaper),2100434574019121254,155.0
cost multiple (N× cheaper),2100533605906674130,7.0
cost multiple (N× cheaper),2100466991597498530,38.0
cost multiple (N× cheaper),2100687872554926362,12.6
cost multiple (N× cheaper),2100540129592983686,7.0
cost multiple (N× cheaper),2100392292381057059,52.0
cost multiple (N× cheaper),2100561859581456838,25.0
cost multiple (N× cheaper),2100661490772803627,28.0
cost multiple (N× cheaper),2100262612428894676,155.0
cost multiple (N× cheaper),2100290364657848538,1000.0
speed multiple (N× faster),2102578703666413804,6.0
speed multiple (N× faster),2102646684027371754,200.0
speed multiple (N× faster),2102551046778446142,1.0
speed multiple (N× faster),2102592408567648428,3.7
speed multiple (N× faster),2102592408567648428,6.0
speed multiple (N× faster),2102607123825721731,50.0
speed multiple (N× faster),2102631794667577651,1.0
speed multiple (N× faster),2102432538480234946,193.0
speed multiple (N× faster),2102278833433153577,1.0
speed multiple (N× faster),2102443168553922868,3.7
speed multiple (N× faster),2102251573627982243,100.0
speed multiple (N× faster),2102338128929280289,59.0
speed multiple (N× faster),2102383372303577259,5.0
speed multiple (N× faster),2102391212720402925,1.0
speed multiple (N× faster),2102532908628287791,20.0
speed multiple (N× faster),2102391900820963699,60.0
speed multiple (N× faster),2102455561287852227,1.0
speed multiple (N× faster),2102539690540679222,600.0
speed multiple (N× faster),2102395762046906424,1.0
speed multiple (N× faster),2102374855022883293,16.0
speed multiple (N× faster),2102297736011997680,1000.0
speed multiple (N× faster),2102314425990742283,5.0
speed multiple (N× faster),2102230939111702659,4.6
speed multiple (N× faster),2102444826495201482,2.4
speed multiple (N× faster),2102538218847809953,8.0
speed multiple (N× faster),2102487659587477773,15.0
speed multiple (N× faster),2102394467445883145,2.0
speed multiple (N× faster),2102394467445883145,2.8
speed multiple (N× faster),2102435464066285848,6.0
speed multiple (N× faster),2102416066794447329,2.0
speed multiple (N× faster),2102538839701274692,1.51
speed multiple (N× faster),2102392470898352612,200.0
speed multiple (N× faster),2102332190986248294,10.7
speed multiple (N× faster),2102389590304641045,3.0
speed multiple (N× faster),2102389590304641045,8.0
speed multiple (N× faster),2102528136885760007,9.6
speed multiple (N× faster),2102386662219338118,4.2
speed multiple (N× faster),2102411462656536969,11.0
speed multiple (N× faster),2102392864449708209,0.5
speed multiple (N× faster),2102308078544937020,1.0
speed multiple (N× faster),2102039447676014933,1.0
speed multiple (N× faster),2101828851458293827,13.0
speed multiple (N× faster),2102021706613473287,20.0
speed multiple (N× faster),2101948034464805040,18.8
speed multiple (N× faster),2101948034464805040,19.7
speed multiple (N× faster),2101875560515518732,10.0
speed multiple (N× faster),2102031720531034427,1.0
speed multiple (N× faster),2102052409950515654,24.0
speed multiple (N× faster),2101960543125094733,1.0
speed multiple (N× faster),2102080423614726432,50.0
speed multiple (N× faster),2102051917836812621,11.29
speed multiple (N× faster),2101930363446587435,4.26
speed multiple (N× faster),2102081157332353131,913.0
speed multiple (N× faster),2101823727667441671,3.0
speed multiple (N× faster),2101937847674835406,1.0
speed multiple (N× faster),2102015328582508980,43.0
speed multiple (N× faster),2101831282418470995,160.0
speed multiple (N× faster),2102045194614939700,1.0
speed multiple (N× faster),2102040878231491055,1.61
speed multiple (N× faster),2102036888756371605,1580.0
speed multiple (N× faster),2102112625891099045,100.0
speed multiple (N× faster),2102050897887146459,10.0
speed multiple (N× faster),2102100377927819570,1.8
speed multiple (N× faster),2102013361823343017,1.0
speed multiple (N× faster),2102120832638050430,10.0
speed multiple (N× faster),2102053854116483325,2.0
speed multiple (N× faster),2102131273003332050,1.0
speed multiple (N× faster),2102150753850708082,50.0
speed multiple (N× faster),2101894926250168654,1.0
speed multiple (N× faster),2101992213819568393,1.0
speed multiple (N× faster),2102030592418226556,6.6
speed multiple (N× faster),2102077373411733962,30.0
speed multiple (N× faster),2101927007236006170,7.0
speed multiple (N× faster),2102030484871995769,680.0
speed multiple (N× faster),2102133939951280593,1.0
speed multiple (N× faster),2102168494192099698,15.0
speed multiple (N× faster),2102056958467662050,100.0
speed multiple (N× faster),2102067562125181022,150.0
speed multiple (N× faster),2102107087438258477,1.0
speed multiple (N× faster),2101982631642685625,10.0
speed multiple (N× faster),2101982631642685625,40.0
speed multiple (N× faster),2101904985776673141,100.0
speed multiple (N× faster),2101878718138605593,8.0
speed multiple (N× faster),2102118899709821094,2.5
speed multiple (N× faster),2102070534259261780,3.0
speed multiple (N× faster),2102021528456220918,1.0
speed multiple (N× faster),2101544156757950697,1.0
speed multiple (N× faster),2101782262949835211,200.0
speed multiple (N× faster),2101746812738850945,400.0
speed multiple (N× faster),2101810999930331552,2.0
speed multiple (N× faster),2101810999930331552,2.8
speed multiple (N× faster),2101793556071321759,1.0
speed multiple (N× faster),2101724806844715148,4.0
speed multiple (N× faster),2101659113591623727,100.0
speed multiple (N× faster),2101710359593931066,955.6
speed multiple (N× faster),2101517492883431899,15.33
speed multiple (N× faster),2101586635767058471,2.0
speed multiple (N× faster),2101775626789421057,1.0
speed multiple (N× faster),2101771665290215588,3.0
speed multiple (N× faster),2101470134996959681,4.0
speed multiple (N× faster),2101470134996959681,2.5
speed multiple (N× faster),2101817659218354669,100.0
speed multiple (N× faster),2101579836527653342,1.0
speed multiple (N× faster),2101644118686375956,4.0
speed multiple (N× faster),2101557986451939453,1.0
speed multiple (N× faster),2101462798819569872,1.0
speed multiple (N× faster),2101470121944338726,4.0
speed multiple (N× faster),2101584535414821008,1.0
speed multiple (N× faster),2101766059405824090,180.0
speed multiple (N× faster),2101607856407810096,4.0
speed multiple (N× faster),2101551850202001738,16.0
speed multiple (N× faster),2101614572515782941,2.0
speed multiple (N× faster),2101614572515782941,4.0
speed multiple (N× faster),2101535285184200806,10.0
speed multiple (N× faster),2101535285184200806,30.0
speed multiple (N× faster),2101473066366759045,1.0
speed multiple (N× faster),2101633429817487703,33.0
speed multiple (N× faster),2101565083369497055,2.0
speed multiple (N× faster),2101625594920255659,1.0
speed multiple (N× faster),2101810034422526226,7.0
speed multiple (N× faster),2101660508822647005,4.0
speed multiple (N× faster),2101739236118483264,1.0
speed multiple (N× faster),2101718828879315187,1.0
speed multiple (N× faster),2101611835594354958,2.8
speed multiple (N× faster),2101560820740112638,10.0
speed multiple (N× faster),2101685312430768422,25.0
speed multiple (N× faster),2101740979497713703,1.0
speed multiple (N× faster),2101603073340653780,1.8
speed multiple (N× faster),2101604635983421897,4.4
speed multiple (N× faster),2101588313731977589,16.0
speed multiple (N× faster),2101789037992247533,2.0
speed multiple (N× faster),2101789037992247533,3.0
speed multiple (N× faster),2101593036660891804,5.0
speed multiple (N× faster),2101597624541540764,14.0
speed multiple (N× faster),2101574363770413311,2.3
speed multiple (N× faster),2101106887840370919,20.0
speed multiple (N× faster),2101156959546450049,40.0
speed multiple (N× faster),2101293998879150566,1.5
speed multiple (N× faster),2101393861667115437,25.0
speed multiple (N× faster),2101218235920314823,13.0
speed multiple (N× faster),2101307857191006463,13.0
speed multiple (N× faster),2101348194542084116,6.9
speed multiple (N× faster),2101228302342176877,60.0
speed multiple (N× faster),2101212248954065184,5.0
speed multiple (N× faster),2101459218901737709,8.6
speed multiple (N× faster),2101297201469079564,10.0
speed multiple (N× faster),2101330437658362038,12.1
speed multiple (N× faster),2101118529936519453,17.0
speed multiple (N× faster),2101118529936519453,21.0
speed multiple (N× faster),2101152108858704107,3.0
speed multiple (N× faster),2101306090931585100,5.0
speed multiple (N× faster),2101380541215821857,4.0
speed multiple (N× faster),2101360891703017785,8.5
speed multiple (N× faster),2101352251847831776,1.93
speed multiple (N× faster),2101336174656893410,37.5
speed multiple (N× faster),2101435992809038067,9.5
speed multiple (N× faster),2101306528439664849,33.0
speed multiple (N× faster),2101327974335422525,8.31
speed multiple (N× faster),2101335377671782901,40.0
speed multiple (N× faster),2101247093662953934,1.0
speed multiple (N× faster),2101164410958131708,3.0
speed multiple (N× faster),2101413954211758226,4.0
speed multiple (N× faster),2101415970179051981,17.5
speed multiple (N× faster),2101291155883282624,2.5
speed multiple (N× faster),2101422519391555867,10.0
speed multiple (N× faster),2101108417331142863,1.0
speed multiple (N× faster),2101140692927913999,31.0
speed multiple (N× faster),2101288764987289827,5.0
speed multiple (N× faster),2101277345336463807,1.0
speed multiple (N× faster),2101133831969681815,1.0
speed multiple (N× faster),2101354672540045531,47.7
speed multiple (N× faster),2101392052219228496,2.0
speed multiple (N× faster),2101227893120553458,0.35
speed multiple (N× faster),2101452749670076503,4.0
speed multiple (N× faster),2101450790019993922,9.5
speed multiple (N× faster),2101402382584467695,4.6
speed multiple (N× faster),2101319411265315124,1.0
speed multiple (N× faster),2101248586793341057,7.9
speed multiple (N× faster),2101234306551283922,1.0
speed multiple (N× faster),2101136882994470992,1.0
speed multiple (N× faster),2101421569990160622,4.0
speed multiple (N× faster),2101099226197352800,5.0
speed multiple (N× faster),2101354021009137789,10.0
speed multiple (N× faster),2101436002409873809,176.0
speed multiple (N× faster),2101375168593776657,5.0
speed multiple (N× faster),2101375168593776657,16.0
speed multiple (N× faster),2101409070796112265,415.0
speed multiple (N× faster),2100973868324417852,6.0
speed multiple (N× faster),2100959848623899005,100.0
speed multiple (N× faster),2101090579127951694,30.0
speed multiple (N× faster),2100937437325205568,112.0
speed multiple (N× faster),2101010773157761481,19.33
speed multiple (N× faster),2100987661926252737,2.0
speed multiple (N× faster),2100849182127149335,1.0
speed multiple (N× faster),2100884132272181594,7.0
speed multiple (N× faster),2100884132272181594,50.0
speed multiple (N× faster),2100984923926728920,8.6
speed multiple (N× faster),2100978402174120134,8.8
speed multiple (N× faster),2100933183931900346,15.0
speed multiple (N× faster),2100791658346676691,4.0
speed multiple (N× faster),2101009668655272243,10.0
speed multiple (N× faster),2101087134459306356,1.0
speed multiple (N× faster),2100970015977804008,1.0
speed multiple (N× faster),2100788979759231192,7.56
speed multiple (N× faster),2100988663114907720,1.0
speed multiple (N× faster),2100993782619754610,3.0
speed multiple (N× faster),2101032931456168098,14.8
speed multiple (N× faster),2100940521598320753,200.0
speed multiple (N× faster),2100951412570218926,2.4
speed multiple (N× faster),2100812326668587233,6.0
speed multiple (N× faster),2100882724068491471,14.3
speed multiple (N× faster),2101035345643221239,230.0
speed multiple (N× faster),2101012727896363222,70.0
speed multiple (N× faster),2100766495240270157,37.0
speed multiple (N× faster),2101001043626860829,2.0
speed multiple (N× faster),2100875112044269642,19.0
speed multiple (N× faster),2101043821161177381,5.8
speed multiple (N× faster),2100827050374488350,6.0
speed multiple (N× faster),2100810954674212969,25.0
speed multiple (N× faster),2101095353697357921,3.0
speed multiple (N× faster),2100850609805209753,4.0
speed multiple (N× faster),2100919256963756055,9.0
speed multiple (N× faster),2101054115141083209,500.0
speed multiple (N× faster),2100961395537829949,1.0
speed multiple (N× faster),2101061936834023754,1.0
speed multiple (N× faster),2100927192343413104,2.0
speed multiple (N× faster),2100833666918494625,100.0
speed multiple (N× faster),2101063258807623872,1.0
speed multiple (N× faster),2100756207858487563,8.0
speed multiple (N× faster),2101000072062222802,7.0
speed multiple (N× faster),2101000072062222802,40.0
speed multiple (N× faster),2100846150056309107,1.0
speed multiple (N× faster),2101008515632619538,11.0
speed multiple (N× faster),2101007751098851382,20.0
speed multiple (N× faster),2100922048096915565,8.0
speed multiple (N× faster),2100885361761321141,1.0
speed multiple (N× faster),2101043696422494246,10.0
speed multiple (N× faster),2101071647730205135,1.32
speed multiple (N× faster),2101071647730205135,1.68
speed multiple (N× faster),2101078024414244886,3.0
speed multiple (N× faster),2100925744599966026,3.2
speed multiple (N× faster),2100925744599966026,5.0
speed multiple (N× faster),2101041087435378855,0.5
speed multiple (N× faster),2100792812019073507,1.0
speed multiple (N× faster),2101032994374906055,6.4
speed multiple (N× faster),2100777977583956476,10.4
speed multiple (N× faster),2101023707447578678,25.0
speed multiple (N× faster),2100631889585606959,100.0
speed multiple (N× faster),2100722975645598191,100.0
speed multiple (N× faster),2100404532119269426,1.0
speed multiple (N× faster),2100437998571860087,5.0
speed multiple (N× faster),2100649546481070362,5.0
speed multiple (N× faster),2100468943853085061,10.0
speed multiple (N× faster),2100570643355852954,10.0
speed multiple (N× faster),2100735977262141735,6.0
speed multiple (N× faster),2100566009312940457,2.5
speed multiple (N× faster),2100489521557123265,10.0
speed multiple (N× faster),2100709039613100112,8.0
speed multiple (N× faster),2100423795093999819,1.6
speed multiple (N× faster),2100423795093999819,1.64
speed multiple (N× faster),2100609074945458185,6.0
speed multiple (N× faster),2100647394211680286,2.5
speed multiple (N× faster),2100606640097771901,6.0
speed multiple (N× faster),2100694860877513007,3.0
speed multiple (N× faster),2100554586356330942,2.0
speed multiple (N× faster),2100614237488021513,3.1
speed multiple (N× faster),2100544819869184255,4.0
speed multiple (N× faster),2100581721515188451,4.1
speed multiple (N× faster),2100588140482400740,4.7
speed multiple (N× faster),2100676461787304000,22.6
speed multiple (N× faster),2100641560463544708,1.0
speed multiple (N× faster),2100644717138792625,1.93
speed multiple (N× faster),2100480470043763085,3.0
speed multiple (N× faster),2100550028708241698,4.5
speed multiple (N× faster),2100550028708241698,2.6
speed multiple (N× faster),2100638374428369242,1.0
speed multiple (N× faster),2100387266271265223,2.5
speed multiple (N× faster),2100610873819840951,7.7
speed multiple (N× faster),2100649727536640435,1.0
speed multiple (N× faster),2100611224513794207,17.7
speed multiple (N× faster),2100649442647130503,15.0
speed multiple (N× faster),2100454527841529856,3.26
speed multiple (N× faster),2100681628481663001,23.0
speed multiple (N× faster),2100590289521951094,8.2
speed multiple (N× faster),2100600669220847856,29.0
speed multiple (N× faster),2100434574019121254,20.0
speed multiple (N× faster),2100533605906674130,4.1
speed multiple (N× faster),2100723829257421230,7.0
speed multiple (N× faster),2100466991597498530,12.8
speed multiple (N× faster),2100687872554926362,4.0
speed multiple (N× faster),2100696115456679989,4.0
speed multiple (N× faster),2100696115456679989,2.4
speed multiple (N× faster),2100635102464069714,10.0
speed multiple (N× faster),2100476918978015431,10.0
speed multiple (N× faster),2100720724797280336,90.0
speed multiple (N× faster),2100436880802161004,9.0
speed multiple (N× faster),2100540129592983686,4.0
speed multiple (N× faster),2100561859581456838,2.0
speed multiple (N× faster),2100494705909743678,1.0
speed multiple (N× faster),2100661490772803627,3.4
speed multiple (N× faster),2100300097695232164,5.0
speed multiple (N× faster),2100262612428894676,20.0
speed multiple (N× faster),2100269198727602468,6.0
speed multiple (N× faster),2100299724838379957,1012.0
speed multiple (N× faster),2100373761195401724,5.0
speed multiple (N× faster),2100290364657848538,5.0
speed multiple (N× faster),2100157777595314615,63.0
speed multiple (N× faster),2100157777595314615,8.0
speed multiple (N× faster),2100135954312786047,5.7
accuracy (N% accurate),2102578703666413804,100.0
accuracy (N% accurate),2102671376268370160,94.1
accuracy (N% accurate),2102671376268370160,76.5
accuracy (N% accurate),2102549002487238854,33.0
accuracy (N% accurate),2102549002487238854,32.0
accuracy (N% accurate),2102549002487238854,36.0
accuracy (N% accurate),2102628036055314555,47.0
accuracy (N% accurate),2102561043520340198,74.0
accuracy (N% accurate),2102561043520340198,86.0
accuracy (N% accurate),2102574797272068431,82.0
accuracy (N% accurate),2102566148982350256,24.9
accuracy (N% accurate),2102604958193639640,72.14
accuracy (N% accurate),2102604958193639640,98.86
accuracy (N% accurate),2102604958193639640,94.5
accuracy (N% accurate),2102575529312256373,0.95
accuracy (N% accurate),2102692576465957030,0.32
accuracy (N% accurate),2102692576465957030,0.38
accuracy (N% accurate),2102692576465957030,0.69
accuracy (N% accurate),2102621899482407282,64.0
accuracy (N% accurate),2102672636606300330,91.0
accuracy (N% accurate),2102672636606300330,97.0
accuracy (N% accurate),2102606290753114439,94.0
accuracy (N% accurate),2102592171819909232,69.0
accuracy (N% accurate),2102641737545949210,96.3
accuracy (N% accurate),2102641737545949210,88.4
accuracy (N% accurate),2102641737545949210,89.7
accuracy (N% accurate),2102614156549480875,0.81
accuracy (N% accurate),2102637465211424863,56.0
accuracy (N% accurate),2102447757722050959,100.0
accuracy (N% accurate),2102443168553922868,25.0
accuracy (N% accurate),2102194492606460011,74.4
accuracy (N% accurate),2102359784217530845,97.4
accuracy (N% accurate),2102190802160005277,60.0
accuracy (N% accurate),2102317476814246126,100.0
accuracy (N% accurate),2102317476814246126,85.6
accuracy (N% accurate),2102261423439335517,26.0
accuracy (N% accurate),2102191050324574375,469.0
accuracy (N% accurate),2102191050324574375,168.0
accuracy (N% accurate),2102191050324574375,100.0
accuracy (N% accurate),2102459053314068760,20.8
accuracy (N% accurate),2102532908628287791,60.0
accuracy (N% accurate),2102366720098971832,10.0
accuracy (N% accurate),2102314425990742283,70.8
accuracy (N% accurate),2102534747801129251,42.9
accuracy (N% accurate),2102230939111702659,87.8
accuracy (N% accurate),2102538218847809953,99.0
accuracy (N% accurate),2102538218847809953,97.5
accuracy (N% accurate),2102257806174986370,60.0
accuracy (N% accurate),2102473104522109144,60.0
accuracy (N% accurate),2102208977849536805,50.4
accuracy (N% accurate),2102535784368951560,67.8
accuracy (N% accurate),2102332190986248294,100.0
accuracy (N% accurate),2102449660094799987,61.0
accuracy (N% accurate),2102449660094799987,78.0
accuracy (N% accurate),2102327905858543976,96.9
accuracy (N% accurate),2102327905858543976,6.4
accuracy (N% accurate),2102327905858543976,50.8
accuracy (N% accurate),2102482493085827189,96.0
accuracy (N% accurate),2102242628859494598,1.0
accuracy (N% accurate),2102414652802023598,99.29
accuracy (N% accurate),2102414652802023598,52.8
accuracy (N% accurate),2102414652802023598,77.3
accuracy (N% accurate),2102217276430700865,100.0
accuracy (N% accurate),2102300752341352815,94.9
accuracy (N% accurate),2102300752341352815,33.3
accuracy (N% accurate),2102350818657923334,95.0
accuracy (N% accurate),2102489773185147295,100.0
accuracy (N% accurate),2102369416398954572,10.0
accuracy (N% accurate),2102091983292358839,80.0
accuracy (N% accurate),2101935665663328491,47.0
accuracy (N% accurate),2101935665663328491,70.0
accuracy (N% accurate),2101935665663328491,100.0
accuracy (N% accurate),2101948034464805040,100.0
accuracy (N% accurate),2101932980759589161,91.0
accuracy (N% accurate),2101932980759589161,45.0
accuracy (N% accurate),2101927214820499627,78.21
accuracy (N% accurate),2101927214820499627,65.8
accuracy (N% accurate),2102080423614726432,100.0
accuracy (N% accurate),2102183268137206157,96.5
accuracy (N% accurate),2102183268137206157,93.5
accuracy (N% accurate),2102183268137206157,81.6
accuracy (N% accurate),2102051917836812621,99.971
accuracy (N% accurate),2102057613655454184,67.0
accuracy (N% accurate),2102057613655454184,15.0
accuracy (N% accurate),2101842185448718843,98.9
accuracy (N% accurate),2102082638861479942,80.0
accuracy (N% accurate),2102082638861479942,20.0
accuracy (N% accurate),2102006756926788092,74.0
accuracy (N% accurate),2102080664527044940,99.8
accuracy (N% accurate),2101951949755347284,0.7
accuracy (N% accurate),2101951949755347284,0.6
accuracy (N% accurate),2102093905940611452,60.0
accuracy (N% accurate),2101999493965398187,91.8
accuracy (N% accurate),2102099108387545297,87.0
accuracy (N% accurate),2102125508721004903,64.94
accuracy (N% accurate),2102125508721004903,77.49
accuracy (N% accurate),2102125508721004903,86.58
accuracy (N% accurate),2102079871388201146,65.0
accuracy (N% accurate),2102052707024466181,74.6
accuracy (N% accurate),2102085324801483181,83.7
accuracy (N% accurate),2102085324801483181,61.6
accuracy (N% accurate),2102085324801483181,31.2
accuracy (N% accurate),2102125246522478695,93.0
accuracy (N% accurate),2102134887012573213,75.0
accuracy (N% accurate),2101996018997043661,100.0
accuracy (N% accurate),2102027382974775722,16.0
accuracy (N% accurate),2102161411895914621,98.7
accuracy (N% accurate),2102161411895914621,69.4
accuracy (N% accurate),2102049977451287008,99.0
accuracy (N% accurate),2102100377927819570,78.0
accuracy (N% accurate),2102104889266683974,84.4
accuracy (N% accurate),2101830711980544168,81.0
accuracy (N% accurate),2102179803856343402,85.4
accuracy (N% accurate),2101881983303364758,11.96
accuracy (N% accurate),2101881983303364758,22.95
accuracy (N% accurate),2102160019538006339,98.0
accuracy (N% accurate),2102101679738925444,54.0
accuracy (N% accurate),2101878783301337214,83.12
accuracy (N% accurate),2101878783301337214,86.58
accuracy (N% accurate),2101932654719299738,78.0
accuracy (N% accurate),2101919542599708826,97.82
accuracy (N% accurate),2102068451959312849,98.9
accuracy (N% accurate),2102157395082260890,70.0
accuracy (N% accurate),2102125921188913469,97.7
accuracy (N% accurate),2102125921188913469,98.1
accuracy (N% accurate),2101839059458969908,96.0
accuracy (N% accurate),2101839059458969908,94.8
accuracy (N% accurate),2101940075072459255,6.0
accuracy (N% accurate),2102026141884141989,33.0
accuracy (N% accurate),2102026141884141989,50.0
accuracy (N% accurate),2101871014787350860,88.0
accuracy (N% accurate),2102076871374503987,88.0
accuracy (N% accurate),2102016401288441919,7.4
accuracy (N% accurate),2101872088210710948,100.0
accuracy (N% accurate),2102078853640524154,1.0
accuracy (N% accurate),2102011463431008731,53.0
accuracy (N% accurate),2102011463431008731,22.0
accuracy (N% accurate),2101886181759922425,62.6
accuracy (N% accurate),2101886181759922425,95.0
accuracy (N% accurate),2102003496371544134,50.9
accuracy (N% accurate),2102003496371544134,62.4
accuracy (N% accurate),2102003496371544134,57.21
accuracy (N% accurate),2101947155380601199,100.0
accuracy (N% accurate),2102110723048714593,79.0
accuracy (N% accurate),2102110723048714593,70.0
accuracy (N% accurate),2101905596077178911,10.0
accuracy (N% accurate),2102173779635867796,100.0
accuracy (N% accurate),2102172944898142711,100.0
accuracy (N% accurate),2102104595048902754,90.0
accuracy (N% accurate),2101657121746198981,97.0
accuracy (N% accurate),2101670746883768607,87.0
accuracy (N% accurate),2101611863507419411,82.0
accuracy (N% accurate),2101611863507419411,86.0
accuracy (N% accurate),2101642632837366105,72.5
accuracy (N% accurate),2101640135683055827,63.0
accuracy (N% accurate),2101640135683055827,44.5
accuracy (N% accurate),2101640135683055827,11.1
accuracy (N% accurate),2101709185155231895,81.2
accuracy (N% accurate),2101556641904967917,79.0
accuracy (N% accurate),2101794050781090153,77.0
accuracy (N% accurate),2101626109356097857,50.0
accuracy (N% accurate),2101656635534119127,87.0
accuracy (N% accurate),2101635745211670750,60.0
accuracy (N% accurate),2101679703673454669,61.4
accuracy (N% accurate),2101679703673454669,90.6
accuracy (N% accurate),2101598960926527741,22.0
accuracy (N% accurate),2101598960926527741,78.0
accuracy (N% accurate),2101634760070344941,0.99
accuracy (N% accurate),2101470031104376878,20.0
accuracy (N% accurate),2101515204270182457,38.0
accuracy (N% accurate),2101607543269441629,84.0
accuracy (N% accurate),2101607543269441629,95.0
accuracy (N% accurate),2101709574327976257,88.0
accuracy (N% accurate),2101578909045399909,100.0
accuracy (N% accurate),2101578909045399909,60.0
accuracy (N% accurate),2101578909045399909,95.0
accuracy (N% accurate),2101684751157580139,77.0
accuracy (N% accurate),2101684751157580139,61.4
accuracy (N% accurate),2101684751157580139,32.2
accuracy (N% accurate),2101772073790029877,93.3
accuracy (N% accurate),2101772073790029877,100.0
accuracy (N% accurate),2101557731232813298,41.7
accuracy (N% accurate),2101557731232813298,100.0
accuracy (N% accurate),2101557731232813298,60.0
accuracy (N% accurate),2101715274722328867,11.96
accuracy (N% accurate),2101715274722328867,22.95
accuracy (N% accurate),2101728728531284053,96.0
accuracy (N% accurate),2101718735757140313,50.0
accuracy (N% accurate),2101636204688974188,97.0
accuracy (N% accurate),2101549554718195855,50.0
accuracy (N% accurate),2101549554718195855,84.2
accuracy (N% accurate),2101549554718195855,92.1
accuracy (N% accurate),2101637802090004772,50.0
accuracy (N% accurate),2101637802090004772,98.0
accuracy (N% accurate),2101749334303764549,98.0
accuracy (N% accurate),2101749334303764549,66.0
accuracy (N% accurate),2101568159484661948,98.0
accuracy (N% accurate),2101770468944380373,100.0
accuracy (N% accurate),2101646622463758479,84.58
accuracy (N% accurate),2101646622463758479,72.44
accuracy (N% accurate),2101646622463758479,100.0
accuracy (N% accurate),2101778971163517089,100.0
accuracy (N% accurate),2101674414433771669,61.6
accuracy (N% accurate),2101795933465772520,77.0
accuracy (N% accurate),2101554522560843855,41.0
accuracy (N% accurate),2101554522560843855,44.0
accuracy (N% accurate),2101554522560843855,53.0
accuracy (N% accurate),2101739236118483264,45.0
accuracy (N% accurate),2101747321184694306,54.0
accuracy (N% accurate),2101490650034180333,100.0
accuracy (N% accurate),2101701169428988240,14.0
accuracy (N% accurate),2101701169428988240,86.0
accuracy (N% accurate),2101512320522363116,94.9
accuracy (N% accurate),2101603073340653780,100.0
accuracy (N% accurate),2101586653777477790,86.6
accuracy (N% accurate),2101791906178969673,100.0
accuracy (N% accurate),2101791906178969673,77.8
accuracy (N% accurate),2101791906178969673,66.7
accuracy (N% accurate),2101576456832721005,50.0
accuracy (N% accurate),2101586939371524206,90.0
accuracy (N% accurate),2101714171607822772,98.6
accuracy (N% accurate),2101714171607822772,91.5
accuracy (N% accurate),2101593036660891804,90.5
accuracy (N% accurate),2101593650593759260,96.0
accuracy (N% accurate),2101668846352650402,42.9
accuracy (N% accurate),2101156068814667942,30.0
accuracy (N% accurate),2101235341722317008,91.0
accuracy (N% accurate),2101362082369470675,1.0
accuracy (N% accurate),2101276366855676227,86.0
accuracy (N% accurate),2101315373366906895,92.38
accuracy (N% accurate),2101417298728792134,93.77
accuracy (N% accurate),2101417298728792134,89.17
accuracy (N% accurate),2101394993957274021,92.6
accuracy (N% accurate),2101394993957274021,81.3
accuracy (N% accurate),2101309103402623365,26.1
accuracy (N% accurate),2101213026204401921,100.0
accuracy (N% accurate),2101404670488875042,70.0
accuracy (N% accurate),2101431328365535695,83.0
accuracy (N% accurate),2101109304296427622,93.0
accuracy (N% accurate),2101365801487880590,35.0
accuracy (N% accurate),2101303232878235912,15.0
accuracy (N% accurate),2101316586392928544,95.0
accuracy (N% accurate),2101316586392928544,86.0
accuracy (N% accurate),2101316586392928544,90.0
accuracy (N% accurate),2101320127992189080,61.0
accuracy (N% accurate),2101335665724305795,64.0
accuracy (N% accurate),2101430997325869135,83.0
accuracy (N% accurate),2101407992113410384,96.0
accuracy (N% accurate),2101143337478836293,0.05
accuracy (N% accurate),2101144295524679785,100.0
accuracy (N% accurate),2101336174656893410,92.9
accuracy (N% accurate),2101174407859511575,100.0
accuracy (N% accurate),2101301125697699962,97.0
accuracy (N% accurate),2101301125697699962,46.0
accuracy (N% accurate),2101099218454941843,77.21
accuracy (N% accurate),2101366861535342685,33.3333
accuracy (N% accurate),2101398886153953770,35.0
accuracy (N% accurate),2101398886153953770,98.0
accuracy (N% accurate),2101398886153953770,88.0
accuracy (N% accurate),2101424882315669818,82.0
accuracy (N% accurate),2101424882315669818,91.9
accuracy (N% accurate),2101261014457364687,20.0
accuracy (N% accurate),2101405039671800087,88.9
accuracy (N% accurate),2101405039671800087,98.6
accuracy (N% accurate),2101405039671800087,79.2
accuracy (N% accurate),2101419960308298090,85.29
accuracy (N% accurate),2101429152935297384,27.0
accuracy (N% accurate),2101311135030878558,100.0
accuracy (N% accurate),2101341086127919484,93.0
accuracy (N% accurate),2101257870989987957,50.0
accuracy (N% accurate),2101366870645293192,62.0
accuracy (N% accurate),2101366870645293192,81.3
accuracy (N% accurate),2101276458396131480,86.6
accuracy (N% accurate),2101148322685657213,82.0
accuracy (N% accurate),2101148322685657213,22.0
accuracy (N% accurate),2101316662926377190,30.0
accuracy (N% accurate),2101354335573770574,20.0
accuracy (N% accurate),2101321095332982931,95.0
accuracy (N% accurate),2101392052219228496,100.0
accuracy (N% accurate),2101249350601171378,83.3
accuracy (N% accurate),2101349706739720197,61.5
accuracy (N% accurate),2101371674855977255,100.0
accuracy (N% accurate),2101333048898036015,30.0
accuracy (N% accurate),2101450790019993922,100.0
accuracy (N% accurate),2101216386790154678,78.0
accuracy (N% accurate),2101216386790154678,82.0
accuracy (N% accurate),2101309961351684475,27.4
accuracy (N% accurate),2101384163626807788,89.6
accuracy (N% accurate),2101226546325242248,97.0
accuracy (N% accurate),2101454111011188976,81.9
accuracy (N% accurate),2101454111011188976,96.0
accuracy (N% accurate),2101329193720217811,91.7
accuracy (N% accurate),2101385273376690333,90.0
accuracy (N% accurate),2101318132694389177,66.7
accuracy (N% accurate),2101223520273354981,99.0
accuracy (N% accurate),2101457144319189006,73.0
accuracy (N% accurate),2101366314917114112,100.0
accuracy (N% accurate),2101366314917114112,95.0
accuracy (N% accurate),2101366314917114112,96.0
accuracy (N% accurate),2101370772317258091,94.0
accuracy (N% accurate),2101377610043597083,1.0
accuracy (N% accurate),2101377610043597083,0.99
accuracy (N% accurate),2100765201385869434,90.0
accuracy (N% accurate),2100937437325205568,100.0
accuracy (N% accurate),2101040416300630033,100.0
accuracy (N% accurate),2100984923926728920,15.0
accuracy (N% accurate),2100902217515454507,100.0
accuracy (N% accurate),2101009668655272243,85.0
accuracy (N% accurate),2101009668655272243,56.0
accuracy (N% accurate),2100836659533336676,0.83
accuracy (N% accurate),2100958438406955394,88.21
accuracy (N% accurate),2101035220044542421,99.7
accuracy (N% accurate),2100854873550196962,90.0
accuracy (N% accurate),2101064363931250717,35.0
accuracy (N% accurate),2101064363931250717,90.0
accuracy (N% accurate),2101094328370155921,26.1
accuracy (N% accurate),2100763000517054968,100.0
accuracy (N% accurate),2100983340602179953,90.0
accuracy (N% accurate),2100983340602179953,67.0
accuracy (N% accurate),2101039090737303992,98.7
accuracy (N% accurate),2100909012367634772,85.0
accuracy (N% accurate),2101084432585134169,92.4
accuracy (N% accurate),2101032394480398400,100.0
accuracy (N% accurate),2100810954674212969,80.0
accuracy (N% accurate),2101042368980058259,30.0
accuracy (N% accurate),2101064388308299912,1.0
accuracy (N% accurate),2101046138929340518,93.0
accuracy (N% accurate),2100999241326047596,99.9
accuracy (N% accurate),2101006905506492510,62.7
accuracy (N% accurate),2101039552408219676,45.0
accuracy (N% accurate),2101039552408219676,85.0
accuracy (N% accurate),2100916585967849653,81.0
accuracy (N% accurate),2100950317852455039,99.0
accuracy (N% accurate),2101095630219477189,93.0
accuracy (N% accurate),2100915977978581235,99.6
accuracy (N% accurate),2101053019391492500,58.0
accuracy (N% accurate),2101053019391492500,98.0
accuracy (N% accurate),2100948988128022660,100.0
accuracy (N% accurate),2100948988128022660,25.0
accuracy (N% accurate),2101090069310484836,45.0
accuracy (N% accurate),2101090069310484836,33.0
accuracy (N% accurate),2101090069310484836,22.0
accuracy (N% accurate),2100996125272740219,98.6
accuracy (N% accurate),2101009609087389712,66.0
accuracy (N% accurate),2100898261997437110,96.1
accuracy (N% accurate),2100898261997437110,97.1
accuracy (N% accurate),2101012203390525674,92.0
accuracy (N% accurate),2101031538959810731,30.0
accuracy (N% accurate),2100984306583703858,97.0
accuracy (N% accurate),2100898042933391741,10.0
accuracy (N% accurate),2100872434203386116,65.7
accuracy (N% accurate),2100872434203386116,54.8
accuracy (N% accurate),2100859003152859640,1.0
accuracy (N% accurate),2100885361761321141,1.0
accuracy (N% accurate),2100877439350272505,96.7
accuracy (N% accurate),2101038240895533266,100.0
accuracy (N% accurate),2100924935749386278,8.8
accuracy (N% accurate),2100991581775868358,68.0
accuracy (N% accurate),2100768016862675144,92.0
accuracy (N% accurate),2100614133171552435,1.0
accuracy (N% accurate),2100614659690713543,96.0
accuracy (N% accurate),2100569241707843709,89.0
accuracy (N% accurate),2100704291153473739,31.3
accuracy (N% accurate),2100704291153473739,21.3
accuracy (N% accurate),2100614940616720884,86.8
accuracy (N% accurate),2100614940616720884,97.8
accuracy (N% accurate),2100532149002858800,87.0
accuracy (N% accurate),2100614237488021513,40.0
accuracy (N% accurate),2100735486901796923,93.0
accuracy (N% accurate),2100735486901796923,57.0
accuracy (N% accurate),2100558096607085027,60.0
accuracy (N% accurate),2100377933974044831,50.0
accuracy (N% accurate),2100649727536640435,5.0
accuracy (N% accurate),2100735712496644312,0.92
accuracy (N% accurate),2100735712496644312,0.08
accuracy (N% accurate),2100593904949096696,84.9
accuracy (N% accurate),2100681628481663001,90.0
accuracy (N% accurate),2100612168064344097,100.0
accuracy (N% accurate),2100612168064344097,95.8
accuracy (N% accurate),2100527935505547574,98.3
accuracy (N% accurate),2100527935505547574,100.0
accuracy (N% accurate),2100699431309897845,98.0
accuracy (N% accurate),2100699431309897845,79.0
accuracy (N% accurate),2100699431309897845,93.0
accuracy (N% accurate),2100600669220847856,98.0
accuracy (N% accurate),2100605473883914334,95.0
accuracy (N% accurate),2100397782322364792,96.0
accuracy (N% accurate),2100552239823860069,100.0
accuracy (N% accurate),2100466991597498530,100.0
accuracy (N% accurate),2100681192777331013,88.9
accuracy (N% accurate),2100681192777331013,94.0
accuracy (N% accurate),2100513417526120892,91.0
accuracy (N% accurate),2100513417526120892,5.0
accuracy (N% accurate),2100513417526120892,99.0
accuracy (N% accurate),2100616249839698061,100.0
accuracy (N% accurate),2100617113157160998,5.0
accuracy (N% accurate),2100527809286352990,98.3
accuracy (N% accurate),2100527809286352990,100.0
accuracy (N% accurate),2100570642571509791,95.8
accuracy (N% accurate),2100570642571509791,80.2
accuracy (N% accurate),2100411517099495695,100.0
accuracy (N% accurate),2100667415067508861,100.0
accuracy (N% accurate),2100398925966406005,71.1
accuracy (N% accurate),2100414765453476246,92.0
accuracy (N% accurate),2100410016054247493,60.0
accuracy (N% accurate),2100592113134268489,80.0
accuracy (N% accurate),2100592113134268489,100.0
accuracy (N% accurate),2100540090363638171,57.4
accuracy (N% accurate),2100670087128846603,72.7
accuracy (N% accurate),2100595037696643216,74.0
accuracy (N% accurate),2100659608339505176,54.0
accuracy (N% accurate),2100577384554516828,50.0
accuracy (N% accurate),2100674189086581239,0.8
accuracy (N% accurate),2100343452865265747,100.0
accuracy (N% accurate),2100279230089081333,6.0
accuracy (N% accurate),2100160864464642478,86.0
accuracy (N% accurate),2100322461497823638,2.0
accuracy (N% accurate),2100322461497823638,96.0
accuracy (N% accurate),2100111398277959715,96.5
accuracy (N% accurate),2100135954312786047,12.0
accuracy (N% accurate),2100335103193022592,68.0
accuracy (N% accurate),2100310676556464347,95.0
accuracy (N% accurate),2100310676556464347,100.0
accuracy (N% accurate),2100111408176546261,89.0
"latency (N ms or N s), in ms",2102607147628720365,500.0
"latency (N ms or N s), in ms",2102570286810099997,40.0
"latency (N ms or N s), in ms",2102570286810099997,50.0
"latency (N ms or N s), in ms",2102570286810099997,300.0
"latency (N ms or N s), in ms",2102578718824931766,700.0
"latency (N ms or N s), in ms",2102625753225691478,500.0
"latency (N ms or N s), in ms",2102592197476626486,4000.0
"latency (N ms or N s), in ms",2102691174708359245,100.0
"latency (N ms or N s), in ms",2102574797272068431,235.0
"latency (N ms or N s), in ms",2102574797272068431,497.0
"latency (N ms or N s), in ms",2102610832043765927,80000.0
"latency (N ms or N s), in ms",2102696851229323280,60.0
"latency (N ms or N s), in ms",2102566148982350256,408.0
"latency (N ms or N s), in ms",2102566148982350256,1041.0
"latency (N ms or N s), in ms",2102553760547602688,8300.0
"latency (N ms or N s), in ms",2102578820104470888,250.0
"latency (N ms or N s), in ms",2102617528287596906,3000.0
"latency (N ms or N s), in ms",2102607123825721731,235.0
"latency (N ms or N s), in ms",2102606290753114439,63.0
"latency (N ms or N s), in ms",2102629106856956191,9700.0
"latency (N ms or N s), in ms",2102558351091523926,3350.0
"latency (N ms or N s), in ms",2102568532580220991,168.0
"latency (N ms or N s), in ms",2102642749757637005,630.0
"latency (N ms or N s), in ms",2102633943891857663,10300.0
"latency (N ms or N s), in ms",2102633943891857663,2300.0
"latency (N ms or N s), in ms",2102506677094482115,1000.0
"latency (N ms or N s), in ms",2102423007494889785,1000.0
"latency (N ms or N s), in ms",2102196455289335872,200.0
"latency (N ms or N s), in ms",2102418156891361755,239.0
"latency (N ms or N s), in ms",2102380673030123933,1388.0
"latency (N ms or N s), in ms",2102380673030123933,10375.0
"latency (N ms or N s), in ms",2102232629902819580,30000.0
"latency (N ms or N s), in ms",2102465620671406228,336.0
"latency (N ms or N s), in ms",2102317476814246126,384.0
"latency (N ms or N s), in ms",2102391212720402925,250.0
"latency (N ms or N s), in ms",2102305365459394658,700.0
"latency (N ms or N s), in ms",2102328241298010306,1500.0
"latency (N ms or N s), in ms",2102370796245299546,19.0
"latency (N ms or N s), in ms",2102539690540679222,3.0
"latency (N ms or N s), in ms",2102534747801129251,300.0
"latency (N ms or N s), in ms",2102532231369797965,301.0
"latency (N ms or N s), in ms",2102532231369797965,101.0
"latency (N ms or N s), in ms",2102213706059051162,300.0
"latency (N ms or N s), in ms",2102337670525677622,400.0
"latency (N ms or N s), in ms",2102383572543746103,7100.0
"latency (N ms or N s), in ms",2102383572543746103,5600.0
"latency (N ms or N s), in ms",2102386533214912969,15700.0
"latency (N ms or N s), in ms",2102259575613538607,300.0
"latency (N ms or N s), in ms",2102474978054885452,400.0
"latency (N ms or N s), in ms",2102534648920260676,200.0
"latency (N ms or N s), in ms",2102534648920260676,2600.0
"latency (N ms or N s), in ms",2102190208498471368,280.0
"latency (N ms or N s), in ms",2102190208498471368,530.0
"latency (N ms or N s), in ms",2102420081753919684,300.0
"latency (N ms or N s), in ms",2102370564291863027,305.0
"latency (N ms or N s), in ms",2102289186560589852,750.0
"latency (N ms or N s), in ms",2102347656634700041,1000.0
"latency (N ms or N s), in ms",2102514026886414693,230.0
"latency (N ms or N s), in ms",2102343304620707934,65.0
"latency (N ms or N s), in ms",2102366160260108772,240.0
"latency (N ms or N s), in ms",2102366160260108772,20.0
"latency (N ms or N s), in ms",2102350647429411005,182.0
"latency (N ms or N s), in ms",2102342239901077845,117.0
"latency (N ms or N s), in ms",2102222760131101044,343.0
"latency (N ms or N s), in ms",2102325336893706329,540.0
"latency (N ms or N s), in ms",2102323990320775197,23.0
"latency (N ms or N s), in ms",2102383106409824305,17.0
"latency (N ms or N s), in ms",2102480665401049501,600.0
"latency (N ms or N s), in ms",2102362736839512538,392.0
"latency (N ms or N s), in ms",2102362736839512538,676.0
"latency (N ms or N s), in ms",2102266716386705628,5000.0
"latency (N ms or N s), in ms",2102364625794642111,350.0
"latency (N ms or N s), in ms",2102384921012785583,150.0
"latency (N ms or N s), in ms",2102384921012785583,200.0
"latency (N ms or N s), in ms",2102394348897984599,44.0
"latency (N ms or N s), in ms",2102394348897984599,454.0
"latency (N ms or N s), in ms",2102243060189147353,1000.0
"latency (N ms or N s), in ms",2102202098968666432,710.0
"latency (N ms or N s), in ms",2102202098968666432,30.0
"latency (N ms or N s), in ms",2102394996070433094,90.0
"latency (N ms or N s), in ms",2102254799156650025,41000.0
"latency (N ms or N s), in ms",2102489773185147295,3141.5899999999997
"latency (N ms or N s), in ms",2102396959520964819,9200.0
"latency (N ms or N s), in ms",2102396959520964819,15.0
"latency (N ms or N s), in ms",2102343847598752216,45.0
"latency (N ms or N s), in ms",2102307496971182351,20.0
"latency (N ms or N s), in ms",2102307496971182351,58.0
"latency (N ms or N s), in ms",2102306964239966253,400.0
"latency (N ms or N s), in ms",2102082148866130323,81.0
"latency (N ms or N s), in ms",2102068383617278134,200.0
"latency (N ms or N s), in ms",2102021706613473287,15.3
"latency (N ms or N s), in ms",2102021706613473287,298.1
"latency (N ms or N s), in ms",2102042713160028244,60000.0
"latency (N ms or N s), in ms",2101823975349244095,385.0
"latency (N ms or N s), in ms",2101823975349244095,13.7
"latency (N ms or N s), in ms",2102000526489702733,245.0
"latency (N ms or N s), in ms",2102000526489702733,460.0
"latency (N ms or N s), in ms",2101938912423735654,40000.0
"latency (N ms or N s), in ms",2102112154875056387,5420.0
"latency (N ms or N s), in ms",2102112154875056387,8790.0
"latency (N ms or N s), in ms",2101934692782227506,76000.0
"latency (N ms or N s), in ms",2102081664646029722,55000.0
"latency (N ms or N s), in ms",2102081664646029722,25.0
"latency (N ms or N s), in ms",2102052409950515654,190.0
"latency (N ms or N s), in ms",2102035137848381455,180.0
"latency (N ms or N s), in ms",2101927214820499627,15.0
"latency (N ms or N s), in ms",2102131227709018353,21600.0
"latency (N ms or N s), in ms",2101838621531603029,209.0
"latency (N ms or N s), in ms",2101825541728854156,19.0
"latency (N ms or N s), in ms",2101825541728854156,300.0
"latency (N ms or N s), in ms",2102046164916764901,32.6
"latency (N ms or N s), in ms",2102051917836812621,620.0
"latency (N ms or N s), in ms",2102148123590263094,61.0
"latency (N ms or N s), in ms",2102131162386710885,130.0
"latency (N ms or N s), in ms",2101930363446587435,827.0
"latency (N ms or N s), in ms",2102081157332353131,440.0
"latency (N ms or N s), in ms",2102081157332353131,2160.0
"latency (N ms or N s), in ms",2102014071557996621,2.44
"latency (N ms or N s), in ms",2102080664527044940,141.7
"latency (N ms or N s), in ms",2102080664527044940,12000.0
"latency (N ms or N s), in ms",2102167087309369731,0.1
"latency (N ms or N s), in ms",2102048463634526637,70.0
"latency (N ms or N s), in ms",2102048463634526637,650.0
"latency (N ms or N s), in ms",2102040878231491055,5900.0
"latency (N ms or N s), in ms",2102040878231491055,9500.0
"latency (N ms or N s), in ms",2102033296523661423,36.0
"latency (N ms or N s), in ms",2102060645151539305,1200.0
"latency (N ms or N s), in ms",2102073471664537677,100.0
"latency (N ms or N s), in ms",2102118723129843866,250.0
"latency (N ms or N s), in ms",2102019991868465626,208.0
"latency (N ms or N s), in ms",2102171891410825520,100.0
"latency (N ms or N s), in ms",2101933239841820956,1300.0
"latency (N ms or N s), in ms",2102110628810813746,190.0
"latency (N ms or N s), in ms",2102125617177043039,22400.0
"latency (N ms or N s), in ms",2101959889606328403,724.0
"latency (N ms or N s), in ms",2101959889606328403,515.0
"latency (N ms or N s), in ms",2102061478438211812,430.0
"latency (N ms or N s), in ms",2102035394711949373,39000.0
"latency (N ms or N s), in ms",2101987335558824151,500.0
"latency (N ms or N s), in ms",2102134887012573213,300.0
"latency (N ms or N s), in ms",2102031737509269655,13000.0
"latency (N ms or N s), in ms",2101882683391352890,25000.0
"latency (N ms or N s), in ms",2102006594879844757,500.0
"latency (N ms or N s), in ms",2101942660680368367,430.0
"latency (N ms or N s), in ms",2102068488273822183,156.0
"latency (N ms or N s), in ms",2102103449722646987,9300.0
"latency (N ms or N s), in ms",2102036877930860633,887.0
"latency (N ms or N s), in ms",2102078920187363787,2500.0
"latency (N ms or N s), in ms",2102067083920216185,74.0
"latency (N ms or N s), in ms",2102067083920216185,85.0
"latency (N ms or N s), in ms",2102166644877307960,1000.0
"latency (N ms or N s), in ms",2101996047257972932,500.0
"latency (N ms or N s), in ms",2101960493036408955,300.0
"latency (N ms or N s), in ms",2102001356886176123,2000.0
"latency (N ms or N s), in ms",2101934790018773143,300.0
"latency (N ms or N s), in ms",2102100377927819570,327.0
"latency (N ms or N s), in ms",2102104889266683974,259.0
"latency (N ms or N s), in ms",2102063877009637564,400.0
"latency (N ms or N s), in ms",2102038708379603404,500.0
"latency (N ms or N s), in ms",2102104066361082291,100.0
"latency (N ms or N s), in ms",2101932748051239352,2452.0
"latency (N ms or N s), in ms",2102070512176291893,340.0
"latency (N ms or N s), in ms",2101932477967421771,250.0
"latency (N ms or N s), in ms",2101867415202152656,150.0
"latency (N ms or N s), in ms",2101929665434624118,58.3
"latency (N ms or N s), in ms",2102172259612000447,339000.0
"latency (N ms or N s), in ms",2102172259612000447,123900.0
"latency (N ms or N s), in ms",2102172259612000447,120700.0
"latency (N ms or N s), in ms",2101932654719299738,23000.0
"latency (N ms or N s), in ms",2101937286653096059,70.0
"latency (N ms or N s), in ms",2101937286653096059,500.0
"latency (N ms or N s), in ms",2102062482991001689,976.8
"latency (N ms or N s), in ms",2101913935805063443,500.0
"latency (N ms or N s), in ms",2102174798952493306,275.0
"latency (N ms or N s), in ms",2101854008851730881,500.0
"latency (N ms or N s), in ms",2102125921188913469,383.0
"latency (N ms or N s), in ms",2101937206063780084,290.0
"latency (N ms or N s), in ms",2102144095447883870,12000.0
"latency (N ms or N s), in ms",2102077373411733962,800.0
"latency (N ms or N s), in ms",2101878714917429488,400.0
"latency (N ms or N s), in ms",2101897187970171176,2000.0
"latency (N ms or N s), in ms",2102095610799079851,231.0
"latency (N ms or N s), in ms",2101865551798649142,800.0
"latency (N ms or N s), in ms",2101839059458969908,194.0
"latency (N ms or N s), in ms",2101997349283500225,100.0
"latency (N ms or N s), in ms",2102179160974151975,100.0
"latency (N ms or N s), in ms",2101940075072459255,200.0
"latency (N ms or N s), in ms",2101940075072459255,2000.0
"latency (N ms or N s), in ms",2102055249443983604,40.0
"latency (N ms or N s), in ms",2102053156829937785,500.0
"latency (N ms or N s), in ms",2101948951117352984,1000.0
"latency (N ms or N s), in ms",2102035995420221821,661.0
"latency (N ms or N s), in ms",2102027624964898869,1700.0
"latency (N ms or N s), in ms",2102086796045602954,138.0
"latency (N ms or N s), in ms",2101894950736793867,300.0
"latency (N ms or N s), in ms",2102161418015412548,59000.0
"latency (N ms or N s), in ms",2102050829763022908,64.0
"latency (N ms or N s), in ms",2101904234497343698,70.0
"latency (N ms or N s), in ms",2102089402226790698,6180.0
"latency (N ms or N s), in ms",2102124357934014931,100.0
"latency (N ms or N s), in ms",2101842395813888015,325.0
"latency (N ms or N s), in ms",2101929123526385998,254.0
"latency (N ms or N s), in ms",2102070534259261780,297.0
"latency (N ms or N s), in ms",2101675124747338229,9.0
"latency (N ms or N s), in ms",2101800600019124420,2000.0
"latency (N ms or N s), in ms",2101720980972519672,26000.0
"latency (N ms or N s), in ms",2101546714238980142,3800.0
"latency (N ms or N s), in ms",2101612373098610878,49.0
"latency (N ms or N s), in ms",2101493817409216889,20400.0
"latency (N ms or N s), in ms",2101688954114457752,24.8
"latency (N ms or N s), in ms",2101688954114457752,30.0
"latency (N ms or N s), in ms",2101467341577949248,5050.0
"latency (N ms or N s), in ms",2101616002119471163,7000.0
"latency (N ms or N s), in ms",2101616002119471163,550.0
"latency (N ms or N s), in ms",2101509756737462446,19520.0
"latency (N ms or N s), in ms",2101621822517338618,300.0
"latency (N ms or N s), in ms",2101692321364406600,277.0
"latency (N ms or N s), in ms",2101684349104247036,500.0
"latency (N ms or N s), in ms",2101794050781090153,5000.0
"latency (N ms or N s), in ms",2101656136793358457,280.0
"latency (N ms or N s), in ms",2101687438653497633,40000.0
"latency (N ms or N s), in ms",2101812945722499077,700.0
"latency (N ms or N s), in ms",2101470195428827493,130.0
"latency (N ms or N s), in ms",2101470195428827493,260.0
"latency (N ms or N s), in ms",2101705862008001011,25000.0
"latency (N ms or N s), in ms",2101582597591834742,1000.0
"latency (N ms or N s), in ms",2101710359593931066,9.0
"latency (N ms or N s), in ms",2101610761525096645,6000.0
"latency (N ms or N s), in ms",2101761144226824309,1100.0
"latency (N ms or N s), in ms",2101621510477844984,1360.0
"latency (N ms or N s), in ms",2101679703673454669,749.0
"latency (N ms or N s), in ms",2101644118686375956,100.0
"latency (N ms or N s), in ms",2101680888455246253,200.0
"latency (N ms or N s), in ms",2101808956180217886,120.0
"latency (N ms or N s), in ms",2101696417052103166,1700.0
"latency (N ms or N s), in ms",2101666897314054648,300.0
"latency (N ms or N s), in ms",2101718233292161254,700.0
"latency (N ms or N s), in ms",2101751793122189401,100.0
"latency (N ms or N s), in ms",2101746374798606715,1000.0
"latency (N ms or N s), in ms",2101574162817093655,1000.0
"latency (N ms or N s), in ms",2101716648386506797,400.0
"latency (N ms or N s), in ms",2101766059405824090,30.0
"latency (N ms or N s), in ms",2101478721903538348,800.0
"latency (N ms or N s), in ms",2101551850202001738,710.0
"latency (N ms or N s), in ms",2101765843898224910,8400.0
"latency (N ms or N s), in ms",2101657979078558074,40000.0
"latency (N ms or N s), in ms",2101813173728985346,35.0
"latency (N ms or N s), in ms",2101540497760161990,1000.0
"latency (N ms or N s), in ms",2101539730840330443,300.0
"latency (N ms or N s), in ms",2101766277350166783,33.0
"latency (N ms or N s), in ms",2101766663288852731,14.0
"latency (N ms or N s), in ms",2101681218232431052,380.0
"latency (N ms or N s), in ms",2101738552044535934,300.0
"latency (N ms or N s), in ms",2101710478799954144,500.0
"latency (N ms or N s), in ms",2101464964867260691,58.0
"latency (N ms or N s), in ms",2101689050688024823,9700.0
"latency (N ms or N s), in ms",2101719891740893400,1630.0
"latency (N ms or N s), in ms",2101620928753131743,200.0
"latency (N ms or N s), in ms",2101681862795997459,374.0
"latency (N ms or N s), in ms",2101663444265251293,10.0
"latency (N ms or N s), in ms",2101568159484661948,1.0
"latency (N ms or N s), in ms",2101791527580414102,50.0
"latency (N ms or N s), in ms",2101472089823932754,250.0
"latency (N ms or N s), in ms",2101472089823932754,7000.0
"latency (N ms or N s), in ms",2101676418040266818,4000.0
"latency (N ms or N s), in ms",2101780634423492740,431.0
"latency (N ms or N s), in ms",2101780634423492740,1242.0
"latency (N ms or N s), in ms",2101780634423492740,1699.0
"latency (N ms or N s), in ms",2101523309158343137,40000.0
"latency (N ms or N s), in ms",2101768880897007969,9370.0
"latency (N ms or N s), in ms",2101607180042424716,700.0
"latency (N ms or N s), in ms",2101570862508089785,335.0
"latency (N ms or N s), in ms",2101813425101791357,530.0
"latency (N ms or N s), in ms",2101794549135716518,7.18
"latency (N ms or N s), in ms",2101794549135716518,7.53
"latency (N ms or N s), in ms",2101767030852784340,100.0
"latency (N ms or N s), in ms",2101526616719675793,9000.0
"latency (N ms or N s), in ms",2101814135851720880,920.0
"latency (N ms or N s), in ms",2101568319736213952,1000.0
"latency (N ms or N s), in ms",2101479532515426468,6000.0
"latency (N ms or N s), in ms",2101597047635705987,20.6
"latency (N ms or N s), in ms",2101597047635705987,30.3
"latency (N ms or N s), in ms",2101597047635705987,157.0
"latency (N ms or N s), in ms",2101785784990970155,200.0
"latency (N ms or N s), in ms",2101694996563026404,530.0
"latency (N ms or N s), in ms",2101664149243666865,1000.0
"latency (N ms or N s), in ms",2101604635983421897,432.0
"latency (N ms or N s), in ms",2101568907366785297,10.5
"latency (N ms or N s), in ms",2101740657614393560,500.0
"latency (N ms or N s), in ms",2101584423347220897,476.0
"latency (N ms or N s), in ms",2101684736163000690,700.0
"latency (N ms or N s), in ms",2101635039322595415,28000.0
"latency (N ms or N s), in ms",2101474692783845870,425.0
"latency (N ms or N s), in ms",2101490498376769599,5000.0
"latency (N ms or N s), in ms",2101806676919890000,1100.0
"latency (N ms or N s), in ms",2101590587552227710,100.0
"latency (N ms or N s), in ms",2101591273794859486,1000.0
"latency (N ms or N s), in ms",2101800510844256368,300.0
"latency (N ms or N s), in ms",2101593650593759260,31200.0
"latency (N ms or N s), in ms",2101607957083435427,400.0
"latency (N ms or N s), in ms",2101605513490243702,47000.0
"latency (N ms or N s), in ms",2101206603240477030,12800.0
"latency (N ms or N s), in ms",2101388186916454439,620.0
"latency (N ms or N s), in ms",2101106887840370919,22.0
"latency (N ms or N s), in ms",2101198713834381716,1000.0
"latency (N ms or N s), in ms",2101367048223982065,1000.0
"latency (N ms or N s), in ms",2101285278782824735,300.0
"latency (N ms or N s), in ms",2101321056946446364,250.0
"latency (N ms or N s), in ms",2101276366855676227,114000.0
"latency (N ms or N s), in ms",2101212248954065184,900.0
"latency (N ms or N s), in ms",2101394993957274021,296.0
"latency (N ms or N s), in ms",2101323323947049288,31400.0
"latency (N ms or N s), in ms",2101456270909690202,38.0
"latency (N ms or N s), in ms",2101390628789625060,242.0
"latency (N ms or N s), in ms",2101390628789625060,433.0
"latency (N ms or N s), in ms",2101389360864129359,5000.0
"latency (N ms or N s), in ms",2101266427529564459,500.0
"latency (N ms or N s), in ms",2101428297062330489,1000.0
"latency (N ms or N s), in ms",2101106092897923163,17000.0
"latency (N ms or N s), in ms",2101141744452841777,3500.0
"latency (N ms or N s), in ms",2101431328365535695,345.0
"latency (N ms or N s), in ms",2101259333673836866,0.2
"latency (N ms or N s), in ms",2101263333374701631,360.0
"latency (N ms or N s), in ms",2101422210275762363,250.0
"latency (N ms or N s), in ms",2101393990944014588,700.0
"latency (N ms or N s), in ms",2101339474223607903,200.0
"latency (N ms or N s), in ms",2101372526513336330,100.0
"latency (N ms or N s), in ms",2101107781227147679,1.0
"latency (N ms or N s), in ms",2101353866725925083,70.0
"latency (N ms or N s), in ms",2101199688410312950,350.0
"latency (N ms or N s), in ms",2101182341981077954,295.0
"latency (N ms or N s), in ms",2101182341981077954,550.0
"latency (N ms or N s), in ms",2101380541215821857,1200.0
"latency (N ms or N s), in ms",2101380541215821857,300.0
"latency (N ms or N s), in ms",2101342591086452755,400.0
"latency (N ms or N s), in ms",2101395778686312726,200.0
"latency (N ms or N s), in ms",2101430997325869135,345.0
"latency (N ms or N s), in ms",2101369844230758403,400.0
"latency (N ms or N s), in ms",2101407992113410384,3800.0
"latency (N ms or N s), in ms",2101285134259589262,400.0
"latency (N ms or N s), in ms",2101252969198956955,300.0
"latency (N ms or N s), in ms",2101325959551238486,239.0
"latency (N ms or N s), in ms",2101325959551238486,60.0
"latency (N ms or N s), in ms",2101174407859511575,250.0
"latency (N ms or N s), in ms",2101413803678105744,31000.0
"latency (N ms or N s), in ms",2101402501002186777,15.0
"latency (N ms or N s), in ms",2101185462400643559,300.0
"latency (N ms or N s), in ms",2101315927593648436,250.0
"latency (N ms or N s), in ms",2101306528439664849,2800.0
"latency (N ms or N s), in ms",2101306528439664849,85.0
"latency (N ms or N s), in ms",2101286161385718091,27000.0
"latency (N ms or N s), in ms",2101110301693444123,9808.0
"latency (N ms or N s), in ms",2101446697536876623,463.0
"latency (N ms or N s), in ms",2101209643683107086,130000.0
"latency (N ms or N s), in ms",2101335377671782901,190.0
"latency (N ms or N s), in ms",2101335377671782901,2300.0
"latency (N ms or N s), in ms",2101272879409053944,316.0
"latency (N ms or N s), in ms",2101272879409053944,1350.0
"latency (N ms or N s), in ms",2101221724507529244,882.0
"latency (N ms or N s), in ms",2101413954211758226,388.0
"latency (N ms or N s), in ms",2101321144179831047,400.0
"latency (N ms or N s), in ms",2101275691308470686,300.0
"latency (N ms or N s), in ms",2101424882315669818,329.0
"latency (N ms or N s), in ms",2101261981114142871,100.0
"latency (N ms or N s), in ms",2101277651780452542,900.0
"latency (N ms or N s), in ms",2101131500653609312,2000.0
"latency (N ms or N s), in ms",2101311135030878558,352.0
"latency (N ms or N s), in ms",2101382613332381914,21000.0
"latency (N ms or N s), in ms",2101405415384764633,300.0
"latency (N ms or N s), in ms",2101164286865224162,90000.0
"latency (N ms or N s), in ms",2101217951089402347,83000.0
"latency (N ms or N s), in ms",2101230393546457489,27000.0
"latency (N ms or N s), in ms",2101230393546457489,70000.0
"latency (N ms or N s), in ms",2101248891555324047,350.0
"latency (N ms or N s), in ms",2101345668623216863,700.0
"latency (N ms or N s), in ms",2101345668623216863,84000.0
"latency (N ms or N s), in ms",2101303285168664622,41000.0
"latency (N ms or N s), in ms",2101149152457748821,677.0
"latency (N ms or N s), in ms",2101242934758871194,1400.0
"latency (N ms or N s), in ms",2101301592636936243,200.0
"latency (N ms or N s), in ms",2101436322233618773,283.0
"latency (N ms or N s), in ms",2101288084235076059,350.0
"latency (N ms or N s), in ms",2101350062656045089,2500.0
"latency (N ms or N s), in ms",2101242244552626581,1400.0
"latency (N ms or N s), in ms",2101291365053407353,360.0
"latency (N ms or N s), in ms",2101148322685657213,2000.0
"latency (N ms or N s), in ms",2101143499194151288,200.0
"latency (N ms or N s), in ms",2101249350601171378,18.4
"latency (N ms or N s), in ms",2101324063742235026,200.0
"latency (N ms or N s), in ms",2101277928491249704,295.0
"latency (N ms or N s), in ms",2101277928491249704,550.0
"latency (N ms or N s), in ms",2101284077114413408,29.0
"latency (N ms or N s), in ms",2101377808643576149,7600.0
"latency (N ms or N s), in ms",2101309135262208501,380.0
"latency (N ms or N s), in ms",2101216386790154678,150.0
"latency (N ms or N s), in ms",2101321666219381082,497.0
"latency (N ms or N s), in ms",2101129105676861621,200.0
"latency (N ms or N s), in ms",2101450867576852887,200.0
"latency (N ms or N s), in ms",2101309961351684475,389.0
"latency (N ms or N s), in ms",2101320917179933020,83.0
"latency (N ms or N s), in ms",2101320917179933020,399.0
"latency (N ms or N s), in ms",2101390179504451724,13600.0
"latency (N ms or N s), in ms",2101314158612672740,600.0
"latency (N ms or N s), in ms",2101439046606361011,300.0
"latency (N ms or N s), in ms",2101143279505162551,6000.0
"latency (N ms or N s), in ms",2101126289910349944,150.0
"latency (N ms or N s), in ms",2101252635982537033,25000.0
"latency (N ms or N s), in ms",2101366772653846709,200.0
"latency (N ms or N s), in ms",2101366772653846709,300.0
"latency (N ms or N s), in ms",2101313052591202732,262.0
"latency (N ms or N s), in ms",2101421569990160622,132400.0
"latency (N ms or N s), in ms",2101357512964346304,1370.0
"latency (N ms or N s), in ms",2101387293135077469,160.0
"latency (N ms or N s), in ms",2101368591522164917,0.8
"latency (N ms or N s), in ms",2101203886505648638,395.0
"latency (N ms or N s), in ms",2101335489923977304,3390.0
"latency (N ms or N s), in ms",2101139990491353548,5000.0
"latency (N ms or N s), in ms",2101418728051314972,150.0
"latency (N ms or N s), in ms",2100739055923425589,1000.0
"latency (N ms or N s), in ms",2101018783976722479,45100.0
"latency (N ms or N s), in ms",2100951347080421409,24900.0
"latency (N ms or N s), in ms",2101000339948282090,28000.0
"latency (N ms or N s), in ms",2100780008193020049,100.0
"latency (N ms or N s), in ms",2100891604735099103,40000.0
"latency (N ms or N s), in ms",2100939189869002819,19000.0
"latency (N ms or N s), in ms",2100757989212754085,406.0
"latency (N ms or N s), in ms",2100966529470713892,679.0
"latency (N ms or N s), in ms",2100778083108204580,40000.0
"latency (N ms or N s), in ms",2100793182438985991,256.0
"latency (N ms or N s), in ms",2101043617649340678,53000.0
"latency (N ms or N s), in ms",2101040416300630033,300.0
"latency (N ms or N s), in ms",2100999697456660934,40.0
"latency (N ms or N s), in ms",2101015355133227348,70.0
"latency (N ms or N s), in ms",2101015355133227348,500.0
"latency (N ms or N s), in ms",2101091398447505567,500.0
"latency (N ms or N s), in ms",2100953553917313180,1000.0
"latency (N ms or N s), in ms",2100870244004683886,1500.0
"latency (N ms or N s), in ms",2100870244004683886,1520.0
"latency (N ms or N s), in ms",2101086064098279894,65000.0
"latency (N ms or N s), in ms",2101086064098279894,124000.0
"latency (N ms or N s), in ms",2100833538224668699,150.0
"latency (N ms or N s), in ms",2100965562977300548,182.0
"latency (N ms or N s), in ms",2100847239438508478,200.0
"latency (N ms or N s), in ms",2100781601705939251,7000.0
"latency (N ms or N s), in ms",2101017732913529326,100.0
"latency (N ms or N s), in ms",2100858880548864358,6.0
"latency (N ms or N s), in ms",2100970015977804008,3710.0
"latency (N ms or N s), in ms",2100970015977804008,54450.0
"latency (N ms or N s), in ms",2100946643109421457,300.0
"latency (N ms or N s), in ms",2100867674901561697,70.0
"latency (N ms or N s), in ms",2100867674901561697,500.0
"latency (N ms or N s), in ms",2100907300932219347,1000.0
"latency (N ms or N s), in ms",2100788979759231192,4080.0
"latency (N ms or N s), in ms",2100944650945298529,15000.0
"latency (N ms or N s), in ms",2100817199686619348,280.0
"latency (N ms or N s), in ms",2100873512760283567,100.0
"latency (N ms or N s), in ms",2100970810483823086,150.0
"latency (N ms or N s), in ms",2101035220044542421,73.0
"latency (N ms or N s), in ms",2100862456037879861,8.0
"latency (N ms or N s), in ms",2100987079488409741,500.0
"latency (N ms or N s), in ms",2101023899265692100,200.0
"latency (N ms or N s), in ms",2100962406344409190,105.0
"latency (N ms or N s), in ms",2100882724068491471,1435.0
"latency (N ms or N s), in ms",2100749261310763276,200.0
"latency (N ms or N s), in ms",2100762277846921611,250.0
"latency (N ms or N s), in ms",2100963424163307712,280.0
"latency (N ms or N s), in ms",2100749962682458366,87000.0
"latency (N ms or N s), in ms",2101078507531223130,36.0
"latency (N ms or N s), in ms",2101050585021886597,150.0
"latency (N ms or N s), in ms",2100740085188853850,18000.0
"latency (N ms or N s), in ms",2100766495240270157,1320.0
"latency (N ms or N s), in ms",2100897652342988901,2700.0
"latency (N ms or N s), in ms",2100844775650025745,1820.0
"latency (N ms or N s), in ms",2100815358232031381,1000.0
"latency (N ms or N s), in ms",2100824325221703700,1000.0
"latency (N ms or N s), in ms",2100858233996898404,611.0
"latency (N ms or N s), in ms",2100850609805209753,780.0
"latency (N ms or N s), in ms",2100975114753892550,300.0
"latency (N ms or N s), in ms",2100817301348262301,1000.0
"latency (N ms or N s), in ms",2101085488665014685,1000.0
"latency (N ms or N s), in ms",2100964585595687128,105.0
"latency (N ms or N s), in ms",2100822293803143208,250.0
"latency (N ms or N s), in ms",2100822293803143208,110.0
"latency (N ms or N s), in ms",2100937732012822897,200.0
"latency (N ms or N s), in ms",2100841146696032591,400.0
"latency (N ms or N s), in ms",2100963528261751073,200.0
"latency (N ms or N s), in ms",2101045885257843001,240.0
"latency (N ms or N s), in ms",2101005942913729001,300.0
"latency (N ms or N s), in ms",2100809471908069798,400.0
"latency (N ms or N s), in ms",2100979294306488814,1000.0
"latency (N ms or N s), in ms",2100978154194038988,100.0
"latency (N ms or N s), in ms",2100978154194038988,200.0
"latency (N ms or N s), in ms",2100974639367520624,380.0
"latency (N ms or N s), in ms",2100979161196052855,2000.0
"latency (N ms or N s), in ms",2100950317852455039,300.0
"latency (N ms or N s), in ms",2100996527925694594,10000.0
"latency (N ms or N s), in ms",2100915977978581235,2100.0
"latency (N ms or N s), in ms",2101046650516943093,200.0
"latency (N ms or N s), in ms",2100937350557978745,150.0
"latency (N ms or N s), in ms",2100937350557978745,400.0
"latency (N ms or N s), in ms",2100899181120360693,1000.0
"latency (N ms or N s), in ms",2100754463933788660,200.0
"latency (N ms or N s), in ms",2100930213781676463,290.0
"latency (N ms or N s), in ms",2100996125272740219,300.0
"latency (N ms or N s), in ms",2100898261997437110,650.0
"latency (N ms or N s), in ms",2100901254633574668,300.0
"latency (N ms or N s), in ms",2101039352461525133,350.0
"latency (N ms or N s), in ms",2100794526575280274,831.0
"latency (N ms or N s), in ms",2101029196713914490,229.0
"latency (N ms or N s), in ms",2100963480027480457,650.0
"latency (N ms or N s), in ms",2100782563035959652,1300.0
"latency (N ms or N s), in ms",2100761008352493918,800.0
"latency (N ms or N s), in ms",2100751155530006945,5000.0
"latency (N ms or N s), in ms",2100973441520107766,320.0
"latency (N ms or N s), in ms",2101040766613102799,300.0
"latency (N ms or N s), in ms",2101087590661414975,3000.0
"latency (N ms or N s), in ms",2100775477946241224,40000.0
"latency (N ms or N s), in ms",2100775477946241224,5000.0
"latency (N ms or N s), in ms",2100947963484979686,840.0
"latency (N ms or N s), in ms",2100753795806363730,660.0
"latency (N ms or N s), in ms",2100760534987464875,4300.0
"latency (N ms or N s), in ms",2100972486208950417,3000.0
"latency (N ms or N s), in ms",2100968425967493414,70.0
"latency (N ms or N s), in ms",2100968425967493414,500.0
"latency (N ms or N s), in ms",2100942079706702271,2800.0
"latency (N ms or N s), in ms",2100877439350272505,19900.0
"latency (N ms or N s), in ms",2100890272158691595,4000.0
"latency (N ms or N s), in ms",2100890272158691595,77000.0
"latency (N ms or N s), in ms",2100977720670728556,285.0
"latency (N ms or N s), in ms",2100796109534765354,150.0
"latency (N ms or N s), in ms",2100971155297603662,80.0
"latency (N ms or N s), in ms",2100948486006911177,71.0
"latency (N ms or N s), in ms",2100762574434521488,682.5
"latency (N ms or N s), in ms",2100989012966031417,200.0
"latency (N ms or N s), in ms",2100989012966031417,500.0
"latency (N ms or N s), in ms",2100812497146266049,1000.0
"latency (N ms or N s), in ms",2100411066966749359,7000.0
"latency (N ms or N s), in ms",2100679300756435135,1000.0
"latency (N ms or N s), in ms",2100679300756435135,6.0
"latency (N ms or N s), in ms",2100650582662930648,200.0
"latency (N ms or N s), in ms",2100474943154827344,5000.0
"latency (N ms or N s), in ms",2100426999546184123,256.0
"latency (N ms or N s), in ms",2100473581251748216,415.0
"latency (N ms or N s), in ms",2100631665336836308,2000.0
"latency (N ms or N s), in ms",2100570517954838897,700.0
"latency (N ms or N s), in ms",2100705558512963602,100.0
"latency (N ms or N s), in ms",2100731856941732334,250.0
"latency (N ms or N s), in ms",2100731856941732334,2600.0
"latency (N ms or N s), in ms",2100577979021832365,300.0
"latency (N ms or N s), in ms",2100457614073327754,500.0
"latency (N ms or N s), in ms",2100516521068130696,400.0
"latency (N ms or N s), in ms",2100484792114372737,76.0
"latency (N ms or N s), in ms",2100484792114372737,282.0
"latency (N ms or N s), in ms",2100608556823388486,224.0
"latency (N ms or N s), in ms",2100627898436571555,2000.0
"latency (N ms or N s), in ms",2100646513412292873,200.0
"latency (N ms or N s), in ms",2100614659690713543,1420.0
"latency (N ms or N s), in ms",2100735977262141735,1000.0
"latency (N ms or N s), in ms",2100602714204049588,415.0
"latency (N ms or N s), in ms",2100497721367175312,700.0
"latency (N ms or N s), in ms",2100631847155994852,90.0
"latency (N ms or N s), in ms",2100576115429699603,200.0
"latency (N ms or N s), in ms",2100541401318490145,300.0
"latency (N ms or N s), in ms",2100709093656649933,200.0
"latency (N ms or N s), in ms",2100689091058921635,1000.0
"latency (N ms or N s), in ms",2100540852074406332,300.0
"latency (N ms or N s), in ms",2100614940616720884,216.0
"latency (N ms or N s), in ms",2100677168435224678,110.0
"latency (N ms or N s), in ms",2100532149002858800,663.0
"latency (N ms or N s), in ms",2100598991306260895,163.0
"latency (N ms or N s), in ms",2100634777032298583,100.0
"latency (N ms or N s), in ms",2100497307112452332,700.0
"latency (N ms or N s), in ms",2100603303642153020,1100.0
"latency (N ms or N s), in ms",2100384606818333011,250.0
"latency (N ms or N s), in ms",2100549517171175807,1000.0
"latency (N ms or N s), in ms",2100725570590126399,141.0
"latency (N ms or N s), in ms",2100405456187564201,100.0
"latency (N ms or N s), in ms",2100569308225241170,250.0
"latency (N ms or N s), in ms",2100568907698307154,576.0
"latency (N ms or N s), in ms",2100597575829385694,1500.0
"latency (N ms or N s), in ms",2100470176278016490,1000.0
"latency (N ms or N s), in ms",2100626348725207104,330.0
"latency (N ms or N s), in ms",2100706370765099124,900.0
"latency (N ms or N s), in ms",2100480470043763085,1000.0
"latency (N ms or N s), in ms",2100474445525639231,337.0
"latency (N ms or N s), in ms",2100474445525639231,700.0
"latency (N ms or N s), in ms",2100628875935932772,259.9
"latency (N ms or N s), in ms",2100521357679186355,466.0
"latency (N ms or N s), in ms",2100603807894053252,5400.0
"latency (N ms or N s), in ms",2100639390468833379,500.0
"latency (N ms or N s), in ms",2100458351440048258,37000.0
"latency (N ms or N s), in ms",2100633299794481343,120.0
"latency (N ms or N s), in ms",2100579680428736981,377.0
"latency (N ms or N s), in ms",2100454527841529856,2840.0
"latency (N ms or N s), in ms",2100681306195767667,595.0
"latency (N ms or N s), in ms",2100735712496644312,9000.0
"latency (N ms or N s), in ms",2100593904949096696,2000.0
"latency (N ms or N s), in ms",2100705147282428130,150000.0
"latency (N ms or N s), in ms",2100476853920129024,180.0
"latency (N ms or N s), in ms",2100544757248278933,1480.0
"latency (N ms or N s), in ms",2100489704915481039,300.0
"latency (N ms or N s), in ms",2100457458514976840,370.0
"latency (N ms or N s), in ms",2100494363742945703,398.0
"latency (N ms or N s), in ms",2100494363742945703,520.0
"latency (N ms or N s), in ms",2100397782322364792,317.0
"latency (N ms or N s), in ms",2100397782322364792,6520.0
"latency (N ms or N s), in ms",2100611038357901563,301.0
"latency (N ms or N s), in ms",2100723829257421230,1280.0
"latency (N ms or N s), in ms",2100723829257421230,213.0
"latency (N ms or N s), in ms",2100626286687211589,640.0
"latency (N ms or N s), in ms",2100470056316776553,417.0
"latency (N ms or N s), in ms",2100635102464069714,2020.0
"latency (N ms or N s), in ms",2100635102464069714,24290.0
"latency (N ms or N s), in ms",2100411517099495695,145.0
"latency (N ms or N s), in ms",2100411517099495695,271.0
"latency (N ms or N s), in ms",2100708833744359924,131.0
"latency (N ms or N s), in ms",2100708833744359924,333.0
"latency (N ms or N s), in ms",2100606459872428207,880.0
"latency (N ms or N s), in ms",2100606459872428207,16200.0
"latency (N ms or N s), in ms",2100606459872428207,3140.0
"latency (N ms or N s), in ms",2100720724797280336,48000.0
"latency (N ms or N s), in ms",2100729086620680651,9500.0
"latency (N ms or N s), in ms",2100410016054247493,170.0
"latency (N ms or N s), in ms",2100541000963809326,318.0
"latency (N ms or N s), in ms",2100727992301301989,50000.0
"latency (N ms or N s), in ms",2100708883010330909,200.0
"latency (N ms or N s), in ms",2100725560687087905,527.0
"latency (N ms or N s), in ms",2100616631667802426,100.0
"latency (N ms or N s), in ms",2100587131898912915,400.0
"latency (N ms or N s), in ms",2100578362674839844,1000.0
"latency (N ms or N s), in ms",2100474704989397045,3280.0
"latency (N ms or N s), in ms",2100552300804657436,2000.0
"latency (N ms or N s), in ms",2100662692826546395,127.0
"latency (N ms or N s), in ms",2100688098070028562,1120.0
"latency (N ms or N s), in ms",2100688098070028562,4420.0
"latency (N ms or N s), in ms",2100662520105361564,4800.0
"latency (N ms or N s), in ms",2100284068763992396,10000.0
"latency (N ms or N s), in ms",2100186642854101416,383.0
"latency (N ms or N s), in ms",2100360029366784320,1000.0
"latency (N ms or N s), in ms",2100244126335737899,1500.0
"latency (N ms or N s), in ms",2100111398277959715,325.0
"latency (N ms or N s), in ms",2100324308635591024,100.0
"latency (N ms or N s), in ms",2100324308635591024,450.0
dollar amount ($N or N¢),2102654198907068515,0.09
dollar amount ($N or N¢),2102607147628720365,0.003
dollar amount ($N or N¢),2102625753225691478,0.01
dollar amount ($N or N¢),2102662500315705421,0.37
dollar amount ($N or N¢),2102610832043765927,0.04
dollar amount ($N or N¢),2102553760547602688,0.045
dollar amount ($N or N¢),2102578820104470888,0.01
dollar amount ($N or N¢),2102641360595730549,0.001
dollar amount ($N or N¢),2102617528287596906,0.5
dollar amount ($N or N¢),2102552901399044205,0.0001
dollar amount ($N or N¢),2102607123825721731,0.0059
dollar amount ($N or N¢),2102629106856956191,0.01
dollar amount ($N or N¢),2102578007546437967,3.13
dollar amount ($N or N¢),2102558351091523926,0.013999999999999999
dollar amount ($N or N¢),2102568532580220991,0.05
dollar amount ($N or N¢),2102709070985895973,2.5
dollar amount ($N or N¢),2102643635099402595,0.04
dollar amount ($N or N¢),2102265179543400907,0.32
dollar amount ($N or N¢),2102417420300468735,65.0
dollar amount ($N or N¢),2102417420300468735,8730.0
dollar amount ($N or N¢),2102524775470084280,2.0
dollar amount ($N or N¢),2102278833433153577,5.0
dollar amount ($N or N¢),2102442969752367389,0.78
dollar amount ($N or N¢),2102196455289335872,0.0
dollar amount ($N or N¢),2102352212920061969,0.01
dollar amount ($N or N¢),2102484373748732399,0.077
dollar amount ($N or N¢),2102417833535643652,760.0
dollar amount ($N or N¢),2102251573627982243,0.0001
dollar amount ($N or N¢),2102190191419281826,0.63
dollar amount ($N or N¢),2102359122754834650,0.0008
dollar amount ($N or N¢),2102381113230692353,0.66
dollar amount ($N or N¢),2102390247061348713,71.0
dollar amount ($N or N¢),2102532908628287791,0.0008
dollar amount ($N or N¢),2102391900820963699,2.0
dollar amount ($N or N¢),2102515926994387400,7.25
dollar amount ($N or N¢),2102374855022883293,0.023
dollar amount ($N or N¢),2102198428176711787,0.036
dollar amount ($N or N¢),2102198428176711787,0.037
dollar amount ($N or N¢),2102305668351086736,0.3
dollar amount ($N or N¢),2102357410337943657,2.84
dollar amount ($N or N¢),2102396695430746331,0.08
dollar amount ($N or N¢),2102386533214912969,0.41
dollar amount ($N or N¢),2102487659587477773,0.0
dollar amount ($N or N¢),2102453780512211046,0.0003
dollar amount ($N or N¢),2102374909540520055,0.37
dollar amount ($N or N¢),2102534648920260676,0.08
dollar amount ($N or N¢),2102249844756951427,0.01
dollar amount ($N or N¢),2102249529021976887,0.0039
dollar amount ($N or N¢),2102370564291863027,0.04
dollar amount ($N or N¢),2102289186560589852,0.0015
dollar amount ($N or N¢),2102328454469337189,0.0155
dollar amount ($N or N¢),2102392938097745976,0.0001
dollar amount ($N or N¢),2102350647429411005,0.005
dollar amount ($N or N¢),2102501362147770804,0.01
dollar amount ($N or N¢),2102392470898352612,0.37
dollar amount ($N or N¢),2102332190986248294,3.19
dollar amount ($N or N¢),2102331969434681719,0.17
dollar amount ($N or N¢),2102398538168811546,0.43
dollar amount ($N or N¢),2102266716386705628,0.004
dollar amount ($N or N¢),2102364625794642111,0.009
dollar amount ($N or N¢),2102213990562885827,0.0001
dollar amount ($N or N¢),2102384921012785583,0.0015
dollar amount ($N or N¢),2102243060189147353,0.0004
dollar amount ($N or N¢),2102331927013519374,17.0
dollar amount ($N or N¢),2102202098968666432,0.0004
dollar amount ($N or N¢),2102310372938297626,1.0
dollar amount ($N or N¢),2102254799156650025,2.7
dollar amount ($N or N¢),2102270399442780642,0.004
dollar amount ($N or N¢),2102367309834678744,0.006
dollar amount ($N or N¢),2102306964239966253,7.000000000000001e-05
dollar amount ($N or N¢),2102308078544937020,0.006
dollar amount ($N or N¢),2102308078544937020,0.0065
dollar amount ($N or N¢),2102137061490794730,2.7
dollar amount ($N or N¢),2102042713160028244,1.3
dollar amount ($N or N¢),2101938912423735654,0.09
dollar amount ($N or N¢),2102066232383979749,0.14
dollar amount ($N or N¢),2101934692782227506,0.0454
dollar amount ($N or N¢),2102053588818444542,0.0016
dollar amount ($N or N¢),2101863872986841371,0.1
dollar amount ($N or N¢),2102043849820450880,42.0
dollar amount ($N or N¢),2102077670788042844,0.0015
dollar amount ($N or N¢),2102035137848381455,0.0
dollar amount ($N or N¢),2102033481266319856,0.15
dollar amount ($N or N¢),2102131227709018353,0.37
dollar amount ($N or N¢),2101854380408672401,0.0039
dollar amount ($N or N¢),2102045236851548503,0.0056
dollar amount ($N or N¢),2102045236851548503,0.896
dollar amount ($N or N¢),2101831051597259103,0.0001
dollar amount ($N or N¢),2102098368486838380,0.0011
dollar amount ($N or N¢),2102148123590263094,0.02
dollar amount ($N or N¢),2102148123590263094,1.21
dollar amount ($N or N¢),2102057613655454184,0.0612
dollar amount ($N or N¢),2102008701754409204,0.22
dollar amount ($N or N¢),2101999493965398187,0.01
dollar amount ($N or N¢),2102060645151539305,0.11
dollar amount ($N or N¢),2102118723129843866,0.0003
dollar amount ($N or N¢),2102036888756371605,0.41
dollar amount ($N or N¢),2102075332014624819,1.0
dollar amount ($N or N¢),2102125617177043039,3.1
dollar amount ($N or N¢),2102084948455014569,1.0
dollar amount ($N or N¢),2101959889606328403,0.0206
dollar amount ($N or N¢),2102035917217157543,0.0044
dollar amount ($N or N¢),2102061478438211812,0.0005
dollar amount ($N or N¢),2102035394711949373,0.27
dollar amount ($N or N¢),2101863835300978909,0.0026
dollar amount ($N or N¢),2101851724000743852,0.09
dollar amount ($N or N¢),2102081953981755518,0.045
dollar amount ($N or N¢),2102134887012573213,0.001
dollar amount ($N or N¢),2102083627836219731,0.016
dollar amount ($N or N¢),2102083627836219731,0.027
dollar amount ($N or N¢),2102039586092310903,3.0
dollar amount ($N or N¢),2102094902779884016,300000.0
dollar amount ($N or N¢),2102094902779884016,30000.0
dollar amount ($N or N¢),2102094902779884016,300.0
dollar amount ($N or N¢),2101882683391352890,0.4
dollar amount ($N or N¢),2102006594879844757,0.0001
dollar amount ($N or N¢),2101942660680368367,0.0005
dollar amount ($N or N¢),2101968117064945718,0.21
dollar amount ($N or N¢),2101968117064945718,1.43
dollar amount ($N or N¢),2101968117064945718,43.0
dollar amount ($N or N¢),2101902757573828982,1.0
dollar amount ($N or N¢),2101902757573828982,0.01
dollar amount ($N or N¢),2102068488273822183,2.0
dollar amount ($N or N¢),2102103449722646987,0.01
dollar amount ($N or N¢),2102103449722646987,1.19
dollar amount ($N or N¢),2101965550054244525,100.0
dollar amount ($N or N¢),2102136100324049397,0.04
dollar amount ($N or N¢),2102001356886176123,0.0001
dollar amount ($N or N¢),2102049755744321999,0.4
dollar amount ($N or N¢),2101983828403454428,45.0
dollar amount ($N or N¢),2101983828403454428,7860.0
dollar amount ($N or N¢),2102038708379603404,0.0004
dollar amount ($N or N¢),2101869601004855647,0.07
dollar amount ($N or N¢),2102104066361082291,0.0013
dollar amount ($N or N¢),2101933291419099148,0.006
dollar amount ($N or N¢),2102056646281437577,0.0208
dollar amount ($N or N¢),2101987823616139424,1.98
dollar amount ($N or N¢),2102066714758271209,0.0001
dollar amount ($N or N¢),2102025665797345307,0.0002
dollar amount ($N or N¢),2102077063939178612,0.53
dollar amount ($N or N¢),2101865157756588476,5.0
dollar amount ($N or N¢),2101894289475485849,0.0022
dollar amount ($N or N¢),2102022270172475889,3.0
dollar amount ($N or N¢),2102030592418226556,0.3916
dollar amount ($N or N¢),2101854008851730881,0.0004
dollar amount ($N or N¢),2101937206063780084,0.0
dollar amount ($N or N¢),2102144095447883870,3.912
dollar amount ($N or N¢),2102123136292376852,0.43
dollar amount ($N or N¢),2102095610799079851,0.0029
dollar amount ($N or N¢),2102096088467673515,10.0
dollar amount ($N or N¢),2101865551798649142,0.09
dollar amount ($N or N¢),2102179160974151975,0.0
dollar amount ($N or N¢),2102026141884141989,0.0005
dollar amount ($N or N¢),2102085173265510811,0.02
dollar amount ($N or N¢),2102035995420221821,0.0001
dollar amount ($N or N¢),2101875460263256226,0.0001
dollar amount ($N or N¢),2101871014787350860,0.012
dollar amount ($N or N¢),2101871014787350860,0.3
dollar amount ($N or N¢),2102016401288441919,42.0
dollar amount ($N or N¢),2101855640935403913,0.01
dollar amount ($N or N¢),2101842395813888015,0.012
dollar amount ($N or N¢),2101916922061140237,0.005
dollar amount ($N or N¢),2101836603274477842,0.0005
dollar amount ($N or N¢),2101836603274477842,0.0015
dollar amount ($N or N¢),2101544156757950697,1.0
dollar amount ($N or N¢),2101641842441732297,2.0
dollar amount ($N or N¢),2101612397882671345,0.09
dollar amount ($N or N¢),2101800600019124420,0.0007
dollar amount ($N or N¢),2101720980972519672,0.0004
dollar amount ($N or N¢),2101659219590263020,0.035
dollar amount ($N or N¢),2101721165719089434,0.065
dollar amount ($N or N¢),2101732410568413578,0.2
dollar amount ($N or N¢),2101493817409216889,0.67
dollar amount ($N or N¢),2101709185155231895,42.0
dollar amount ($N or N¢),2101467341577949248,0.01
dollar amount ($N or N¢),2101489665052467494,0.0039
dollar amount ($N or N¢),2101509756737462446,0.0104
dollar amount ($N or N¢),2101786904144277670,1.0
dollar amount ($N or N¢),2101751414360092885,0.03
dollar amount ($N or N¢),2101751414360092885,0.2
dollar amount ($N or N¢),2101751414360092885,0.28
dollar amount ($N or N¢),2101504117005001200,0.0001
dollar amount ($N or N¢),2101762765664968743,1.8
dollar amount ($N or N¢),2101692321364406600,0.0096
dollar amount ($N or N¢),2101793561343631568,0.014
dollar amount ($N or N¢),2101685012017861088,0.026
dollar amount ($N or N¢),2101687438653497633,0.09
dollar amount ($N or N¢),2101470195428827493,0.0
dollar amount ($N or N¢),2101705862008001011,0.03
dollar amount ($N or N¢),2101626109356097857,2.0
dollar amount ($N or N¢),2101724539956711891,55.0
dollar amount ($N or N¢),2101724539956711891,10.0
dollar amount ($N or N¢),2101707001302516006,0.0063
dollar amount ($N or N¢),2101650540803604540,6.0
dollar amount ($N or N¢),2101610761525096645,0.0001
dollar amount ($N or N¢),2101585391140905034,0.09
dollar amount ($N or N¢),2101619546528580077,2.9
dollar amount ($N or N¢),2101704988993130654,0.08
dollar amount ($N or N¢),2101761144226824309,0.0002
dollar amount ($N or N¢),2101761209309827469,0.07
dollar amount ($N or N¢),2101739421963825553,0.0001
dollar amount ($N or N¢),2101470134996959681,0.0006
dollar amount ($N or N¢),2101770592055935114,0.0007
dollar amount ($N or N¢),2101504154191675671,0.042
dollar amount ($N or N¢),2101811082209747287,0.0001
dollar amount ($N or N¢),2101698213812003279,0.0016
dollar amount ($N or N¢),2101544074591236375,0.67
dollar amount ($N or N¢),2101544074591236375,0.98
dollar amount ($N or N¢),2101763071014498528,0.001
dollar amount ($N or N¢),2101696417052103166,0.0006
dollar amount ($N or N¢),2101550815718826043,0.0042
dollar amount ($N or N¢),2101654404848042172,0.0003
dollar amount ($N or N¢),2101666897314054648,0.009
dollar amount ($N or N¢),2101751793122189401,0.0
dollar amount ($N or N¢),2101474506397331670,0.003
dollar amount ($N or N¢),2101611357732847805,0.0076
dollar amount ($N or N¢),2101551937497821319,0.03
dollar amount ($N or N¢),2101569741584552058,1.0
dollar amount ($N or N¢),2101659198190715369,0.06
dollar amount ($N or N¢),2101470121944338726,0.41
dollar amount ($N or N¢),2101686898033062357,500.0
dollar amount ($N or N¢),2101574162817093655,0.01
dollar amount ($N or N¢),2101499929692647844,1.2
dollar amount ($N or N¢),2101600969276686759,0.13
dollar amount ($N or N¢),2101523328200765561,0.33
dollar amount ($N or N¢),2101770097945989381,0.0001
dollar amount ($N or N¢),2101695378760577343,0.01
dollar amount ($N or N¢),2101692246559170723,0.007
dollar amount ($N or N¢),2101476385030357141,0.0045
dollar amount ($N or N¢),2101650415897243985,0.02
dollar amount ($N or N¢),2101726812317315088,1.0
dollar amount ($N or N¢),2101782199502565726,14.0
dollar amount ($N or N¢),2101765843898224910,0.0025
dollar amount ($N or N¢),2101733331775709418,0.002
dollar amount ($N or N¢),2101657979078558074,0.09
dollar amount ($N or N¢),2101633429817487703,0.01
dollar amount ($N or N¢),2101737024101490958,0.0048
dollar amount ($N or N¢),2101497086835642876,0.1
dollar amount ($N or N¢),2101626821783482843,0.4
dollar amount ($N or N¢),2101681218232431052,0.13
dollar amount ($N or N¢),2101710478799954144,0.01
dollar amount ($N or N¢),2101689050688024823,0.11
dollar amount ($N or N¢),2101620928753131743,0.0
dollar amount ($N or N¢),2101707945268367436,23.49
dollar amount ($N or N¢),2101707945268367436,0.24
dollar amount ($N or N¢),2101823111188648016,2.0
dollar amount ($N or N¢),2101705545459638332,0.14
dollar amount ($N or N¢),2101697508413948199,0.0
dollar amount ($N or N¢),2101706595067408842,0.0001
dollar amount ($N or N¢),2101750053568491752,0.02
dollar amount ($N or N¢),2101768880897007969,0.0775
dollar amount ($N or N¢),2101813425101791357,0.0
dollar amount ($N or N¢),2101813425101791357,354.0
dollar amount ($N or N¢),2101633018385609039,0.11
dollar amount ($N or N¢),2101814135851720880,0.0002
dollar amount ($N or N¢),2101568319736213952,0.0005
dollar amount ($N or N¢),2101718828879315187,0.0251
dollar amount ($N or N¢),2101747321184694306,3.0
dollar amount ($N or N¢),2101747321184694306,2.51
dollar amount ($N or N¢),2101785784990970155,1.26
dollar amount ($N or N¢),2101490650034180333,5.0
dollar amount ($N or N¢),2101756397629136900,0.5
dollar amount ($N or N¢),2101549394684441027,0.12
dollar amount ($N or N¢),2101649035883110490,0.13
dollar amount ($N or N¢),2101600825168773550,1.0
dollar amount ($N or N¢),2101740657614393560,0.0002
dollar amount ($N or N¢),2101474692783845870,0.0003
dollar amount ($N or N¢),2101708919970447703,0.18
dollar amount ($N or N¢),2101742624587534719,0.05
dollar amount ($N or N¢),2101717271760482805,0.039
dollar amount ($N or N¢),2101607957083435427,0.0004
dollar amount ($N or N¢),2101605513490243702,0.06
dollar amount ($N or N¢),2101206603240477030,0.005
dollar amount ($N or N¢),2101388186916454439,0.0011
dollar amount ($N or N¢),2101156959546450049,0.0
dollar amount ($N or N¢),2101189571375493239,0.06
dollar amount ($N or N¢),2101184012899537092,0.21
dollar amount ($N or N¢),2101231502038339798,0.086
dollar amount ($N or N¢),2101341075684434245,0.18
dollar amount ($N or N¢),2101325703635435523,0.67
dollar amount ($N or N¢),2101315424247820309,0.01
dollar amount ($N or N¢),2101439340588974096,0.22
dollar amount ($N or N¢),2101370150067061163,2.8
dollar amount ($N or N¢),2101268238516527343,0.5
dollar amount ($N or N¢),2101176218477604974,0.07
dollar amount ($N or N¢),2101420476773912664,10.0
dollar amount ($N or N¢),2101233036218298650,0.03
dollar amount ($N or N¢),2101289895624917076,0.0256
dollar amount ($N or N¢),2101389998608281849,0.27
dollar amount ($N or N¢),2101323323947049288,0.0317
dollar amount ($N or N¢),2101456270909690202,26.16
dollar amount ($N or N¢),2101456270909690202,38.61
dollar amount ($N or N¢),2101300009413361972,300.0
dollar amount ($N or N¢),2101134552005828803,0.19
dollar amount ($N or N¢),2101384374646448281,4.0
dollar amount ($N or N¢),2101193127847506257,0.0059
dollar amount ($N or N¢),2101363028692545822,0.03
dollar amount ($N or N¢),2101445107941613824,0.0001
dollar amount ($N or N¢),2101162940770419129,0.0007
dollar amount ($N or N¢),2101391893414465621,0.012
dollar amount ($N or N¢),2101428297062330489,0.0017
dollar amount ($N or N¢),2101141744452841777,0.01
dollar amount ($N or N¢),2101421682703352218,0.0106
dollar amount ($N or N¢),2101118529936519453,0.0052
dollar amount ($N or N¢),2101274250141446612,0.025
dollar amount ($N or N¢),2101233217764569154,0.0018
dollar amount ($N or N¢),2101435209774219381,0.0012
dollar amount ($N or N¢),2101353866725925083,4.0
dollar amount ($N or N¢),2101311698217177385,0.01
dollar amount ($N or N¢),2101303232878235912,100.0
dollar amount ($N or N¢),2101347270314614963,0.15
dollar amount ($N or N¢),2101347270314614963,0.76
dollar amount ($N or N¢),2101131448636023058,0.042
dollar amount ($N or N¢),2101155796889293232,0.02
dollar amount ($N or N¢),2101275955788423395,0.09
dollar amount ($N or N¢),2101389934095450401,0.003
dollar amount ($N or N¢),2101353740297031840,0.1
dollar amount ($N or N¢),2101369844230758403,2.4
dollar amount ($N or N¢),2101369844230758403,8.8
dollar amount ($N or N¢),2101407992113410384,0.0024
dollar amount ($N or N¢),2101360891703017785,0.035
dollar amount ($N or N¢),2101352251847831776,0.0014
dollar amount ($N or N¢),2101435992809038067,0.0
dollar amount ($N or N¢),2101435992809038067,0.0134
dollar amount ($N or N¢),2101301125697699962,0.15
dollar amount ($N or N¢),2101101905879654894,0.0002
dollar amount ($N or N¢),2101413803678105744,0.71
dollar amount ($N or N¢),2101290078710456475,1.8
dollar amount ($N or N¢),2101157548346794059,0.0001
dollar amount ($N or N¢),2101112968708784618,0.2
dollar amount ($N or N¢),2101176997145702412,0.0337
dollar amount ($N or N¢),2101338698742632933,0.0047
dollar amount ($N or N¢),2101209643683107086,9.0
dollar amount ($N or N¢),2101110255254110301,0.052
dollar amount ($N or N¢),2101357410157724032,0.016
dollar amount ($N or N¢),2101272879409053944,0.0001
dollar amount ($N or N¢),2101413954211758226,0.0
dollar amount ($N or N¢),2101122291958763879,0.003
dollar amount ($N or N¢),2101122291958763879,0.08
dollar amount ($N or N¢),2101325710287913083,0.77
dollar amount ($N or N¢),2101261981114142871,0.0005
dollar amount ($N or N¢),2101350392994861522,0.0028
dollar amount ($N or N¢),2101301265326289272,0.014
dollar amount ($N or N¢),2101239669174497281,250.0
dollar amount ($N or N¢),2101292506222584099,0.0012
dollar amount ($N or N¢),2101131500653609312,0.006
dollar amount ($N or N¢),2101382613332381914,0.02
dollar amount ($N or N¢),2101248079701872739,0.0163
dollar amount ($N or N¢),2101164286865224162,0.035
dollar amount ($N or N¢),2101217951089402347,0.01
dollar amount ($N or N¢),2101248891555324047,0.01
dollar amount ($N or N¢),2101415401347313705,0.0063
dollar amount ($N or N¢),2101146645383533013,0.46
dollar amount ($N or N¢),2101146645383533013,4.76
dollar amount ($N or N¢),2101146645383533013,30.21
dollar amount ($N or N¢),2101303285168664622,0.008
dollar amount ($N or N¢),2101149152457748821,0.0001
dollar amount ($N or N¢),2101438195238162648,0.07
dollar amount ($N or N¢),2101288764987289827,0.02
dollar amount ($N or N¢),2101363129548783973,1.0
dollar amount ($N or N¢),2101354672540045531,0.47
dollar amount ($N or N¢),2101301592636936243,0.03
dollar amount ($N or N¢),2101288084235076059,0.01
dollar amount ($N or N¢),2101350062656045089,0.0046
dollar amount ($N or N¢),2101276458396131480,3.0
dollar amount ($N or N¢),2101355981028381038,0.0193
dollar amount ($N or N¢),2101366849606979864,0.025
dollar amount ($N or N¢),2101227893120553458,0.064
dollar amount ($N or N¢),2101457846231584902,0.67
dollar amount ($N or N¢),2101457846231584902,0.98
dollar amount ($N or N¢),2101324063742235026,0.75
dollar amount ($N or N¢),2101324063742235026,4.0
dollar amount ($N or N¢),2101424645211828703,0.21
dollar amount ($N or N¢),2101424645211828703,1.43
dollar amount ($N or N¢),2101362143148843182,0.1
dollar amount ($N or N¢),2101327161042895250,1.2
dollar amount ($N or N¢),2101377808643576149,0.02
dollar amount ($N or N¢),2101133889322283086,0.0264
dollar amount ($N or N¢),2101137265053532302,0.46
dollar amount ($N or N¢),2101172851508117976,0.15
dollar amount ($N or N¢),2101321666219381082,0.0225
dollar amount ($N or N¢),2101295528822628478,15.31
dollar amount ($N or N¢),2101260664341996031,0.0095
dollar amount ($N or N¢),2101416025438793804,0.27
dollar amount ($N or N¢),2101337686141505721,5.87
dollar amount ($N or N¢),2101143279505162551,0.0006
dollar amount ($N or N¢),2101361098498671073,0.001
dollar amount ($N or N¢),2101384163626807788,0.36
dollar amount ($N or N¢),2101226546325242248,1.6
dollar amount ($N or N¢),2101252635982537033,0.17
dollar amount ($N or N¢),2101340417975353439,0.1
dollar amount ($N or N¢),2101409537932902781,0.38
dollar amount ($N or N¢),2101452744699556209,5.0
dollar amount ($N or N¢),2101366772653846709,0.05
dollar amount ($N or N¢),2101421569990160622,0.0012
dollar amount ($N or N¢),2101357512964346304,0.0001
dollar amount ($N or N¢),2101387293135077469,0.0
dollar amount ($N or N¢),2101125246543966427,0.0039
dollar amount ($N or N¢),2101172231321608469,0.27
dollar amount ($N or N¢),2101394744723259678,0.023
dollar amount ($N or N¢),2101108199990739303,0.12
dollar amount ($N or N¢),2101223520273354981,0.011
dollar amount ($N or N¢),2101397657172267469,0.04
dollar amount ($N or N¢),2101370772317258091,0.11
dollar amount ($N or N¢),2101207498674053211,0.1
dollar amount ($N or N¢),2100951347080421409,0.19
dollar amount ($N or N¢),2100973868324417852,0.001
dollar amount ($N or N¢),2100891604735099103,0.09
dollar amount ($N or N¢),2100939189869002819,0.12
dollar amount ($N or N¢),2100879695017632025,0.09
dollar amount ($N or N¢),2100939646653903063,0.32
dollar amount ($N or N¢),2100757989212754085,0.0008
dollar amount ($N or N¢),2100793182438985991,0.08
dollar amount ($N or N¢),2101074194260000982,0.007
dollar amount ($N or N¢),2101010773157761481,0.0001
dollar amount ($N or N¢),2101010773157761481,0.24
dollar amount ($N or N¢),2100941251478458871,0.12
dollar amount ($N or N¢),2101043617649340678,0.65
dollar amount ($N or N¢),2100902217515454507,0.001
dollar amount ($N or N¢),2100845388655960112,0.01
dollar amount ($N or N¢),2100813615410634997,0.003
dollar amount ($N or N¢),2100953553917313180,0.0002
dollar amount ($N or N¢),2100912453999587657,0.2
dollar amount ($N or N¢),2100781601705939251,0.0039
dollar amount ($N or N¢),2100801746977399203,0.02
dollar amount ($N or N¢),2101087134459306356,0.01
dollar amount ($N or N¢),2101056417129959670,0.18
dollar amount ($N or N¢),2100858880548864358,0.0009
dollar amount ($N or N¢),2101016334385434882,0.0026
dollar amount ($N or N¢),2101016334385434882,0.001
dollar amount ($N or N¢),2101045740135194908,0.01
dollar amount ($N or N¢),2100958438406955394,0.1
dollar amount ($N or N¢),2100817199686619348,4.65
dollar amount ($N or N¢),2100988663114907720,0.19
dollar amount ($N or N¢),2100743311703339424,0.0039
dollar amount ($N or N¢),2101035975694483914,1.0
dollar amount ($N or N¢),2100881974780993668,0.0019
dollar amount ($N or N¢),2100881974780993668,5.0
dollar amount ($N or N¢),2100780526969692451,0.01
dollar amount ($N or N¢),2100937627973415340,0.002
dollar amount ($N or N¢),2100749397864681735,0.0008
dollar amount ($N or N¢),2100987079488409741,0.0005
dollar amount ($N or N¢),2100854873550196962,0.06
dollar amount ($N or N¢),2101005361457115343,10.0
dollar amount ($N or N¢),2100983340602179953,1.09
dollar amount ($N or N¢),2100914580394307857,0.09
dollar amount ($N or N¢),2100894473085489510,0.007
dollar amount ($N or N¢),2101060704128348618,0.16
dollar amount ($N or N¢),2100882724068491471,0.0
dollar amount ($N or N¢),2101065506652319854,4.23
dollar amount ($N or N¢),2100963424163307712,0.2
dollar amount ($N or N¢),2100749962682458366,0.23
dollar amount ($N or N¢),2101032394480398400,10.0
dollar amount ($N or N¢),2101068150091485574,1.0
dollar amount ($N or N¢),2100740085188853850,0.01
dollar amount ($N or N¢),2100766495240270157,0.0004
dollar amount ($N or N¢),2100980770206879849,0.0005
dollar amount ($N or N¢),2100895104055836914,0.04
dollar amount ($N or N¢),2101062313516347491,64.0
dollar amount ($N or N¢),2101062313516347491,1120.0
dollar amount ($N or N¢),2100937995637673986,0.01
dollar amount ($N or N¢),2101064388308299912,2.32
dollar amount ($N or N¢),2101083855193301236,30.0
dollar amount ($N or N¢),2101083855193301236,50.0
dollar amount ($N or N¢),2100987585384345890,0.34
dollar amount ($N or N¢),2101030551280910636,0.09
dollar amount ($N or N¢),2101027568484807031,0.2
dollar amount ($N or N¢),2101027568484807031,0.001
dollar amount ($N or N¢),2101045885257843001,0.0298
dollar amount ($N or N¢),2100996843131863071,0.004
dollar amount ($N or N¢),2101074523286106124,4.0
dollar amount ($N or N¢),2101063408200077794,1.0
dollar amount ($N or N¢),2100979294306488814,0.0044
dollar amount ($N or N¢),2100767017884123367,0.0001
dollar amount ($N or N¢),2100845340127563970,0.0005
dollar amount ($N or N¢),2101046650516943093,0.06
dollar amount ($N or N¢),2100937350557978745,0.0
dollar amount ($N or N¢),2101062992624243062,0.07
dollar amount ($N or N¢),2100793178014228929,0.02
dollar amount ($N or N¢),2100952403121967298,0.05
dollar amount ($N or N¢),2100899181120360693,0.0005
dollar amount ($N or N¢),2101036999662608856,3.0
dollar amount ($N or N¢),2100996125272740219,0.02
dollar amount ($N or N¢),2101039352461525133,0.0001
dollar amount ($N or N¢),2100794526575280274,0.0003
dollar amount ($N or N¢),2101012203390525674,0.02
dollar amount ($N or N¢),2101029196713914490,1.3
dollar amount ($N or N¢),2100963480027480457,0.34
dollar amount ($N or N¢),2100882561761460461,0.76
dollar amount ($N or N¢),2100972334182219919,0.0005
dollar amount ($N or N¢),2100972334182219919,0.03
dollar amount ($N or N¢),2100761008352493918,0.001
dollar amount ($N or N¢),2100984306583703858,0.05
dollar amount ($N or N¢),2100898042933391741,0.0006
dollar amount ($N or N¢),2100858570774344051,0.01
dollar amount ($N or N¢),2100751155530006945,94.68
dollar amount ($N or N¢),2100751155530006945,2.36
dollar amount ($N or N¢),2101040766613102799,0.0002
dollar amount ($N or N¢),2101089855421989149,0.0155
dollar amount ($N or N¢),2100894017391403066,1.24
dollar amount ($N or N¢),2100780180977725577,0.13
dollar amount ($N or N¢),2100753795806363730,0.0
dollar amount ($N or N¢),2100760534987464875,0.046
dollar amount ($N or N¢),2101041087435378855,0.034
dollar amount ($N or N¢),2100839600919118005,0.01
dollar amount ($N or N¢),2100968425967493414,0.5
dollar amount ($N or N¢),2100942079706702271,0.01
dollar amount ($N or N¢),2101068655379227122,1.0
dollar amount ($N or N¢),2101033458596188389,0.0455
dollar amount ($N or N¢),2100960553514553639,0.11
dollar amount ($N or N¢),2100890272158691595,0.001
dollar amount ($N or N¢),2100930925576024318,4.0
dollar amount ($N or N¢),2100937318760599594,0.05
dollar amount ($N or N¢),2100796109534765354,1.0
dollar amount ($N or N¢),2100902249497014382,0.22
dollar amount ($N or N¢),2101038572782379488,0.0001
dollar amount ($N or N¢),2101038572782379488,0.225
dollar amount ($N or N¢),2100989012966031417,0.01
dollar amount ($N or N¢),2100411066966749359,0.0039
dollar amount ($N or N¢),2100679300756435135,0.0009
dollar amount ($N or N¢),2100585126652481915,0.0001
dollar amount ($N or N¢),2100585126652481915,7.0
dollar amount ($N or N¢),2100404532119269426,0.035
dollar amount ($N or N¢),2100426999546184123,0.08
dollar amount ($N or N¢),2100473581251748216,0.0497
dollar amount ($N or N¢),2100690568947159309,0.04
dollar amount ($N or N¢),2100516953496670430,0.02
dollar amount ($N or N¢),2100577979021832365,0.0002
dollar amount ($N or N¢),2100516521068130696,0.0001
dollar amount ($N or N¢),2100634359099232678,0.01
dollar amount ($N or N¢),2100590065357639971,0.042
dollar amount ($N or N¢),2100539883836018697,1.21
dollar amount ($N or N¢),2100622054945095934,0.001
dollar amount ($N or N¢),2100611468580323414,0.037
dollar amount ($N or N¢),2100724278400332061,0.02
dollar amount ($N or N¢),2100602714204049588,0.0497
dollar amount ($N or N¢),2100629073542218203,0.0061
dollar amount ($N or N¢),2100497721367175312,0.01
dollar amount ($N or N¢),2100606298630816018,0.08
dollar amount ($N or N¢),2100521764451131610,0.017
dollar amount ($N or N¢),2100697129052447164,1.0
dollar amount ($N or N¢),2100622223014842432,0.09
dollar amount ($N or N¢),2100618896080540014,1.0
dollar amount ($N or N¢),2100713197502173373,0.01
dollar amount ($N or N¢),2100677168435224678,0.1
dollar amount ($N or N¢),2100647701796855870,0.0
dollar amount ($N or N¢),2100497307112452332,0.0001
dollar amount ($N or N¢),2100687687057285215,0.01
dollar amount ($N or N¢),2100384606818333011,11.0
dollar amount ($N or N¢),2100581721515188451,0.023
dollar amount ($N or N¢),2100589330481791353,0.2
dollar amount ($N or N¢),2100586490556490171,0.07
dollar amount ($N or N¢),2100641560463544708,1.3
dollar amount ($N or N¢),2100394761668497822,1.0
dollar amount ($N or N¢),2100644717138792625,0.0014
dollar amount ($N or N¢),2100654891756589230,0.09
dollar amount ($N or N¢),2100626348725207104,0.01
dollar amount ($N or N¢),2100550028708241698,0.04
dollar amount ($N or N¢),2100384258804093139,0.04
dollar amount ($N or N¢),2100609472750047263,1.0
dollar amount ($N or N¢),2100610873819840951,0.0008
dollar amount ($N or N¢),2100593442824798451,0.02
dollar amount ($N or N¢),2100545412780220877,0.08
dollar amount ($N or N¢),2100638933428359430,0.28
dollar amount ($N or N¢),2100448476899471567,0.1
dollar amount ($N or N¢),2100506954892210596,0.02
dollar amount ($N or N¢),2100639390468833379,1.0
dollar amount ($N or N¢),2100596816223912431,21.0
dollar amount ($N or N¢),2100458351440048258,0.0029
dollar amount ($N or N¢),2100636334889263229,0.01
dollar amount ($N or N¢),2100591409447174261,0.0013
dollar amount ($N or N¢),2100591409447174261,1.0
dollar amount ($N or N¢),2100681306195767667,0.054
dollar amount ($N or N¢),2100681306195767667,0.0
dollar amount ($N or N¢),2100593904949096696,482.0
dollar amount ($N or N¢),2100500927488627006,0.0
dollar amount ($N or N¢),2100527935505547574,3.0
dollar amount ($N or N¢),2100476853920129024,15.0
dollar amount ($N or N¢),2100503377146958170,19.53
dollar amount ($N or N¢),2100503377146958170,106.73
dollar amount ($N or N¢),2100544757248278933,0.0004
dollar amount ($N or N¢),2100630868348023011,0.0039
dollar amount ($N or N¢),2100605473883914334,0.0
dollar amount ($N or N¢),2100611986358927627,0.51
dollar amount ($N or N¢),2100699124945326537,0.02
dollar amount ($N or N¢),2100414148064555101,0.042
dollar amount ($N or N¢),2100398922078249166,0.45
dollar amount ($N or N¢),2100398922078249166,2.51
dollar amount ($N or N¢),2100398922078249166,0.22
dollar amount ($N or N¢),2100611038357901563,0.0
dollar amount ($N or N¢),2100552239823860069,0.0
dollar amount ($N or N¢),2100626286687211589,0.46
dollar amount ($N or N¢),2100706477757321621,2.0
dollar amount ($N or N¢),2100527809286352990,0.03
dollar amount ($N or N¢),2100694708221821118,0.06
dollar amount ($N or N¢),2100708833744359924,0.001
dollar amount ($N or N¢),2100641791993106617,22.0
dollar amount ($N or N¢),2100641791993106617,0.29
dollar amount ($N or N¢),2100410016054247493,0.002
dollar amount ($N or N¢),2100693645124874564,0.67
dollar amount ($N or N¢),2100436880802161004,0.17
dollar amount ($N or N¢),2100436880802161004,0.03
dollar amount ($N or N¢),2100541000963809326,0.0004
dollar amount ($N or N¢),2100727992301301989,0.0129
dollar amount ($N or N¢),2100573849415029235,0.19
dollar amount ($N or N¢),2100579021633548593,0.008
dollar amount ($N or N¢),2100601841809825937,0.035
dollar amount ($N or N¢),2100434283651559875,0.09
dollar amount ($N or N¢),2100595037696643216,0.91
dollar amount ($N or N¢),2100688098070028562,0.0003
dollar amount ($N or N¢),2100662520105361564,0.0007
dollar amount ($N or N¢),2100335978229690683,0.1
dollar amount ($N or N¢),2100345229702565917,0.02
dollar amount ($N or N¢),2100322461497823638,0.15
dollar amount ($N or N¢),2100345622561787926,0.017
dollar amount ($N or N¢),2100345622561787926,4.268
dollar amount ($N or N¢),2100345622561787926,1.848
dollar amount ($N or N¢),2100344635440906275,0.05
dollar amount ($N or N¢),2100310676556464347,0.05
dollar amount ($N or N¢),2100271950337597607,0.57
throughput (N/s),2102592197476626486,40000.0
throughput (N/s),2102662500315705421,41180.0
throughput (N/s),2102613810981048408,300.0
throughput (N/s),2102610832043765927,2000.0
throughput (N/s),2102553760547602688,712.0
throughput (N/s),2102676301819875621,11485.0
throughput (N/s),2102617528287596906,100.0
throughput (N/s),2102606290753114439,15.0
throughput (N/s),2102558351091523926,1800.0
throughput (N/s),2102352212920061969,500.0
throughput (N/s),2102352212920061969,173.0
throughput (N/s),2102392868144824392,255.0
throughput (N/s),2102233127599108349,1.0
throughput (N/s),2102338128929280289,13.0
throughput (N/s),2102367977454841955,1000.0
throughput (N/s),2102390247061348713,340000.0
throughput (N/s),2102383572543746103,10.0
throughput (N/s),2102187840629063696,1.0
throughput (N/s),2102386533214912969,20472.0
throughput (N/s),2102499397997310302,60.0
throughput (N/s),2102233195294920886,70.0
throughput (N/s),2102366160260108772,2.5
throughput (N/s),2102350647429411005,90.0
throughput (N/s),2102342239901077845,5.63
throughput (N/s),2102405674680594812,7.0
throughput (N/s),2102412336569180506,1.0
throughput (N/s),2102331927013519374,1968.0
throughput (N/s),2102331927013519374,33.0
throughput (N/s),2102392864449708209,33411.0
throughput (N/s),2102306964239966253,672.0
throughput (N/s),2102042713160028244,2340.0
throughput (N/s),2101823975349244095,58.0
throughput (N/s),2101938912423735654,724.0
throughput (N/s),2102035137848381455,12.0
throughput (N/s),2102131227709018353,52110.0
throughput (N/s),2102015328582508980,86.4
throughput (N/s),2102015328582508980,1281.0
throughput (N/s),2102093905940611452,2.0
throughput (N/s),2101999493965398187,241.0
throughput (N/s),2102060645151539305,1260.0
throughput (N/s),2102171891410825520,30000.0
throughput (N/s),2101933239841820956,152.0
throughput (N/s),2102084948455014569,8.71667
throughput (N/s),2102039586092310903,10000.0
throughput (N/s),2101882683391352890,9999.0
throughput (N/s),2101902757573828982,1.0
throughput (N/s),2102070851579547716,400.0
throughput (N/s),2102036877930860633,2049.0
throughput (N/s),2102036877930860633,2.3
throughput (N/s),2102078920187363787,101.0
throughput (N/s),2101987823616139424,50000000.0
throughput (N/s),2101929665434624118,17.1
throughput (N/s),2101932654719299738,1000.0
throughput (N/s),2102157395082260890,3.0
throughput (N/s),2101878714917429488,820.0
throughput (N/s),2102030484871995769,100000.0
throughput (N/s),2101897187970171176,50.0
throughput (N/s),2102169255341171132,50.0
throughput (N/s),2101675124747338229,86.5
throughput (N/s),2101675124747338229,3.2
throughput (N/s),2101640575812239406,38.0
throughput (N/s),2101473552956555427,60.0
throughput (N/s),2101670746883768607,1838.0
throughput (N/s),2101720980972519672,107.0
throughput (N/s),2101713357883498947,7000.0
throughput (N/s),2101493817409216889,100000.0
throughput (N/s),2101509756737462446,300.0
throughput (N/s),2101762765664968743,400.0
throughput (N/s),2101692321364406600,81.0
throughput (N/s),2101793910142259500,973.0
throughput (N/s),2101794050781090153,290.0
throughput (N/s),2101687438653497633,724.0
throughput (N/s),2101705862008001011,1000.0
throughput (N/s),2101761209309827469,600.0
throughput (N/s),2101696417052103166,177.0
throughput (N/s),2101474506397331670,50.0
throughput (N/s),2101756281665061028,45.0
throughput (N/s),2101574162817093655,100.0
throughput (N/s),2101709574327976257,31.83
throughput (N/s),2101650415897243985,37.5
throughput (N/s),2101551850202001738,9240.0
throughput (N/s),2101765843898224910,14.0
throughput (N/s),2101657979078558074,724.0
throughput (N/s),2101759927039508783,60.0
throughput (N/s),2101641051991937038,478.0
throughput (N/s),2101724645598572628,2.0
throughput (N/s),2101823111188648016,24.5
throughput (N/s),2101676418040266818,218.0
throughput (N/s),2101523309158343137,6000.0
throughput (N/s),2101768880897007969,6000.0
throughput (N/s),2101570862508089785,12.0
throughput (N/s),2101794549135716518,93.0
throughput (N/s),2101729630726287871,119.0
throughput (N/s),2101568319736213952,75.0
throughput (N/s),2101694996563026404,300.0
throughput (N/s),2101568907366785297,95.0
throughput (N/s),2101584423347220897,780.0
throughput (N/s),2101708919970447703,261.0
throughput (N/s),2101490498376769599,28.0
throughput (N/s),2101483920655081534,12927.0
throughput (N/s),2101362082369470675,7.0
throughput (N/s),2101323323947049288,3000.0
throughput (N/s),2101363028692545822,1000.0
throughput (N/s),2101389360864129359,200.0
throughput (N/s),2101445107941613824,10.0
throughput (N/s),2101106092897923163,326.0
throughput (N/s),2101141744452841777,3000.0
throughput (N/s),2101182341981077954,4.0
throughput (N/s),2101144295524679785,5096.0
throughput (N/s),2101401201057153086,500.0
throughput (N/s),2101101905879654894,2010.0
throughput (N/s),2101286161385718091,4604.0
throughput (N/s),2101286161385718091,32228.0
throughput (N/s),2101110301693444123,20.0
throughput (N/s),2101176997145702412,6010.0
throughput (N/s),2101209643683107086,1000.0
throughput (N/s),2101434265393062378,0.3
throughput (N/s),2101434265393062378,2.4
throughput (N/s),2101434265393062378,26.0
throughput (N/s),2101247093662953934,12000.0
throughput (N/s),2101245413227741646,1200.0
throughput (N/s),2101325710287913083,6000.0
throughput (N/s),2101217951089402347,500.0
throughput (N/s),2101303285168664622,3000.0
throughput (N/s),2101202802383237275,1.0
throughput (N/s),2101301592636936243,443.0
throughput (N/s),2101350062656045089,200.0
throughput (N/s),2101249155876450375,24.0
throughput (N/s),2101457846231584902,100000.0
throughput (N/s),2101277928491249704,4.0
throughput (N/s),2101424645211828703,586.0
throughput (N/s),2101377808643576149,1070.0
throughput (N/s),2101371674855977255,100.0
throughput (N/s),2101371674855977255,3600.0
throughput (N/s),2101309135262208501,44.0
throughput (N/s),2101321666219381082,488.0
throughput (N/s),2101390179504451724,4.0
throughput (N/s),2101143279505162551,32.0
throughput (N/s),2101226546325242248,500.0
throughput (N/s),2101252635982537033,3500.0
throughput (N/s),2101452744699556209,12000.0
throughput (N/s),2101108199990739303,1891.0
throughput (N/s),2101335489923977304,150.0
throughput (N/s),2100951347080421409,384.0
throughput (N/s),2100891604735099103,700.0
throughput (N/s),2100939189869002819,1891.0
throughput (N/s),2100757989212754085,26.0
throughput (N/s),2100778083108204580,724.0
throughput (N/s),2100953838891192789,900.0
throughput (N/s),2101043617649340678,1759930.0
throughput (N/s),2101022590722810271,264.0
throughput (N/s),2100953553917313180,67.0
throughput (N/s),2100870244004683886,450.0
throughput (N/s),2101086064098279894,500.0
throughput (N/s),2100858880548864358,129.0
throughput (N/s),2100988663114907720,384.0
throughput (N/s),2100745151622664392,3.0
throughput (N/s),2100979973905592387,1.72
throughput (N/s),2100881974780993668,50.0
throughput (N/s),2100970810483823086,2.0
throughput (N/s),2100749962682458366,1955.0
throughput (N/s),2100895104055836914,50.0
throughput (N/s),2100897652342988901,215.0
throughput (N/s),2101000954828992875,9.0
throughput (N/s),2101095353697357921,5.0
throughput (N/s),2100890989280039176,724.0
throughput (N/s),2100843620056416703,33.0
throughput (N/s),2101005942913729001,193.0
throughput (N/s),2101074523286106124,27.0
throughput (N/s),2100979294306488814,104557.0
throughput (N/s),2100996527925694594,227.0
throughput (N/s),2100791756644036868,5.0
throughput (N/s),2100901254633574668,9200.0
throughput (N/s),2100775477946241224,558.0
throughput (N/s),2100760534987464875,2225.0
throughput (N/s),2100972486208950417,6.0
throughput (N/s),2100877439350272505,300.0
throughput (N/s),2101038240895533266,479.0
throughput (N/s),2100932122399715345,6.0
throughput (N/s),2100404532119269426,500.0
throughput (N/s),2100651678110515383,64.0
throughput (N/s),2100426999546184123,1018.0
throughput (N/s),2100473581251748216,1191.0
throughput (N/s),2100668908227162567,3282.0
throughput (N/s),2100457614073327754,35.0
throughput (N/s),2100614659690713543,100.0
throughput (N/s),2100536977162715265,300.0
throughput (N/s),2100518573118779547,200.0
throughput (N/s),2100521764451131610,500.0
throughput (N/s),2100703517778350559,1.5
throughput (N/s),2100603303642153020,52.0
throughput (N/s),2100384606818333011,100.0
throughput (N/s),2100725570590126399,1000.0
throughput (N/s),2100589330481791353,20700.0
throughput (N/s),2100641560463544708,50000.0
throughput (N/s),2100675140237320417,68.0
throughput (N/s),2100674787966378489,3.0
throughput (N/s),2100545412780220877,323.0
throughput (N/s),2100628875935932772,288.0
throughput (N/s),2100611038357901563,6.0
throughput (N/s),2100471900254179631,48.0
throughput (N/s),2100470056316776553,61.0
throughput (N/s),2100729086620680651,167.0
throughput (N/s),2100729086620680651,860766.0
throughput (N/s),2100624228307341528,3.0
throughput (N/s),2100526283805675875,461.0
throughput (N/s),2100693645124874564,2000.0
throughput (N/s),2100541000963809326,54.0
throughput (N/s),2100727992301301989,100.0
throughput (N/s),2100662520105361564,13.0
throughput (N/s),2100370557405667768,1000.0
throughput (N/s),2100284068763992396,1000.0
throughput (N/s),2100339921714323624,5.0
throughput (N/s),2100339921714323624,12.0
throughput (N/s),2100334874175635518,24.0
throughput (N/s),2100334874175635518,72.0
throughput (N/s),2100186642854101416,421.0
item count (N items),2102591120203304969,200.0
item count (N items),2102591120203304969,312.0
item count (N items),2102607684554158581,788.0
item count (N items),2102628036055314555,24000.0
item count (N items),2102647304264298856,40.0
item count (N items),2102669301035511948,20.0
item count (N items),2102669301035511948,19.0
item count (N items),2102669301035511948,13.0
item count (N items),2102639358365126802,106000.0
item count (N items),2102568532580220991,386.0
item count (N items),2102704709731807305,96.0
item count (N items),2102643635099402595,107.0
item count (N items),2102643635099402595,102.0
item count (N items),2102442969752367389,3645.0
item count (N items),2102484373748732399,5200.0
item count (N items),2102199555706024144,50000.0
item count (N items),2102199555706024144,125000.0
item count (N items),2102199555706024144,39000000.0
item count (N items),2102452809622839611,32.0
item count (N items),2102452809622839611,158.0
item count (N items),2102452809622839611,7.0
item count (N items),2102432811944681688,898.0
item count (N items),2102261423439335517,77.0
item count (N items),2102229074668372047,24.0
item count (N items),2102390247061348713,1900.0
item count (N items),2102532892283056499,340.0
item count (N items),2102337670525677622,48.0
item count (N items),2102396695430746331,18000.0
item count (N items),2102374909540520055,6245.0
item count (N items),2102374909540520055,156.0
item count (N items),2102370564291863027,479.0
item count (N items),2102287513725645167,1500.0
item count (N items),2102287513725645167,10000.0
item count (N items),2102343304620707934,421.0
item count (N items),2102516435113169098,1092.0
item count (N items),2102542038147498384,754.0
item count (N items),2102331969434681719,1968.0
item count (N items),2102331969434681719,64944.0
item count (N items),2102398538168811546,8502.0
item count (N items),2102364625794642111,79.0
item count (N items),2102254799156650025,700.0
item count (N items),2102391862279688373,151.0
item count (N items),2102367309834678744,187.0
item count (N items),2101951934811066867,14.0
item count (N items),2102090111198363988,100000.0
item count (N items),2101904912150098081,500.0
item count (N items),2101904912150098081,2100000.0
item count (N items),2101904912150098081,19000000.0
item count (N items),2102008701754409204,723.0
item count (N items),2102008701754409204,21690.0
item count (N items),2102062431262376124,1500.0
item count (N items),2102118723129843866,1300.0
item count (N items),2102109971655909645,20.0
item count (N items),2102036888756371605,3412.0
item count (N items),2102052707024466181,90.0
item count (N items),2102035394711949373,4367.0
item count (N items),2101863835300978909,71000.0
item count (N items),2101851724000743852,8724.0
item count (N items),2101987823616139424,50101.0
item count (N items),2102046874362323276,1000.0
item count (N items),2101859216482775201,8917.0
item count (N items),2101894926250168654,1253.0
item count (N items),2102064901371871574,15.0
item count (N items),2102044979174560017,10000.0
item count (N items),2102123136292376852,8690.0
item count (N items),2101904985776673141,6.0
item count (N items),2102016401288441919,20.0
item count (N items),2101865758217351359,25000.0
item count (N items),2102083742353523006,600.0
item count (N items),2101757771553353832,17364.0
item count (N items),2101721165719089434,10208.0
item count (N items),2101639021143244848,100000.0
item count (N items),2101639021143244848,1400000.0
item count (N items),2101688954114457752,300.0
item count (N items),2101641621850800457,6300000.0
item count (N items),2101703876562784639,11892.0
item count (N items),2101703876562784639,123.0
item count (N items),2101703876562784639,336.0
item count (N items),2101585391140905034,724.0
item count (N items),2101704988993130654,150.0
item count (N items),2101761144226824309,30.0
item count (N items),2101476396459790389,2000.0
item count (N items),2101785976255176834,12.0
item count (N items),2101544074591236375,100000.0
item count (N items),2101654404848042172,50.0
item count (N items),2101654404848042172,4.0
item count (N items),2101611357732847805,234000.0
item count (N items),2101691329067753576,25.0
item count (N items),2101686898033062357,50000.0
item count (N items),2101692246559170723,277.0
item count (N items),2101652701914550761,220.0
item count (N items),2101689183991443813,530.0
item count (N items),2101659085842379076,632.0
item count (N items),2101689050688024823,3373.0
item count (N items),2101823111188648016,29449.0
item count (N items),2101622460818805072,248.0
item count (N items),2101785784990970155,6500.0
item count (N items),2101490650034180333,12000.0
item count (N items),2101756397629136900,300.0
item count (N items),2101584423347220897,343400.0
item count (N items),2101599185657098272,979.0
item count (N items),2101599185657098272,9119.0
item count (N items),2101599185657098272,8043.0
item count (N items),2101676306857644298,20.0
item count (N items),2101763817730437131,41653.0
item count (N items),2101763817730437131,2984.0
item count (N items),2101763817730437131,13900.0
item count (N items),2101806676919890000,2194.0
item count (N items),2101742624587534719,1500000.0
item count (N items),2101816740342903163,50.0
item count (N items),2101820466302259448,30.0
item count (N items),2101605513490243702,462.0
item count (N items),2101156068814667942,114.0
item count (N items),2101325703635435523,100000.0
item count (N items),2101439340588974096,723.0
item count (N items),2101439340588974096,30.0
item count (N items),2101370150067061163,530.0
item count (N items),2101149600044224698,120.0
item count (N items),2101233036218298650,20.0
item count (N items),2101233036218298650,1900.0
item count (N items),2101134552005828803,384.0
item count (N items),2101377035994382357,400.0
item count (N items),2101155796889293232,2000.0
item count (N items),2101279339996168334,58026.0
item count (N items),2101279339996168334,174078.0
item count (N items),2101353740297031840,1000.0
item count (N items),2101218656516726979,65.0
item count (N items),2101413803678105744,18000.0
item count (N items),2101267164120691026,20.0
item count (N items),2101238379895816512,230000000.0
item count (N items),2101238379895816512,20000.0
item count (N items),2101338698742632933,99.0
item count (N items),2101291155883282624,1264.0
item count (N items),2101291155883282624,3.0
item count (N items),2101265912670105745,87000.0
item count (N items),2101265912670105745,36.0
item count (N items),2101421618056622436,254.0
item count (N items),2101309957383856577,117.0
item count (N items),2101394753208074383,32.0
item count (N items),2101435082762297511,1300.0
item count (N items),2101366870645293192,2000.0
item count (N items),2101355981028381038,114.0
item count (N items),2101355981028381038,2265.0
item count (N items),2101366849606979864,200.0
item count (N items),2101327161042895250,33.0
item count (N items),2101405077575508052,11.0
item count (N items),2101295528822628478,446535983.0
item count (N items),2101295528822628478,29645.0
item count (N items),2101416029431714128,100.0
item count (N items),2101250194364907653,803.0
item count (N items),2101297789334356468,12000.0
item count (N items),2101390179504451724,1547.0
item count (N items),2101384163626807788,8054.0
item count (N items),2101118268585234832,10000.0
item count (N items),2101334084098338933,5574.0
item count (N items),2101290508429763030,821.0
item count (N items),2101366132099658108,8801.0
item count (N items),2101106056533586133,300.0
item count (N items),2101421186546544783,70.0
item count (N items),2101172315614584917,31.0
item count (N items),2101322848338096566,8744.0
item count (N items),2101322848338096566,2954.0
item count (N items),2101322848338096566,1859.0
item count (N items),2100739055923425589,1000000.0
item count (N items),2101018783976722479,586.0
item count (N items),2101018783976722479,584.0
item count (N items),2101000339948282090,15.0
item count (N items),2101000339948282090,428.0
item count (N items),2100879695017632025,37.0
item count (N items),2100879695017632025,724.0
item count (N items),2100880007774032150,330000.0
item count (N items),2100880007774032150,140000.0
item count (N items),2100939646653903063,8.0
item count (N items),2100793182438985991,1018.0
item count (N items),2100941251478458871,1891.0
item count (N items),2100878555047514390,20000.0
item count (N items),2100817199686619348,116.0
item count (N items),2100987079488409741,1257263.0
item count (N items),2100914580394307857,11000000.0
item count (N items),2100914580394307857,384.0
item count (N items),2100894473085489510,150.0
item count (N items),2100894473085489510,750.0
item count (N items),2100963424163307712,2000.0
item count (N items),2101009088310366268,5432.0
item count (N items),2100968037117780130,300000.0
item count (N items),2100740085188853850,202.0
item count (N items),2101062313516347491,22.0
item count (N items),2100824325221703700,30.0
item count (N items),2101047345496617218,200.0
item count (N items),2101030551280910636,384.0
item count (N items),2101006905506492510,2885.0
item count (N items),2101045885257843001,190.0
item count (N items),2101095630219477189,96708.0
item count (N items),2100952403121967298,700.0
item count (N items),2100921264621945140,74284.0
item count (N items),2100921264621945140,7900000.0
item count (N items),2100921264621945140,521000000.0
item count (N items),2100863245351539185,130.0
item count (N items),2100766212439363937,35.0
item count (N items),2100766212439363937,40.0
item count (N items),2100766212439363937,7.0
item count (N items),2100963480027480457,216.0
item count (N items),2100846153923473655,150.0
item count (N items),2100780180977725577,5.0
item count (N items),2100916052326543726,300000.0
item count (N items),2100753795806363730,530.0
item count (N items),2100909186737381816,285.0
item count (N items),2100859434792779785,9.0
item count (N items),2100859434792779785,650.0
item count (N items),2100859434792779785,4819.0
item count (N items),2100756265055953266,16798.0
item count (N items),2100839600919118005,93.0
item count (N items),2100839600919118005,166000.0
item count (N items),2100960553514553639,41.0
item count (N items),2100960553514553639,2.0
item count (N items),2100917768023654612,27.0
item count (N items),2100917768023654612,18.0
item count (N items),2101044109746270589,2000.0
item count (N items),2100930925576024318,40000.0
item count (N items),2100924935749386278,75000.0
item count (N items),2100668908227162567,100.0
item count (N items),2100668908227162567,4252330.0
item count (N items),2100691514917880062,38.0
item count (N items),2100539883836018697,8000.0
item count (N items),2100602714204049588,1191.0
item count (N items),2100628505469841768,10000.0
item count (N items),2100620339097026633,1000.0
item count (N items),2100689091058921635,70000.0
item count (N items),2100696083207004574,28.0
item count (N items),2100697129052447164,26.0
item count (N items),2100735706704261534,196000.0
item count (N items),2100394761668497822,200.0
item count (N items),2100394761668497822,10500.0
item count (N items),2100596816223912431,5300000.0
item count (N items),2100540661007028681,16000.0
item count (N items),2100544757248278933,20.0
item count (N items),2100699124945326537,153.0
item count (N items),2100406443392602262,1728.0
item count (N items),2100626286687211589,9916.0
item count (N items),2100706477757321621,99.0
item count (N items),2100641791993106617,4000.0
item count (N items),2100540090363638171,115.0
item count (N items),2100595037696643216,178.0
item count (N items),2100363928492790078,1500000.0
item count (N items),2100162790061113634,237.0
