id,family,tier,evidence,framing,baseline,realtime_infra,bucket_preregistered,bucket_applied,bucket_corrected
2102578703666413804,classification_routing_triage,batch,measured_demo,cost,frontier_llm,False,not_covered,cost_only,cost_only
2102588500420022651,other_or_meta,unclear,demo_no_numbers,none,none,False,noise,noise,noise
2102654198907068515,classification_routing_triage,batch,measured_demo,cost,none,False,not_covered,cost_only,cost_only
2102591120203304969,trading_and_markets,task,measured_demo,none,none,True,not_covered,cost_only,cost_only
2102671376268370160,games_control_loops_simulation,feel,measured_demo,accuracy,small_llm,True,not_covered,cost_only,fast_loop
2102607147628720365,search_rerank_extraction,task,measured_demo,latency,none,False,not_covered,cost_only,cost_only
2102728964477247964,other_or_meta,batch,measured_demo,accuracy,none,False,noise,noise,noise
2102614388440199299,other_or_meta,unclear,demo_no_numbers,capability,rules_or_regex,False,noise,noise,noise
2102570286810099997,games_control_loops_simulation,feel,measured_demo,latency,none,True,not_covered,material,fast_loop
2102561749404971460,search_rerank_extraction,task,demo_no_numbers,none,none,False,not_covered,unproven_demo,demo
2102549002487238854,games_control_loops_simulation,task,measured_demo,none,none,False,not_covered,cost_only,cost_only
2102578718824931766,collaboration_and_typing,interaction,measured_demo,latency,none,True,material,material,material
2102789754895143099,other_or_meta,unclear,demo_no_numbers,capability,classic_classifier_or_ml,False,noise,noise,noise
2102612729634898233,other_or_meta,unclear,demo_no_numbers,none,none,False,noise,noise,noise
2102625920008028434,browser_and_computer_use,task,demo_no_numbers,none,none,False,not_covered,unproven_demo,demo
2102599237804687509,other_or_meta,unclear,demo_no_numbers,none,none,False,noise,noise,noise
2102607684554158581,other_or_meta,unclear,demo_no_numbers,none,none,False,noise,noise,noise
2102628036055314555,trading_and_markets,batch,measured_demo,accuracy,none,False,not_covered,cost_only,cost_only
2102625753225691478,data_and_telemetry,batch,measured_demo,cost,none,False,not_covered,cost_only,cost_only
2102793190411502077,trading_and_markets,task,measured_demo,latency,frontier_llm,True,not_covered,cost_only,cost_only
2102646684027371754,agent_harness_and_tool_gating,task,measured_demo,cost,frontier_llm,False,not_covered,cost_only,cost_only
2102653245323612594,trading_and_markets,task,measured_demo,none,none,True,not_covered,cost_only,cost_only
2102811933342929183,data_and_telemetry,batch,measured_demo,none,none,False,not_covered,cost_only,cost_only
2102592197476626486,moderation_and_guardrails,batch,measured_demo,latency,none,False,not_covered,cost_only,cost_only
2102811094633070847,data_and_telemetry,batch,measured_demo,none,none,False,not_covered,cost_only,cost_only
2102794829327675580,other_or_meta,unclear,demo_no_numbers,capability,none,False,noise,noise,noise
2102610658240135195,other_or_meta,unclear,demo_no_numbers,none,none,False,noise,noise,noise
2102794633227198805,classification_routing_triage,task,demo_no_numbers,none,none,False,not_covered,unproven_demo,demo
2102782457535709401,classification_routing_triage,task,demo_no_numbers,none,none,False,not_covered,unproven_demo,demo
2102805078210126021,classification_routing_triage,task,demo_no_numbers,capability,frontier_llm,True,not_covered,hype,hype
2102666587173990740,other_or_meta,unclear,measured_demo,accuracy,none,False,noise,noise,noise
2102725184511717579,evals_and_judging,batch,measured_demo,cost,frontier_llm,False,not_covered,cost_only,cost_only
2102598283948372339,games_control_loops_simulation,feel,demo_no_numbers,none,none,True,not_covered,unproven_demo,demo
2102662500315705421,trading_and_markets,task,measured_demo,cost,none,True,not_covered,cost_only,cost_only
2102801840819556417,trading_and_markets,task,measured_demo,capability,none,True,not_covered,cost_only,cost_only
2102778858185642238,other_or_meta,unclear,demo_no_numbers,none,none,False,noise,noise,noise
2102556556500107561,classification_routing_triage,interaction,demo_no_numbers,none,none,False,not_covered,unproven_demo,demo
2102561043520340198,search_rerank_extraction,task,measured_demo,accuracy,vendor_api,False,cost_only,cost_only,cost_only
2102777095139045404,trading_and_markets,task,measured_demo,capability,none,True,not_covered,cost_only,cost_only
2102624056172519750,agent_harness_and_tool_gating,task,demo_no_numbers,cost,none,False,not_covered,hype,hype
2102719975676862555,agent_harness_and_tool_gating,task,demo_no_numbers,capability,frontier_llm,False,not_covered,hype,hype
2102691174708359245,data_and_telemetry,interaction,measured_demo,latency,none,False,not_covered,cost_only,cost_only
2102755930802991324,compaction_and_context,task,demo_no_numbers,none,none,False,not_covered,unproven_demo,demo
2102793853904302435,trading_and_markets,task,demo_no_numbers,capability,none,True,not_covered,hype,demo
2102732461524369874,trading_and_markets,task,measured_demo,accuracy,none,True,not_covered,cost_only,cost_only
2102595079697277113,games_control_loops_simulation,task,demo_no_numbers,none,rules_or_regex,True,not_covered,unproven_demo,hype
2102671199029387627,data_and_telemetry,batch,measured_demo,none,none,False,not_covered,cost_only,cost_only
2102588731559735389,moderation_and_guardrails,unclear,demo_no_numbers,capability,none,False,not_covered,hype,demo
2102617956417192272,classification_routing_triage,task,demo_no_numbers,none,none,True,not_covered,unproven_demo,demo
2102763607670898862,other_or_meta,unclear,demo_no_numbers,capability,none,False,noise,noise,noise
2102585992083538214,games_control_loops_simulation,feel,demo_no_numbers,none,small_llm,True,not_covered,unproven_demo,hype
2102762224720716232,agent_harness_and_tool_gating,task,measured_demo,none,none,True,not_covered,cost_only,cost_only
2102806451752259697,classification_routing_triage,interaction,demo_no_numbers,none,none,False,not_covered,unproven_demo,demo
2102700585271353426,games_control_loops_simulation,task,demo_no_numbers,none,none,True,not_covered,unproven_demo,demo
2102755111244046418,other_or_meta,interaction,demo_no_numbers,none,none,False,noise,noise,noise
2102680895425503354,agent_harness_and_tool_gating,task,measured_demo,capability,none,False,not_covered,cost_only,cost_only
2102797469901893653,evals_and_judging,batch,measured_demo,cost,none,False,not_covered,cost_only,cost_only
2102817899706724844,agent_harness_and_tool_gating,unclear,demo_no_numbers,capability,none,False,not_covered,hype,demo
2102576900933894242,agent_harness_and_tool_gating,task,demo_no_numbers,none,none,False,not_covered,unproven_demo,demo
2102810568495124724,trading_and_markets,task,measured_demo,cost,none,True,not_covered,cost_only,cost_only
2102740583684948338,classification_routing_triage,batch,measured_demo,cost,none,False,not_covered,cost_only,cost_only
2102798144027369727,trading_and_markets,task,demo_no_numbers,capability,none,True,not_covered,hype,demo
2102551046778446142,games_control_loops_simulation,feel,demo_no_numbers,latency,none,True,not_covered,hype,hype
2102746329579507852,classification_routing_triage,task,demo_no_numbers,capability,none,False,not_covered,hype,demo
2102623428880789504,other_or_meta,unclear,demo_no_numbers,none,none,False,noise,noise,noise
2102669303535567264,games_control_loops_simulation,feel,demo_no_numbers,none,none,True,not_covered,unproven_demo,demo
2102611610019971398,other_or_meta,unclear,demo_no_numbers,none,none,False,noise,noise,noise
2102670498933153874,trading_and_markets,task,demo_no_numbers,none,none,True,not_covered,unproven_demo,demo
2102800530380644597,trading_and_markets,task,measured_demo,accuracy,none,True,not_covered,cost_only,cost_only
2102797140493828342,classification_routing_triage,interaction,demo_no_numbers,none,none,False,not_covered,unproven_demo,demo
2102728716455448884,trading_and_markets,task,measured_demo,capability,none,True,not_covered,cost_only,cost_only
2102603408637124705,search_rerank_extraction,task,demo_no_numbers,none,none,False,not_covered,unproven_demo,demo
2102755354605916384,classification_routing_triage,batch,measured_demo,accuracy,frontier_llm,False,not_covered,cost_only,cost_only
2102554624125182383,games_control_loops_simulation,unclear,demo_no_numbers,none,small_llm,True,not_covered,unproven_demo,hype
2102596694080938382,evals_and_judging,unclear,demo_no_numbers,none,none,False,not_covered,unproven_demo,demo
2102821626060444145,other_or_meta,unclear,demo_no_numbers,none,none,False,noise,noise,noise
2102800607794864317,trading_and_markets,task,measured_demo,cost,none,True,not_covered,cost_only,cost_only
2102794062151520541,agent_harness_and_tool_gating,task,demo_no_numbers,capability,none,False,not_covered,hype,demo
2102727172473360583,classification_routing_triage,interaction,measured_demo,accuracy,classic_classifier_or_ml,False,not_covered,cost_only,cost_only
2102800278001213853,data_and_telemetry,batch,measured_demo,cost,none,False,not_covered,cost_only,cost_only
2102574797272068431,classification_routing_triage,interaction,measured_demo,accuracy,small_llm,False,not_covered,cost_only,cost_only
2102575069293576489,games_control_loops_simulation,feel,demo_no_numbers,none,none,True,not_covered,unproven_demo,demo
2102750077454577818,search_rerank_extraction,interaction,demo_no_numbers,none,none,False,not_covered,unproven_demo,demo
2102820290711744712,evals_and_judging,batch,demo_no_numbers,none,none,False,not_covered,unproven_demo,demo
2102560216936321419,other_or_meta,unclear,measured_demo,cost,none,False,noise,noise,noise
2102810083004395593,trading_and_markets,task,demo_no_numbers,capability,none,True,not_covered,hype,demo
2102779245756112950,trading_and_markets,batch,measured_demo,accuracy,none,False,not_covered,cost_only,cost_only
2102613810981048408,classification_routing_triage,batch,measured_demo,latency,none,False,not_covered,cost_only,cost_only
2102753488761749945,browser_and_computer_use,interaction,demo_no_numbers,none,none,True,not_covered,unproven_demo,demo
2102647304264298856,data_and_telemetry,batch,demo_no_numbers,none,none,False,not_covered,unproven_demo,demo
2102730635492343899,data_and_telemetry,batch,measured_demo,latency,none,False,not_covered,cost_only,cost_only
2102610832043765927,data_and_telemetry,batch,measured_demo,accuracy,frontier_llm,False,not_covered,cost_only,cost_only
2102692751519383609,search_rerank_extraction,interaction,demo_no_numbers,none,none,False,not_covered,unproven_demo,demo
2102574515268247961,games_control_loops_simulation,interaction,demo_no_numbers,none,none,True,not_covered,unproven_demo,demo
2102588161910047166,classification_routing_triage,task,demo_no_numbers,none,none,False,not_covered,unproven_demo,demo
2102600343855018312,agent_harness_and_tool_gating,task,demo_no_numbers,capability,none,False,not_covered,hype,demo
2102808179608601066,classification_routing_triage,interaction,demo_no_numbers,latency,none,True,not_covered,hype,hype
2102806996852351305,classification_routing_triage,task,measured_demo,cost,none,False,not_covered,cost_only,cost_only
2102650141152793033,moderation_and_guardrails,task,demo_no_numbers,cost,none,False,not_covered,hype,hype
2102758519908811133,games_control_loops_simulation,feel,measured_demo,latency,none,True,not_covered,material,fast_loop
2102600956512993675,other_or_meta,interaction,demo_no_numbers,capability,none,True,noise,noise,noise
2102632098800754902,moderation_and_guardrails,interaction,measured_demo,cost,none,True,material,material,material
2102606174604632161,other_or_meta,unclear,demo_no_numbers,none,none,False,noise,noise,noise
2102649099044725031,games_control_loops_simulation,feel,demo_no_numbers,none,none,True,not_covered,unproven_demo,demo
2102631419726217665,search_rerank_extraction,interaction,demo_no_numbers,none,none,False,not_covered,unproven_demo,demo
2102824951543656875,other_or_meta,unclear,demo_no_numbers,none,small_llm,False,noise,noise,noise
2102796348156518543,games_control_loops_simulation,feel,measured_demo,accuracy,none,True,not_covered,material,fast_loop
2102697688399749287,other_or_meta,unclear,demo_no_numbers,none,none,False,noise,noise,noise
2102696851229323280,other_or_meta,unclear,measured_demo,latency,none,False,noise,noise,noise
2102765131352699090,games_control_loops_simulation,feel,demo_no_numbers,none,none,True,not_covered,unproven_demo,demo
2102793049671922007,classification_routing_triage,interaction,demo_no_numbers,none,none,False,not_covered,unproven_demo,demo
2102644011790164014,other_or_meta,unclear,demo_no_numbers,none,none,False,noise,noise,noise
2102593190067151091,other_or_meta,unclear,demo_no_numbers,capability,none,False,noise,noise,noise
2102771125130551776,classification_routing_triage,interaction,demo_no_numbers,capability,frontier_llm,False,not_covered,hype,hype
2102581717609652522,other_or_meta,unclear,demo_no_numbers,none,none,False,noise,noise,noise
2102755210636689413,evals_and_judging,batch,measured_demo,cost,frontier_llm,False,not_covered,cost_only,cost_only
2102593972250247557,collaboration_and_typing,interaction,demo_no_numbers,cost,none,True,not_covered,hype,hype
2102649759404056600,other_or_meta,unclear,commentary_or_meme,none,none,False,noise,noise,noise
2102749609751945413,other_or_meta,unclear,demo_no_numbers,none,none,False,noise,noise,noise
2102763727753978255,other_or_meta,unclear,measured_demo,accuracy,none,False,noise,noise,noise
2102810948855857645,classification_routing_triage,batch,measured_demo,latency,none,False,not_covered,cost_only,cost_only
2102613765632164114,games_control_loops_simulation,feel,demo_no_numbers,none,none,True,not_covered,unproven_demo,demo
2102779997161206246,moderation_and_guardrails,interaction,demo_no_numbers,none,none,False,not_covered,unproven_demo,demo
2102711464062804303,browser_and_computer_use,task,measured_demo,latency,none,True,not_covered,cost_only,cost_only
2102765252459032857,games_control_loops_simulation,turn,demo_no_numbers,capability,none,True,not_covered,hype,demo
2102564127285866546,classification_routing_triage,interaction,demo_no_numbers,none,none,False,not_covered,unproven_demo,demo
2102617962037625120,trading_and_markets,task,demo_no_numbers,none,none,True,not_covered,unproven_demo,demo
2102592408567648428,evals_and_judging,batch,measured_demo,latency,frontier_llm,False,not_covered,cost_only,cost_only
2102682845915619333,agent_harness_and_tool_gating,task,demo_no_numbers,capability,none,False,not_covered,hype,demo
2102585726198296649,classification_routing_triage,batch,measured_demo,cost,frontier_llm,False,not_covered,cost_only,cost_only
2102553449309278598,agent_harness_and_tool_gating,task,demo_no_numbers,capability,rules_or_regex,False,not_covered,hype,hype
2102675839380763115,trading_and_markets,task,demo_no_numbers,none,none,True,not_covered,unproven_demo,demo
2102550074547196401,search_rerank_extraction,interaction,demo_no_numbers,none,vendor_api,False,not_covered,unproven_demo,hype
2102696532449640844,evals_and_judging,batch,demo_no_numbers,none,none,False,not_covered,unproven_demo,demo
2102575529312256373,other_or_meta,unclear,measured_demo,accuracy,none,False,noise,noise,noise
2102792886588981753,other_or_meta,unclear,commentary_or_meme,none,none,False,noise,noise,noise
2102588743345688730,moderation_and_guardrails,unclear,demo_no_numbers,none,frontier_llm,False,not_covered,hype,hype
2102560224053989513,other_or_meta,task,measured_demo,cost,none,False,noise,noise,noise
2102695031526007266,other_or_meta,unclear,demo_no_numbers,none,none,False,noise,noise,noise
2102639101656883417,other_or_meta,unclear,measured_demo,accuracy,none,False,noise,noise,noise
2102828201550418104,other_or_meta,unclear,demo_no_numbers,capability,frontier_llm,False,noise,noise,noise
2102553760547602688,classification_routing_triage,batch,measured_demo,cost,frontier_llm,False,not_covered,cost_only,cost_only
2102585190006902950,games_control_loops_simulation,feel,demo_no_numbers,none,none,True,not_covered,unproven_demo,demo
2102671417615794228,agent_harness_and_tool_gating,task,demo_no_numbers,none,none,False,not_covered,unproven_demo,demo
2102709060114202804,other_or_meta,unclear,measured_demo,cost,none,True,noise,noise,noise
2102701608828305445,search_rerank_extraction,interaction,demo_no_numbers,latency,none,False,not_covered,hype,hype
2102772320981209311,other_or_meta,unclear,demo_no_numbers,none,none,False,noise,noise,noise
2102632920032915803,trading_and_markets,feel,demo_no_numbers,none,none,True,not_covered,unproven_demo,demo
2102710216714523050,classification_routing_triage,batch,demo_no_numbers,accuracy,none,False,not_covered,unproven_demo,hype
2102692576465957030,search_rerank_extraction,interaction,measured_demo,cost,rules_or_regex,False,not_covered,cost_only,cost_only
2102821678695043332,moderation_and_guardrails,batch,measured_demo,accuracy,none,False,not_covered,cost_only,cost_only
2102652264519233988,classification_routing_triage,batch,demo_no_numbers,latency,none,False,not_covered,hype,hype
2102829127963484463,other_or_meta,unclear,demo_no_numbers,none,none,True,noise,noise,noise
2102821907171266736,games_control_loops_simulation,feel,measured_demo,cost,none,True,not_covered,material,fast_loop
2102580176924053812,data_and_telemetry,batch,demo_no_numbers,capability,none,False,not_covered,hype,demo
2102710321958019301,games_control_loops_simulation,feel,demo_no_numbers,none,none,True,not_covered,unproven_demo,demo
2102726341468512537,trading_and_markets,task,demo_no_numbers,none,none,True,not_covered,unproven_demo,demo
2102560221268980197,classification_routing_triage,task,demo_no_numbers,none,none,False,not_covered,unproven_demo,demo
2102743181909705043,games_control_loops_simulation,task,demo_no_numbers,capability,frontier_llm,True,not_covered,hype,hype
2102813252296364287,trading_and_markets,interaction,demo_no_numbers,none,none,True,not_covered,unproven_demo,demo
2102585483263938638,agent_harness_and_tool_gating,task,demo_no_numbers,latency,none,False,not_covered,hype,hype
2102676301819875621,data_and_telemetry,batch,measured_demo,latency,none,False,not_covered,cost_only,cost_only
2102670021889831278,other_or_meta,unclear,demo_no_numbers,none,none,False,noise,noise,noise
2102803134259335308,agent_harness_and_tool_gating,task,demo_no_numbers,none,none,False,not_covered,unproven_demo,demo
2102578820104470888,moderation_and_guardrails,interaction,measured_demo,latency,rules_or_regex,True,not_covered,material,material
2102738022148039107,data_and_telemetry,batch,measured_demo,none,none,False,not_covered,cost_only,cost_only
2102710682311344202,other_or_meta,unclear,demo_no_numbers,none,none,False,noise,noise,noise
2102817131968569841,trading_and_markets,task,demo_no_numbers,cost,frontier_llm,True,hype,hype,hype
2102806565250093226,classification_routing_triage,batch,measured_demo,accuracy,small_llm,False,cost_only,cost_only,cost_only
2102662108068647269,other_or_meta,unclear,demo_no_numbers,none,frontier_llm,False,noise,noise,noise
2102668843982487718,other_or_meta,unclear,demo_no_numbers,capability,none,False,noise,noise,noise
2102759173276762623,other_or_meta,unclear,demo_no_numbers,none,none,False,noise,noise,noise
2102680148852322563,games_control_loops_simulation,feel,demo_no_numbers,none,none,True,not_covered,unproven_demo,demo
2102722760116175172,classification_routing_triage,interaction,demo_no_numbers,none,none,False,not_covered,unproven_demo,demo
2102831336515924163,moderation_and_guardrails,task,demo_no_numbers,none,none,False,not_covered,unproven_demo,demo
2102796188965883937,classification_routing_triage,task,measured_demo,latency,frontier_llm,False,not_covered,cost_only,cost_only
2102807868860985442,games_control_loops_simulation,feel,demo_no_numbers,latency,none,True,not_covered,hype,hype
2102621899482407282,other_or_meta,interaction,measured_demo,none,none,False,noise,noise,noise
2102760789300162610,games_control_loops_simulation,feel,measured_demo,none,none,True,not_covered,material,fast_loop
2102812593064685977,evals_and_judging,batch,measured_demo,latency,frontier_llm,False,not_covered,cost_only,cost_only
2102575435892863423,trading_and_markets,task,demo_no_numbers,capability,none,False,not_covered,hype,demo
2102743716767346765,classification_routing_triage,task,measured_demo,cost,frontier_llm,False,not_covered,cost_only,cost_only
2102759754548314325,agent_harness_and_tool_gating,task,measured_demo,accuracy,none,False,not_covered,cost_only,cost_only
2102761174886662637,agent_harness_and_tool_gating,task,demo_no_numbers,capability,none,False,not_covered,hype,demo
2102785115243852033,other_or_meta,unclear,demo_no_numbers,none,none,False,noise,noise,noise
2102570821474750743,agent_harness_and_tool_gating,task,demo_no_numbers,none,small_llm,False,not_covered,unproven_demo,hype
2102748557010780654,trading_and_markets,interaction,demo_no_numbers,latency,none,False,not_covered,hype,hype
2102799649119900027,search_rerank_extraction,interaction,demo_no_numbers,none,none,False,not_covered,unproven_demo,demo
2102625575328452965,games_control_loops_simulation,feel,demo_no_numbers,none,none,True,not_covered,unproven_demo,demo
2102726043757166937,evals_and_judging,task,measured_demo,accuracy,none,False,not_covered,cost_only,cost_only
2102614673837490365,trading_and_markets,task,demo_no_numbers,none,none,True,not_covered,unproven_demo,demo
2102607928268304747,games_control_loops_simulation,feel,demo_no_numbers,none,none,False,not_covered,unproven_demo,demo
2102641360595730549,classification_routing_triage,task,measured_demo,cost,none,False,not_covered,cost_only,cost_only
2102729909592527159,games_control_loops_simulation,feel,measured_demo,none,none,True,not_covered,material,fast_loop
2102806900622377283,classification_routing_triage,interaction,demo_no_numbers,none,none,False,not_covered,unproven_demo,demo
2102617528287596906,classification_routing_triage,task,measured_demo,cost,frontier_llm,False,not_covered,cost_only,cost_only
2102694668874199213,search_rerank_extraction,interaction,demo_no_numbers,none,none,False,not_covered,unproven_demo,demo
2102805949237125279,moderation_and_guardrails,task,measured_demo,cost,frontier_llm,False,not_covered,cost_only,cost_only
2102630345690804504,other_or_meta,unclear,demo_no_numbers,capability,none,False,noise,noise,noise
2102717206924870053,compaction_and_context,task,demo_no_numbers,capability,frontier_llm,False,not_covered,hype,hype
2102706649551212780,moderation_and_guardrails,unclear,demo_no_numbers,none,none,False,not_covered,unproven_demo,demo
2102675318507229240,other_or_meta,unclear,measured_demo,accuracy,none,False,noise,noise,noise
2102764755786354818,classification_routing_triage,task,measured_demo,latency,none,False,not_covered,cost_only,cost_only
2102776512600530958,agent_harness_and_tool_gating,task,demo_no_numbers,none,none,False,not_covered,unproven_demo,demo
2102751664763740660,classification_routing_triage,interaction,demo_no_numbers,none,none,False,not_covered,unproven_demo,demo
2102727337116922039,compaction_and_context,task,proposal_or_idea,capability,frontier_llm,False,not_covered,hype,hype
2102636444980584935,other_or_meta,unclear,demo_no_numbers,none,none,False,noise,noise,noise
2102760461750222901,agent_harness_and_tool_gating,task,measured_demo,latency,frontier_llm,False,not_covered,cost_only,cost_only
2102758684837462022,games_control_loops_simulation,feel,demo_no_numbers,none,none,True,not_covered,unproven_demo,demo
2102767249383928176,other_or_meta,unclear,demo_no_numbers,none,none,False,noise,noise,noise
2102802134723100805,live_chat_streams_events,interaction,measured_demo,latency,none,True,material,material,material
2102613636305052085,agent_harness_and_tool_gating,task,measured_demo,latency,frontier_llm,False,not_covered,cost_only,cost_only
2102764962523320817,games_control_loops_simulation,feel,demo_no_numbers,none,small_llm,True,not_covered,unproven_demo,hype
2102812432062144678,games_control_loops_simulation,feel,demo_no_numbers,none,none,True,not_covered,unproven_demo,demo
2102574517382209646,games_control_loops_simulation,interaction,demo_no_numbers,none,none,True,not_covered,unproven_demo,demo
2102682834846568846,evals_and_judging,task,demo_no_numbers,none,none,False,not_covered,unproven_demo,demo
2102765489479139661,classification_routing_triage,task,measured_demo,latency,frontier_llm,False,not_covered,cost_only,cost_only
2102758018849075269,classification_routing_triage,batch,demo_no_numbers,latency,none,False,not_covered,hype,hype
2102618041427075263,agent_harness_and_tool_gating,task,demo_no_numbers,capability,none,False,not_covered,hype,demo
2102631869837930799,moderation_and_guardrails,interaction,demo_no_numbers,none,none,False,not_covered,unproven_demo,demo
2102609249860014451,games_control_loops_simulation,feel,demo_no_numbers,none,none,True,not_covered,unproven_demo,demo
2102719714258792948,games_control_loops_simulation,feel,demo_no_numbers,none,none,True,not_covered,unproven_demo,demo
2102799059086114918,live_chat_streams_events,turn,demo_no_numbers,none,none,True,not_covered,unproven_demo,demo
2102582944502063597,other_or_meta,unclear,demo_no_numbers,none,none,False,noise,noise,noise
2102787082351751532,other_or_meta,task,measured_demo,latency,frontier_llm,False,noise,noise,noise
2102792799703773254,evals_and_judging,batch,demo_no_numbers,none,none,False,not_covered,unproven_demo,demo
2102552901399044205,classification_routing_triage,interaction,measured_demo,cost,none,False,not_covered,cost_only,cost_only
2102691946569642216,games_control_loops_simulation,feel,demo_no_numbers,capability,none,True,not_covered,hype,demo
2102636387451490596,games_control_loops_simulation,feel,demo_no_numbers,none,none,True,not_covered,unproven_demo,demo
2102588073569865891,agent_harness_and_tool_gating,task,demo_no_numbers,none,none,False,not_covered,unproven_demo,demo
2102577229498925210,games_control_loops_simulation,feel,demo_no_numbers,none,none,True,not_covered,unproven_demo,demo
2102693722592780666,data_and_telemetry,batch,demo_no_numbers,none,none,True,not_covered,unproven_demo,demo
2102672636606300330,data_and_telemetry,batch,measured_demo,accuracy,none,False,not_covered,cost_only,cost_only
2102767767229432103,classification_routing_triage,task,measured_demo,latency,none,False,not_covered,cost_only,cost_only
2102807288155394376,classification_routing_triage,batch,measured_demo,cost,none,False,not_covered,cost_only,cost_only
2102618688276856906,search_rerank_extraction,interaction,demo_no_numbers,capability,rules_or_regex,False,not_covered,hype,hype
2102551316262531464,other_or_meta,unclear,demo_no_numbers,latency,none,False,noise,noise,noise
2102621399844294786,agent_harness_and_tool_gating,task,measured_demo,cost,frontier_llm,False,not_covered,cost_only,cost_only
2102739686384955633,data_and_telemetry,batch,measured_demo,cost,none,False,not_covered,cost_only,cost_only
2102765695444594829,moderation_and_guardrails,interaction,demo_no_numbers,none,none,False,not_covered,unproven_demo,demo
2102828475102949577,other_or_meta,unclear,demo_no_numbers,none,none,False,noise,noise,noise
2102800100275970163,search_rerank_extraction,interaction,measured_demo,latency,none,False,not_covered,cost_only,cost_only
2102823657710252341,other_or_meta,unclear,demo_no_numbers,none,none,False,noise,noise,noise
2102612659954946259,moderation_and_guardrails,interaction,demo_no_numbers,none,none,False,not_covered,unproven_demo,demo
2102668691980828779,moderation_and_guardrails,interaction,demo_no_numbers,none,none,False,not_covered,unproven_demo,demo
2102769841224794621,data_and_telemetry,batch,demo_no_numbers,none,none,False,not_covered,unproven_demo,demo
2102796831717810564,agent_harness_and_tool_gating,task,measured_demo,latency,frontier_llm,False,not_covered,cost_only,cost_only
2102633505813663887,other_or_meta,unclear,demo_no_numbers,none,none,False,noise,noise,noise
2102607123825721731,evals_and_judging,task,measured_demo,cost,frontier_llm,False,not_covered,cost_only,cost_only
2102663541090091459,classification_routing_triage,interaction,demo_no_numbers,none,none,False,not_covered,unproven_demo,demo
2102696575340531951,classification_routing_triage,batch,demo_no_numbers,capability,none,False,not_covered,hype,demo
2102828677708865695,games_control_loops_simulation,feel,demo_no_numbers,none,none,True,not_covered,unproven_demo,demo
2102826562206761222,trading_and_markets,task,measured_demo,latency,none,True,not_covered,cost_only,cost_only
2102606290753114439,other_or_meta,unclear,measured_demo,latency,none,False,noise,noise,noise
2102704527405441387,classification_routing_triage,interaction,demo_no_numbers,capability,none,False,not_covered,hype,demo
2102698192840368403,evals_and_judging,interaction,demo_no_numbers,accuracy,frontier_llm,False,not_covered,hype,hype
2102733314193035368,trading_and_markets,task,demo_no_numbers,none,none,True,not_covered,unproven_demo,demo
2102818524624269524,classification_routing_triage,task,measured_production,latency,small_llm,False,cost_only,cost_only,cost_only
2102697926266958203,agent_harness_and_tool_gating,task,demo_no_numbers,none,none,False,not_covered,unproven_demo,demo
2102744436790993381,moderation_and_guardrails,batch,measured_demo,cost,frontier_llm,False,not_covered,cost_only,cost_only
2102789385083040057,other_or_meta,unclear,demo_no_numbers,none,none,False,noise,noise,noise
2102637484098339057,classification_routing_triage,interaction,demo_no_numbers,cost,none,False,not_covered,hype,hype
2102571319355158981,other_or_meta,unclear,demo_no_numbers,none,none,False,noise,noise,noise
2102553697406288107,trading_and_markets,task,demo_no_numbers,none,none,True,not_covered,unproven_demo,demo
2102609496887746660,other_or_meta,unclear,demo_no_numbers,none,none,False,noise,noise,noise
2102640287466295529,agent_harness_and_tool_gating,task,demo_no_numbers,cost,none,False,not_covered,hype,hype
2102580327600504990,evals_and_judging,task,demo_no_numbers,cost,frontier_llm,False,hype,hype,hype
2102700253761941817,browser_and_computer_use,task,demo_no_numbers,cost,none,True,not_covered,hype,hype
2102669301035511948,other_or_meta,unclear,measured_demo,none,none,False,noise,noise,noise
2102765617703235745,games_control_loops_simulation,feel,measured_demo,latency,none,True,not_covered,material,fast_loop
2102753628356509822,agent_harness_and_tool_gating,task,measured_demo,latency,frontier_llm,False,not_covered,cost_only,cost_only
2102756683567292843,collaboration_and_typing,interaction,demo_no_numbers,none,none,True,not_covered,unproven_demo,demo
2102639589534073227,other_or_meta,unclear,measured_demo,latency,none,False,noise,noise,noise
2102629106856956191,evals_and_judging,task,measured_demo,cost,none,False,not_covered,cost_only,cost_only
2102802801600659829,agent_harness_and_tool_gating,task,demo_no_numbers,none,none,False,not_covered,unproven_demo,demo
2102815968972181635,moderation_and_guardrails,task,demo_no_numbers,none,none,False,not_covered,unproven_demo,demo
2102809003063681322,games_control_loops_simulation,feel,demo_no_numbers,none,none,True,not_covered,unproven_demo,demo
2102785491238367652,other_or_meta,unclear,demo_no_numbers,none,none,False,noise,noise,noise
2102639358365126802,other_or_meta,unclear,measured_demo,none,none,False,noise,noise,noise
2102642958365581800,search_rerank_extraction,interaction,demo_no_numbers,none,none,False,not_covered,unproven_demo,demo
2102592171819909232,data_and_telemetry,batch,measured_demo,accuracy,none,False,not_covered,cost_only,cost_only
2102643294765515144,classification_routing_triage,task,demo_no_numbers,none,none,False,not_covered,unproven_demo,demo
2102641015438152140,evals_and_judging,task,measured_demo,none,none,False,not_covered,cost_only,cost_only
2102587231106211927,classification_routing_triage,batch,demo_no_numbers,none,none,False,not_covered,unproven_demo,demo
2102556626083283260,classification_routing_triage,unclear,commentary_or_meme,cost,none,False,noise,noise,noise
2102578007546437967,other_or_meta,unclear,measured_demo,none,none,False,noise,noise,noise
2102703908980470094,games_control_loops_simulation,feel,demo_no_numbers,none,none,True,not_covered,unproven_demo,demo
2102691865313317015,games_control_loops_simulation,feel,demo_no_numbers,accuracy,none,True,not_covered,unproven_demo,hype
2102619031274393994,trading_and_markets,task,measured_demo,none,none,False,not_covered,cost_only,cost_only
2102575348609142871,agent_harness_and_tool_gating,task,demo_no_numbers,none,none,False,not_covered,unproven_demo,demo
2102608971999875122,trading_and_markets,task,measured_demo,none,none,False,not_covered,cost_only,cost_only
2102576557906940274,classification_routing_triage,task,demo_no_numbers,latency,none,False,not_covered,hype,hype
2102641737545949210,evals_and_judging,unclear,measured_demo,accuracy,classic_classifier_or_ml,False,not_covered,cost_only,cost_only
2102703300302791055,search_rerank_extraction,interaction,demo_no_numbers,none,none,False,not_covered,unproven_demo,demo
2102684400743772323,classification_routing_triage,interaction,demo_no_numbers,none,none,True,not_covered,unproven_demo,demo
2102766817127358897,data_and_telemetry,batch,demo_no_numbers,none,none,False,not_covered,unproven_demo,demo
2102766485068202039,agent_harness_and_tool_gating,interaction,demo_no_numbers,none,none,True,not_covered,unproven_demo,demo
2102558351091523926,classification_routing_triage,batch,measured_demo,latency,frontier_llm,False,not_covered,cost_only,cost_only
2102578746570281200,search_rerank_extraction,unclear,demo_no_numbers,none,none,False,not_covered,unproven_demo,demo
2102608091632025872,agent_harness_and_tool_gating,task,demo_no_numbers,cost,frontier_llm,False,hype,hype,hype
2102719563573989397,games_control_loops_simulation,feel,demo_no_numbers,none,none,True,not_covered,unproven_demo,demo
2102827821454233928,search_rerank_extraction,interaction,demo_no_numbers,none,none,False,not_covered,unproven_demo,demo
2102614156549480875,other_or_meta,unclear,measured_demo,none,none,False,noise,noise,noise
2102637465211424863,other_or_meta,unclear,measured_demo,none,none,False,noise,noise,noise
2102651843742781455,moderation_and_guardrails,task,demo_no_numbers,none,none,False,not_covered,unproven_demo,demo
2102672420801003749,other_or_meta,unclear,demo_no_numbers,none,none,False,noise,noise,noise
2102829872917914088,other_or_meta,unclear,demo_no_numbers,none,none,False,noise,noise,noise
2102629493034598406,evals_and_judging,task,demo_no_numbers,accuracy,none,False,not_covered,unproven_demo,hype
2102631794667577651,search_rerank_extraction,interaction,demo_no_numbers,cost,none,False,not_covered,hype,hype
2102766767911440792,agent_harness_and_tool_gating,task,demo_no_numbers,none,none,False,not_covered,unproven_demo,demo
2102798795738349825,classification_routing_triage,task,demo_no_numbers,none,none,False,not_covered,unproven_demo,demo
2102668130812084487,other_or_meta,unclear,measured_demo,latency,frontier_llm,False,noise,noise,noise
2102764970949693837,games_control_loops_simulation,task,demo_no_numbers,capability,none,False,not_covered,hype,demo
2102643279141666977,moderation_and_guardrails,interaction,demo_no_numbers,none,none,True,not_covered,unproven_demo,demo
2102623999968621030,search_rerank_extraction,interaction,demo_no_numbers,none,none,False,not_covered,unproven_demo,demo
2102614158747337052,classification_routing_triage,batch,measured_demo,accuracy,none,False,not_covered,cost_only,cost_only
2102568532580220991,agent_harness_and_tool_gating,task,measured_demo,cost,frontier_llm,True,not_covered,cost_only,cost_only
2102700998859084026,classification_routing_triage,interaction,demo_no_numbers,none,none,True,not_covered,unproven_demo,demo
2102766515028447624,moderation_and_guardrails,interaction,demo_no_numbers,none,none,False,not_covered,unproven_demo,demo
2102830583793729868,browser_and_computer_use,task,demo_no_numbers,none,none,False,not_covered,unproven_demo,demo
2102705755262460350,trading_and_markets,task,measured_demo,none,none,False,not_covered,cost_only,cost_only
2102705520234901723,browser_and_computer_use,task,demo_no_numbers,none,none,False,not_covered,unproven_demo,demo
2102709070985895973,data_and_telemetry,batch,measured_demo,cost,none,False,not_covered,cost_only,cost_only
2102751607238902258,moderation_and_guardrails,interaction,demo_no_numbers,none,none,True,not_covered,unproven_demo,demo
2102827084708040910,moderation_and_guardrails,interaction,measured_demo,cost,frontier_llm,False,not_covered,cost_only,cost_only
2102633943891857663,search_rerank_extraction,interaction,measured_production,latency,frontier_llm,False,not_covered,cost_only,cost_only
2102644378615562461,agent_harness_and_tool_gating,task,demo_no_numbers,none,none,False,not_covered,unproven_demo,demo
2102688799989862614,classification_routing_triage,task,demo_no_numbers,none,none,False,not_covered,unproven_demo,demo
2102769653638635969,search_rerank_extraction,interaction,demo_no_numbers,none,none,False,not_covered,unproven_demo,demo
2102766300397510857,evals_and_judging,batch,demo_no_numbers,none,none,False,not_covered,unproven_demo,demo
2102811016664846499,search_rerank_extraction,task,demo_no_numbers,none,none,False,not_covered,unproven_demo,demo
2102775690256867816,classification_routing_triage,task,measured_demo,accuracy,frontier_llm,False,not_covered,cost_only,cost_only
2102642411227037729,classification_routing_triage,task,demo_no_numbers,none,none,False,not_covered,unproven_demo,demo
2102639184678736274,classification_routing_triage,interaction,demo_no_numbers,none,none,True,not_covered,unproven_demo,demo
2102829544084587004,agent_harness_and_tool_gating,task,measured_demo,accuracy,none,False,not_covered,cost_only,cost_only
2102778762547093776,other_or_meta,unclear,demo_no_numbers,none,none,False,noise,noise,noise
2102549919684841675,other_or_meta,unclear,demo_no_numbers,none,none,False,noise,noise,noise
2102709375584575545,trading_and_markets,task,measured_demo,none,none,False,not_covered,cost_only,cost_only
2102758076382384560,classification_routing_triage,unclear,demo_no_numbers,none,none,False,not_covered,unproven_demo,demo
2102768221313253529,classification_routing_triage,task,demo_no_numbers,capability,frontier_llm,False,not_covered,hype,hype
2102829702574678120,agent_harness_and_tool_gating,task,demo_no_numbers,cost,none,False,not_covered,hype,hype
2102704683341234253,games_control_loops_simulation,feel,demo_no_numbers,none,none,True,not_covered,unproven_demo,demo
2102704709731807305,games_control_loops_simulation,feel,measured_demo,none,none,True,not_covered,material,fast_loop
2102643707799646543,moderation_and_guardrails,interaction,measured_demo,none,none,False,not_covered,cost_only,cost_only
2102643635099402595,trading_and_markets,task,measured_demo,cost,frontier_llm,True,not_covered,cost_only,cost_only
2102759853546476027,agent_harness_and_tool_gating,task,demo_no_numbers,none,none,False,not_covered,unproven_demo,demo
2102704751607779485,games_control_loops_simulation,feel,demo_no_numbers,none,none,True,not_covered,unproven_demo,demo
2102536894169096357,other_or_meta,unclear,measured_demo,latency,none,False,noise,noise,noise
2102265179543400907,classification_routing_triage,batch,measured_demo,cost,classic_classifier_or_ml,False,not_covered,cost_only,cost_only
2102530700218077415,moderation_and_guardrails,interaction,demo_no_numbers,none,none,False,not_covered,unproven_demo,demo
2102453475078533209,agent_harness_and_tool_gating,task,demo_no_numbers,cost,none,False,not_covered,hype,hype
2102365094126801385,agent_harness_and_tool_gating,task,demo_no_numbers,none,none,False,not_covered,unproven_demo,demo
2102190936780312800,data_and_telemetry,batch,demo_no_numbers,cost,none,False,not_covered,hype,hype
2102366209878765761,other_or_meta,unclear,demo_no_numbers,none,none,False,noise,noise,noise
2102197241331290121,trading_and_markets,task,demo_no_numbers,latency,classic_classifier_or_ml,True,not_covered,hype,hype
2102417420300468735,trading_and_markets,task,measured_demo,none,none,True,not_covered,cost_only,cost_only
2102319027649655056,other_or_meta,unclear,demo_no_numbers,none,none,False,noise,noise,noise
2102437176311263644,trading_and_markets,task,demo_no_numbers,none,none,True,not_covered,unproven_demo,demo
2102447757722050959,agent_harness_and_tool_gating,task,demo_no_numbers,accuracy,none,False,not_covered,unproven_demo,hype
2102456912486989945,agent_harness_and_tool_gating,task,demo_no_numbers,none,none,False,not_covered,unproven_demo,demo
2102205625514226174,browser_and_computer_use,task,demo_no_numbers,capability,none,True,not_covered,hype,demo
2102366175317643395,collaboration_and_typing,interaction,demo_no_numbers,capability,none,True,not_covered,hype,demo
2102421323788292474,classification_routing_triage,interaction,demo_no_numbers,none,none,True,not_covered,unproven_demo,demo
2102373487293911494,other_or_meta,unclear,demo_no_numbers,none,none,False,noise,noise,noise
2102303761528246666,search_rerank_extraction,interaction,demo_no_numbers,none,none,False,not_covered,unproven_demo,demo
2102218284825444362,other_or_meta,unclear,demo_no_numbers,none,none,False,noise,noise,noise
2102443273339994558,search_rerank_extraction,task,demo_no_numbers,none,none,False,not_covered,unproven_demo,demo
2102530097899045013,other_or_meta,unclear,demo_no_numbers,accuracy,none,False,noise,noise,noise
2102198046201086356,classification_routing_triage,interaction,demo_no_numbers,none,none,False,not_covered,unproven_demo,demo
2102243119320453262,other_or_meta,interaction,demo_no_numbers,none,none,False,noise,noise,noise
2102432538480234946,agent_harness_and_tool_gating,task,demo_no_numbers,latency,frontier_llm,False,hype,hype,hype
2102431552785596524,data_and_telemetry,batch,demo_no_numbers,none,none,False,not_covered,unproven_demo,demo
2102192643480678651,games_control_loops_simulation,feel,demo_no_numbers,accuracy,none,True,not_covered,unproven_demo,hype
2102365625834447312,games_control_loops_simulation,feel,demo_no_numbers,none,none,True,not_covered,unproven_demo,demo
2102435164760551909,classification_routing_triage,task,measured_demo,cost,none,False,not_covered,cost_only,cost_only
2102224278590554379,other_or_meta,unclear,demo_no_numbers,none,none,False,noise,noise,noise
2102317152430698868,games_control_loops_simulation,feel,demo_no_numbers,none,none,True,not_covered,unproven_demo,demo
2102414585965990349,evals_and_judging,interaction,demo_no_numbers,none,none,False,not_covered,unproven_demo,demo
2102313702003499417,classification_routing_triage,batch,demo_no_numbers,capability,none,False,not_covered,hype,demo
2102426484115996694,trading_and_markets,turn,measured_demo,latency,none,True,material,material,material
2102524775470084280,evals_and_judging,batch,measured_demo,cost,none,False,not_covered,cost_only,cost_only
2102506677094482115,search_rerank_extraction,interaction,measured_demo,latency,none,False,not_covered,cost_only,cost_only
2102278833433153577,data_and_telemetry,batch,measured_demo,cost,none,False,not_covered,cost_only,cost_only
2102536901467295796,browser_and_computer_use,task,demo_no_numbers,capability,none,False,not_covered,hype,demo
2102253938007511493,classification_routing_triage,interaction,demo_no_numbers,none,none,False,not_covered,unproven_demo,demo
2102520314483941446,search_rerank_extraction,task,demo_no_numbers,none,none,False,not_covered,unproven_demo,demo
2102305405280080143,other_or_meta,unclear,demo_no_numbers,none,none,False,noise,noise,noise
2102442969752367389,data_and_telemetry,batch,measured_demo,cost,none,False,not_covered,cost_only,cost_only
2102433115918725337,browser_and_computer_use,task,demo_no_numbers,capability,frontier_llm,False,not_covered,hype,hype
2102423007494889785,agent_harness_and_tool_gating,task,measured_demo,latency,frontier_llm,False,not_covered,cost_only,cost_only
2102480958385541561,agent_harness_and_tool_gating,task,measured_demo,cost,none,False,not_covered,cost_only,cost_only
2102195316829077686,search_rerank_extraction,task,measured_demo,capability,none,False,not_covered,cost_only,cost_only
2102234235847450689,games_control_loops_simulation,feel,demo_no_numbers,none,none,True,not_covered,unproven_demo,demo
2102490616886415503,other_or_meta,unclear,demo_no_numbers,none,none,False,noise,noise,noise
2102246440961724515,games_control_loops_simulation,feel,measured_demo,accuracy,none,True,not_covered,material,fast_loop
2102481496510755075,live_chat_streams_events,interaction,demo_no_numbers,none,none,True,not_covered,unproven_demo,demo
2102538676375109841,live_chat_streams_events,interaction,demo_no_numbers,none,none,True,not_covered,unproven_demo,demo
2102344042545656064,classification_routing_triage,batch,demo_no_numbers,none,none,False,not_covered,unproven_demo,demo
2102196455289335872,classification_routing_triage,task,measured_demo,cost,none,False,not_covered,cost_only,cost_only
2102443168553922868,evals_and_judging,batch,measured_demo,accuracy,small_llm,False,cost_only,cost_only,cost_only
2102418156891361755,agent_harness_and_tool_gating,task,measured_demo,latency,frontier_llm,False,not_covered,cost_only,cost_only
2102435256833823210,classification_routing_triage,batch,demo_no_numbers,none,none,False,not_covered,unproven_demo,demo
2102352212920061969,classification_routing_triage,batch,measured_demo,latency,frontier_llm,False,not_covered,cost_only,cost_only
2102197355856498689,games_control_loops_simulation,feel,demo_no_numbers,none,none,True,not_covered,unproven_demo,demo
2102536501498437803,trading_and_markets,task,demo_no_numbers,latency,none,False,not_covered,hype,hype
2102423384407806159,browser_and_computer_use,task,demo_no_numbers,none,none,False,not_covered,unproven_demo,demo
2102316469908353465,games_control_loops_simulation,feel,demo_no_numbers,latency,none,True,not_covered,hype,hype
2102382428392435837,browser_and_computer_use,interaction,demo_no_numbers,none,none,False,not_covered,unproven_demo,demo
2102422771892416610,classification_routing_triage,task,demo_no_numbers,none,none,False,not_covered,unproven_demo,demo
2102381883107487989,classification_routing_triage,task,demo_no_numbers,none,frontier_llm,False,not_covered,hype,hype
2102355980621324494,collaboration_and_typing,interaction,demo_no_numbers,none,none,True,not_covered,unproven_demo,demo
2102371080522322167,trading_and_markets,task,measured_demo,none,none,True,not_covered,cost_only,cost_only
2102194492606460011,other_or_meta,unclear,measured_demo,accuracy,none,False,noise,noise,noise
2102256932983840814,search_rerank_extraction,task,demo_no_numbers,none,none,False,not_covered,unproven_demo,demo
2102342040805896303,classification_routing_triage,interaction,demo_no_numbers,none,none,False,not_covered,unproven_demo,demo
2102341885037588939,games_control_loops_simulation,feel,demo_no_numbers,none,none,True,not_covered,unproven_demo,demo
2102484373748732399,data_and_telemetry,batch,measured_demo,cost,none,False,not_covered,cost_only,cost_only
2102544925590188470,other_or_meta,unclear,measured_demo,accuracy,none,False,noise,noise,noise
2102210520870977745,other_or_meta,interaction,demo_no_numbers,none,none,False,noise,noise,noise
2102388417627848761,trading_and_markets,interaction,demo_no_numbers,capability,none,True,not_covered,hype,demo
2102350346031149183,games_control_loops_simulation,feel,demo_no_numbers,none,none,True,not_covered,unproven_demo,demo
2102417833535643652,trading_and_markets,task,measured_demo,none,none,True,not_covered,cost_only,cost_only
2102279705340600715,trading_and_markets,interaction,demo_no_numbers,none,none,False,not_covered,unproven_demo,demo
2102199555706024144,other_or_meta,unclear,measured_production,cost,none,False,noise,noise,noise
2102392868144824392,other_or_meta,unclear,demo_no_numbers,capability,none,False,noise,noise,noise
2102197494704992312,classification_routing_triage,task,demo_no_numbers,none,none,False,not_covered,unproven_demo,demo
2102424046508081545,other_or_meta,unclear,demo_no_numbers,none,none,False,noise,noise,noise
2102366504083931536,games_control_loops_simulation,feel,demo_no_numbers,none,none,True,not_covered,unproven_demo,demo
2102370482871767524,trading_and_markets,task,measured_demo,cost,frontier_llm,True,not_covered,cost_only,cost_only
2102480677367431284,games_control_loops_simulation,feel,demo_no_numbers,none,none,True,not_covered,unproven_demo,demo
2102273349560987831,games_control_loops_simulation,feel,demo_no_numbers,capability,none,True,not_covered,hype,demo
2102437229310160910,other_or_meta,unclear,demo_no_numbers,none,none,False,noise,noise,noise
2102385928203653437,trading_and_markets,task,measured_demo,none,none,False,not_covered,cost_only,cost_only
2102510799348756654,browser_and_computer_use,task,demo_no_numbers,capability,none,True,not_covered,hype,demo
2102361073206587588,agent_harness_and_tool_gating,task,demo_no_numbers,cost,none,False,not_covered,hype,hype
2102354661609263234,other_or_meta,unclear,demo_no_numbers,none,none,False,noise,noise,noise
2102234040535494876,evals_and_judging,task,demo_no_numbers,none,frontier_llm,False,not_covered,hype,hype
2102197542419357898,games_control_loops_simulation,feel,demo_no_numbers,none,none,True,not_covered,unproven_demo,demo
2102312736906461339,games_control_loops_simulation,feel,demo_no_numbers,none,none,True,not_covered,unproven_demo,demo
2102436967850144230,classification_routing_triage,batch,demo_no_numbers,capability,none,False,not_covered,hype,demo
2102452809622839611,agent_harness_and_tool_gating,task,measured_demo,cost,frontier_llm,False,not_covered,cost_only,cost_only
2102251573627982243,other_or_meta,task,measured_demo,latency,none,True,noise,noise,noise
2102233127599108349,classification_routing_triage,interaction,measured_demo,latency,none,False,not_covered,cost_only,cost_only
2102498334451630457,other_or_meta,unclear,demo_no_numbers,none,none,False,noise,noise,noise
2102449568961212491,games_control_loops_simulation,feel,demo_no_numbers,none,none,True,not_covered,unproven_demo,demo
2102352560518758801,other_or_meta,unclear,demo_no_numbers,none,none,False,noise,noise,noise
2102385560102805971,data_and_telemetry,batch,demo_no_numbers,capability,none,False,not_covered,hype,demo
2102190191419281826,other_or_meta,task,measured_demo,cost,frontier_llm,False,noise,noise,noise
2102343921221161328,other_or_meta,task,demo_no_numbers,capability,none,False,noise,noise,noise
2102432811944681688,trading_and_markets,task,measured_demo,latency,none,True,not_covered,cost_only,cost_only
2102380673030123933,browser_and_computer_use,task,measured_demo,latency,none,True,not_covered,cost_only,cost_only
2102359784217530845,moderation_and_guardrails,interaction,measured_demo,accuracy,classic_classifier_or_ml,False,not_covered,cost_only,cost_only
2102360919665975439,agent_harness_and_tool_gating,task,demo_no_numbers,none,none,False,not_covered,unproven_demo,demo
2102384993720799732,moderation_and_guardrails,interaction,demo_no_numbers,none,none,False,not_covered,unproven_demo,demo
2102542145039241245,trading_and_markets,task,measured_demo,accuracy,none,True,not_covered,cost_only,cost_only
2102340624955687239,moderation_and_guardrails,interaction,demo_no_numbers,cost,none,False,not_covered,hype,hype
2102433336601760019,games_control_loops_simulation,feel,demo_no_numbers,none,none,True,not_covered,unproven_demo,demo
2102338128929280289,classification_routing_triage,interaction,demo_no_numbers,latency,frontier_llm,False,hype,hype,hype
2102232629902819580,browser_and_computer_use,task,measured_demo,none,none,True,not_covered,cost_only,cost_only
2102514884894183523,search_rerank_extraction,interaction,demo_no_numbers,none,none,False,not_covered,unproven_demo,demo
2102465620671406228,games_control_loops_simulation,feel,measured_demo,latency,none,True,not_covered,material,fast_loop
2102508419504914876,search_rerank_extraction,interaction,demo_no_numbers,capability,none,False,not_covered,hype,demo
2102453039277973829,trading_and_markets,task,measured_demo,none,none,False,not_covered,cost_only,cost_only
2102286767303139779,games_control_loops_simulation,feel,demo_no_numbers,latency,none,True,not_covered,hype,hype
2102354597314748446,other_or_meta,unclear,demo_no_numbers,none,none,False,noise,noise,noise
2102190802160005277,trading_and_markets,batch,measured_demo,accuracy,none,False,not_covered,cost_only,cost_only
2102543336192217551,other_or_meta,unclear,demo_no_numbers,none,none,False,noise,noise,noise
2102294253758210340,trading_and_markets,task,demo_no_numbers,none,none,True,not_covered,unproven_demo,demo
2102350313630187769,data_and_telemetry,batch,demo_no_numbers,none,none,False,not_covered,unproven_demo,demo
2102317476814246126,classification_routing_triage,interaction,measured_demo,accuracy,small_llm,False,not_covered,cost_only,cost_only
2102261423439335517,trading_and_markets,task,measured_demo,none,none,True,not_covered,cost_only,cost_only
2102359122754834650,moderation_and_guardrails,interaction,measured_demo,cost,rules_or_regex,False,not_covered,cost_only,cost_only
2102383372303577259,classification_routing_triage,batch,measured_demo,cost,small_llm,False,cost_only,cost_only,cost_only
2102542452414407092,trading_and_markets,task,demo_no_numbers,capability,none,True,not_covered,hype,demo
2102391212720402925,classification_routing_triage,interaction,measured_demo,latency,none,False,not_covered,cost_only,cost_only
2102381113230692353,live_chat_streams_events,interaction,measured_demo,cost,none,True,material,material,material
2102255242909999470,evals_and_judging,interaction,measured_demo,none,none,False,not_covered,cost_only,cost_only
2102273020064903574,games_control_loops_simulation,feel,demo_no_numbers,capability,none,True,not_covered,hype,demo
2102223547645219145,other_or_meta,unclear,commentary_or_meme,none,none,False,noise,noise,noise
2102219367245394020,agent_harness_and_tool_gating,task,demo_no_numbers,cost,none,False,not_covered,hype,hype
2102341093472010266,other_or_meta,unclear,demo_no_numbers,accuracy,none,False,noise,noise,noise
2102360006847033655,other_or_meta,unclear,demo_no_numbers,none,none,False,noise,noise,noise
2102508777836597307,games_control_loops_simulation,feel,demo_no_numbers,latency,frontier_llm,True,hype,hype,hype
2102538742053695736,browser_and_computer_use,task,demo_no_numbers,none,none,True,not_covered,unproven_demo,demo
2102459737094975598,search_rerank_extraction,interaction,demo_no_numbers,none,none,False,not_covered,unproven_demo,demo
2102243184470294586,other_or_meta,unclear,demo_no_numbers,none,none,False,noise,noise,noise
2102392507325927846,other_or_meta,unclear,demo_no_numbers,none,none,False,noise,noise,noise
2102541607778373818,classification_routing_triage,interaction,measured_demo,accuracy,small_llm,False,not_covered,cost_only,cost_only
2102305365459394658,moderation_and_guardrails,interaction,measured_demo,accuracy,small_llm,True,not_covered,cost_only,cost_only
2102226460710719618,other_or_meta,unclear,demo_no_numbers,none,none,False,noise,noise,noise
2102387516083233000,agent_harness_and_tool_gating,task,demo_no_numbers,none,none,True,not_covered,unproven_demo,demo
2102229395582902315,search_rerank_extraction,interaction,demo_no_numbers,accuracy,frontier_llm,False,not_covered,hype,hype
2102538814459896061,classification_routing_triage,interaction,demo_no_numbers,none,none,False,not_covered,unproven_demo,demo
2102328241298010306,moderation_and_guardrails,interaction,measured_demo,latency,none,True,material,material,material
2102419737305067892,other_or_meta,unclear,demo_no_numbers,none,none,False,noise,noise,noise
2102416678684643646,agent_harness_and_tool_gating,task,demo_no_numbers,none,rules_or_regex,True,not_covered,unproven_demo,hype
2102397135220281496,games_control_loops_simulation,feel,demo_no_numbers,none,none,True,not_covered,unproven_demo,demo
2102532930962850249,classification_routing_triage,interaction,measured_demo,latency,none,False,not_covered,cost_only,cost_only
2102242154399850662,other_or_meta,unclear,demo_no_numbers,none,none,False,noise,noise,noise
2102367977454841955,data_and_telemetry,batch,measured_demo,latency,none,False,not_covered,cost_only,cost_only
2102316786360475718,browser_and_computer_use,task,demo_no_numbers,none,none,False,not_covered,unproven_demo,demo
2102223860649398470,search_rerank_extraction,task,demo_no_numbers,cost,none,False,not_covered,hype,hype
2102322740011094282,other_or_meta,unclear,demo_no_numbers,none,none,False,noise,noise,noise
2102380215943254303,games_control_loops_simulation,feel,demo_no_numbers,none,none,True,not_covered,unproven_demo,demo
2102337181763371239,agent_harness_and_tool_gating,task,demo_no_numbers,cost,none,False,not_covered,hype,hype
2102191050324574375,trading_and_markets,task,measured_demo,accuracy,none,False,not_covered,cost_only,cost_only
2102459053314068760,classification_routing_triage,interaction,measured_demo,accuracy,none,False,not_covered,cost_only,cost_only
2102390247061348713,other_or_meta,interaction,measured_demo,latency,frontier_llm,False,noise,noise,noise
2102433151666581570,evals_and_judging,task,demo_no_numbers,none,none,False,not_covered,unproven_demo,demo
2102432274096808199,voice_and_turn_taking,turn,demo_no_numbers,none,none,True,not_covered,unproven_demo,demo
2102497149632270608,classification_routing_triage,interaction,demo_no_numbers,none,none,False,not_covered,unproven_demo,demo
2102532908628287791,evals_and_judging,task,measured_demo,accuracy,frontier_llm,False,not_covered,cost_only,cost_only
2102452356948664415,other_or_meta,unclear,demo_no_numbers,accuracy,small_llm,False,noise,noise,noise
2102232350449135728,games_control_loops_simulation,feel,demo_no_numbers,none,none,True,not_covered,unproven_demo,demo
2102321401797751189,evals_and_judging,batch,measured_demo,latency,frontier_llm,False,not_covered,cost_only,cost_only
2102404547587318081,agent_harness_and_tool_gating,task,demo_no_numbers,none,none,False,not_covered,unproven_demo,demo
2102532892283056499,other_or_meta,unclear,measured_demo,none,none,False,noise,noise,noise
2102391900820963699,moderation_and_guardrails,task,measured_demo,cost,none,False,not_covered,cost_only,cost_only
2102295085199053004,games_control_loops_simulation,feel,measured_demo,cost,none,True,not_covered,material,fast_loop
2102296665331999098,other_or_meta,unclear,demo_no_numbers,none,none,False,noise,noise,noise
2102430714369339800,games_control_loops_simulation,feel,demo_no_numbers,none,none,True,not_covered,unproven_demo,demo
2102224856913748073,search_rerank_extraction,batch,measured_demo,latency,none,False,not_covered,cost_only,cost_only
2102455561287852227,browser_and_computer_use,task,demo_no_numbers,latency,vendor_api,False,not_covered,hype,hype
2102251347961864223,other_or_meta,unclear,measured_demo,accuracy,none,False,noise,noise,noise
2102328736892715188,evals_and_judging,interaction,demo_no_numbers,none,none,False,not_covered,unproven_demo,demo
2102459360853041318,classification_routing_triage,task,demo_no_numbers,cost,none,False,not_covered,hype,hype
2102232365929996359,games_control_loops_simulation,feel,demo_no_numbers,none,none,True,not_covered,unproven_demo,demo
2102367302700367925,games_control_loops_simulation,feel,demo_no_numbers,none,none,True,not_covered,unproven_demo,demo
2102269968930791643,other_or_meta,unclear,demo_no_numbers,none,none,False,noise,noise,noise
2102412603607912648,other_or_meta,unclear,demo_no_numbers,none,none,False,noise,noise,noise
2102367199675679057,other_or_meta,unclear,demo_no_numbers,none,none,False,noise,noise,noise
2102323926710030374,games_control_loops_simulation,interaction,demo_no_numbers,none,none,True,not_covered,unproven_demo,demo
2102358811067687113,games_control_loops_simulation,feel,measured_demo,accuracy,none,True,not_covered,material,fast_loop
2102362889356992682,data_and_telemetry,batch,measured_demo,none,none,False,not_covered,cost_only,cost_only
2102365510902149447,moderation_and_guardrails,unclear,demo_no_numbers,none,none,False,not_covered,unproven_demo,demo
2102244425628078307,other_or_meta,unclear,measured_demo,latency,none,False,noise,noise,noise
2102364281643909513,games_control_loops_simulation,feel,demo_no_numbers,none,none,True,not_covered,unproven_demo,demo
2102539690540679222,games_control_loops_simulation,feel,measured_demo,latency,frontier_llm,True,not_covered,cost_only,fast_loop
2102502554114617836,browser_and_computer_use,task,measured_demo,latency,frontier_llm,True,not_covered,cost_only,cost_only
2102388432882569433,trading_and_markets,interaction,demo_no_numbers,capability,none,False,not_covered,hype,demo
2102389956454822366,classification_routing_triage,task,demo_no_numbers,latency,none,False,not_covered,hype,hype
2102534527977460154,games_control_loops_simulation,feel,demo_no_numbers,none,none,True,not_covered,unproven_demo,demo
2102395762046906424,trading_and_markets,interaction,demo_no_numbers,latency,none,True,not_covered,hype,hype
2102382408989618457,games_control_loops_simulation,feel,demo_no_numbers,none,none,True,not_covered,unproven_demo,demo
2102435590721434021,moderation_and_guardrails,task,demo_no_numbers,none,none,True,not_covered,unproven_demo,demo
2102366720098971832,agent_harness_and_tool_gating,task,measured_demo,latency,frontier_llm,False,not_covered,cost_only,cost_only
2102515926994387400,other_or_meta,unclear,measured_demo,cost,none,False,noise,noise,noise
2102272089956974932,games_control_loops_simulation,feel,demo_no_numbers,capability,none,True,not_covered,hype,demo
2102323081549074609,evals_and_judging,task,demo_no_numbers,none,none,False,not_covered,unproven_demo,demo
2102371185334063290,other_or_meta,unclear,demo_no_numbers,capability,none,False,noise,noise,noise
2102294324079735228,trading_and_markets,turn,demo_no_numbers,latency,none,True,not_covered,hype,hype
2102374855022883293,classification_routing_triage,batch,measured_demo,cost,frontier_llm,False,not_covered,cost_only,cost_only
2102210461286760702,other_or_meta,interaction,demo_no_numbers,none,none,True,noise,noise,noise
2102423046422155697,data_and_telemetry,batch,demo_no_numbers,capability,none,False,not_covered,hype,demo
2102198428176711787,other_or_meta,unclear,measured_demo,cost,none,False,noise,noise,noise
2102297736011997680,games_control_loops_simulation,feel,measured_demo,latency,none,True,not_covered,material,fast_loop
2102339233323036853,trading_and_markets,task,demo_no_numbers,capability,none,True,not_covered,hype,demo
2102210994542158289,other_or_meta,unclear,demo_no_numbers,none,none,False,noise,noise,noise
2102371958717559267,other_or_meta,unclear,demo_no_numbers,none,none,False,noise,noise,noise
2102424170542125284,classification_routing_triage,batch,demo_no_numbers,capability,none,False,not_covered,hype,demo
2102544803556741273,agent_harness_and_tool_gating,task,demo_no_numbers,cost,frontier_llm,False,hype,hype,hype
2102350503158100079,other_or_meta,unclear,demo_no_numbers,none,none,False,noise,noise,noise
2102526680464290163,data_and_telemetry,batch,measured_demo,none,none,False,not_covered,cost_only,cost_only
2102514991974797642,moderation_and_guardrails,task,measured_demo,accuracy,none,False,not_covered,cost_only,cost_only
2102314425990742283,agent_harness_and_tool_gating,task,measured_demo,latency,frontier_llm,False,not_covered,cost_only,cost_only
2102349211127955925,games_control_loops_simulation,task,demo_no_numbers,latency,none,True,not_covered,hype,hype
2102287205842722949,other_or_meta,unclear,demo_no_numbers,none,none,False,noise,noise,noise
2102534747801129251,browser_and_computer_use,task,measured_demo,accuracy,none,True,not_covered,cost_only,cost_only
2102366418511581256,search_rerank_extraction,interaction,demo_no_numbers,capability,none,False,not_covered,hype,demo
2102515164641632395,other_or_meta,unclear,demo_no_numbers,none,none,False,noise,noise,noise
2102271719683604800,other_or_meta,unclear,demo_no_numbers,none,none,False,noise,noise,noise
2102341811440419268,agent_harness_and_tool_gating,task,demo_no_numbers,none,none,False,not_covered,unproven_demo,demo
2102418736204665262,data_and_telemetry,interaction,demo_no_numbers,none,none,True,not_covered,unproven_demo,demo
2102350916699467901,games_control_loops_simulation,feel,demo_no_numbers,capability,none,True,not_covered,hype,demo
2102272716745417143,games_control_loops_simulation,feel,demo_no_numbers,none,none,True,not_covered,unproven_demo,demo
2102384117866197463,games_control_loops_simulation,feel,demo_no_numbers,none,none,True,not_covered,unproven_demo,demo
2102497463265640798,agent_harness_and_tool_gating,task,measured_demo,latency,frontier_llm,False,not_covered,cost_only,cost_only
2102305668351086736,collaboration_and_typing,interaction,measured_demo,cost,none,True,material,material,material
2102244409278636071,agent_harness_and_tool_gating,task,demo_no_numbers,capability,none,False,not_covered,hype,demo
2102391927723483489,classification_routing_triage,task,demo_no_numbers,none,none,False,not_covered,unproven_demo,demo
2102357410337943657,data_and_telemetry,batch,measured_demo,cost,none,False,not_covered,cost_only,cost_only
2102321319409017231,evals_and_judging,batch,demo_no_numbers,none,none,False,not_covered,unproven_demo,demo
2102532231369797965,other_or_meta,interaction,measured_demo,latency,none,False,noise,noise,noise
2102502360945926262,games_control_loops_simulation,feel,demo_no_numbers,capability,none,True,not_covered,hype,demo
2102254083679965231,classification_routing_triage,task,demo_no_numbers,none,none,False,not_covered,unproven_demo,demo
2102308183255769556,games_control_loops_simulation,task,demo_no_numbers,none,none,True,not_covered,unproven_demo,demo
2102325638082539823,search_rerank_extraction,task,demo_no_numbers,none,none,False,not_covered,unproven_demo,demo
2102374307297100040,other_or_meta,unclear,demo_no_numbers,none,none,False,noise,noise,noise
2102337670525677622,evals_and_judging,interaction,measured_demo,accuracy,none,False,not_covered,cost_only,cost_only
2102327412629631210,other_or_meta,unclear,demo_no_numbers,none,none,False,noise,noise,noise
2102444374768464350,evals_and_judging,task,demo_no_numbers,none,none,False,not_covered,unproven_demo,demo
2102548114859340235,browser_and_computer_use,task,demo_no_numbers,none,none,True,not_covered,unproven_demo,demo
2102513805981077915,classification_routing_triage,task,demo_no_numbers,none,none,False,not_covered,unproven_demo,demo
2102197381173535191,compaction_and_context,unclear,demo_no_numbers,capability,none,False,not_covered,hype,demo
2102526777583394963,trading_and_markets,task,measured_demo,cost,none,True,not_covered,cost_only,cost_only
2102220716079018294,agent_harness_and_tool_gating,unclear,demo_no_numbers,none,none,False,not_covered,unproven_demo,demo
2102191764836687996,other_or_meta,unclear,demo_no_numbers,none,none,False,noise,noise,noise
2102393071866409374,other_or_meta,unclear,demo_no_numbers,none,none,False,noise,noise,noise
2102296804847149302,other_or_meta,interaction,demo_no_numbers,capability,none,True,noise,noise,noise
2102363654125478300,classification_routing_triage,task,demo_no_numbers,cost,frontier_llm,False,hype,hype,hype
2102369318499406149,games_control_loops_simulation,task,measured_demo,cost,frontier_llm,False,not_covered,cost_only,cost_only
2102383572543746103,browser_and_computer_use,task,measured_demo,latency,small_llm,True,cost_only,cost_only,cost_only
2102245444663537859,other_or_meta,unclear,demo_no_numbers,none,none,False,noise,noise,noise
2102420827438502378,trading_and_markets,task,demo_no_numbers,none,none,False,not_covered,unproven_demo,demo
2102343693772771417,evals_and_judging,interaction,demo_no_numbers,none,none,False,not_covered,unproven_demo,demo
2102504937074597970,search_rerank_extraction,task,demo_no_numbers,none,none,False,not_covered,unproven_demo,demo
2102329500801581349,games_control_loops_simulation,feel,demo_no_numbers,none,none,True,not_covered,unproven_demo,demo
2102290295475876245,browser_and_computer_use,task,demo_no_numbers,none,none,True,not_covered,unproven_demo,demo
2102417672181059834,other_or_meta,unclear,demo_no_numbers,none,none,False,noise,noise,noise
2102293079697035655,trading_and_markets,task,demo_no_numbers,none,none,True,not_covered,unproven_demo,demo
2102206325824663978,trading_and_markets,unclear,commentary_or_meme,none,none,True,noise,noise,noise
2102365405369217141,games_control_loops_simulation,feel,demo_no_numbers,none,none,True,not_covered,unproven_demo,demo
2102396695430746331,other_or_meta,batch,measured_demo,none,none,False,noise,noise,noise
2102485292423012393,games_control_loops_simulation,feel,demo_no_numbers,latency,none,True,not_covered,hype,hype
2102444826495201482,search_rerank_extraction,task,measured_demo,latency,small_llm,False,cost_only,cost_only,cost_only
2102208154498945467,evals_and_judging,unclear,demo_no_numbers,none,none,False,not_covered,unproven_demo,demo
2102396070974410847,games_control_loops_simulation,feel,demo_no_numbers,none,none,True,not_covered,unproven_demo,demo
2102282866919174528,other_or_meta,batch,demo_no_numbers,none,none,False,noise,noise,noise
2102485431258612183,classification_routing_triage,interaction,demo_no_numbers,none,none,False,not_covered,unproven_demo,demo
2102235854810775730,classification_routing_triage,task,demo_no_numbers,none,none,False,not_covered,unproven_demo,demo
2102436125055103324,agent_harness_and_tool_gating,interaction,demo_no_numbers,capability,rules_or_regex,True,not_covered,hype,hype
2102437394050150717,trading_and_markets,task,demo_no_numbers,none,none,True,not_covered,unproven_demo,demo
2102412921016066068,other_or_meta,unclear,demo_no_numbers,none,none,False,noise,noise,noise
2102391308686082505,other_or_meta,unclear,demo_no_numbers,none,none,False,noise,noise,noise
2102475461913882928,other_or_meta,task,demo_no_numbers,none,none,False,noise,noise,noise
2102420984154280157,classification_routing_triage,interaction,demo_no_numbers,capability,rules_or_regex,False,not_covered,hype,hype
2102227956324266290,other_or_meta,interaction,demo_no_numbers,latency,none,False,noise,noise,noise
2102250552528961951,agent_harness_and_tool_gating,task,demo_no_numbers,none,none,True,not_covered,unproven_demo,demo
2102391340084724123,evals_and_judging,interaction,demo_no_numbers,none,none,False,not_covered,unproven_demo,demo
2102223232913055805,games_control_loops_simulation,feel,demo_no_numbers,capability,none,True,not_covered,hype,demo
2102194463107866822,browser_and_computer_use,task,demo_no_numbers,none,none,False,not_covered,unproven_demo,demo
2102294949425545656,games_control_loops_simulation,feel,demo_no_numbers,none,none,True,not_covered,unproven_demo,demo
2102289981423448175,search_rerank_extraction,interaction,demo_no_numbers,none,none,False,not_covered,unproven_demo,demo
2102385079431619067,other_or_meta,unclear,demo_no_numbers,none,none,False,noise,noise,noise
2102534519790465459,other_or_meta,unclear,commentary_or_meme,none,none,False,noise,noise,noise
2102359014873174403,search_rerank_extraction,task,demo_no_numbers,none,none,False,not_covered,unproven_demo,demo
2102217266255269936,agent_harness_and_tool_gating,task,demo_no_numbers,none,none,False,not_covered,unproven_demo,demo
2102309423523758178,search_rerank_extraction,task,demo_no_numbers,latency,none,False,not_covered,hype,hype
2102221473968803973,evals_and_judging,unclear,demo_no_numbers,accuracy,frontier_llm,False,not_covered,hype,hype
2102187840629063696,games_control_loops_simulation,feel,measured_demo,none,none,True,not_covered,material,fast_loop
2102282804306550901,other_or_meta,unclear,commentary_or_meme,none,none,False,noise,noise,noise
2102206312352518410,evals_and_judging,batch,demo_no_numbers,none,none,False,not_covered,unproven_demo,demo
2102367530916487321,agent_harness_and_tool_gating,task,demo_no_numbers,capability,none,True,not_covered,hype,demo
2102538218847809953,classification_routing_triage,batch,measured_demo,accuracy,small_llm,False,cost_only,cost_only,cost_only
2102223578066506240,classification_routing_triage,interaction,demo_no_numbers,none,none,True,not_covered,unproven_demo,demo
2102228666449351165,games_control_loops_simulation,task,demo_no_numbers,none,none,True,not_covered,unproven_demo,demo
2102312869232586816,classification_routing_triage,batch,measured_demo,accuracy,small_llm,False,cost_only,cost_only,cost_only
2102302888404115641,other_or_meta,unclear,demo_no_numbers,none,none,False,noise,noise,noise
2102205359100457023,games_control_loops_simulation,feel,demo_no_numbers,none,none,True,not_covered,unproven_demo,demo
2102316183374671905,other_or_meta,unclear,demo_no_numbers,none,none,False,noise,noise,noise
2102406370083639566,trading_and_markets,interaction,demo_no_numbers,capability,frontier_llm,True,not_covered,hype,hype
2102391099658764307,other_or_meta,interaction,demo_no_numbers,none,none,False,noise,noise,noise
2102415867439194521,agent_harness_and_tool_gating,task,demo_no_numbers,none,none,False,not_covered,unproven_demo,demo
2102202972021104785,games_control_loops_simulation,interaction,demo_no_numbers,none,none,True,not_covered,unproven_demo,demo
2102386533214912969,classification_routing_triage,batch,measured_demo,cost,frontier_llm,False,not_covered,cost_only,cost_only
2102415914637677017,browser_and_computer_use,task,demo_no_numbers,none,none,True,not_covered,unproven_demo,demo
2102198993610477896,trading_and_markets,batch,measured_demo,accuracy,none,False,not_covered,cost_only,cost_only
2102230115245551867,games_control_loops_simulation,feel,measured_demo,latency,none,True,not_covered,material,fast_loop
2102192693170618667,trading_and_markets,unclear,commentary_or_meme,none,none,False,noise,noise,noise
2102499397997310302,evals_and_judging,batch,measured_demo,accuracy,none,False,not_covered,cost_only,cost_only
2102193674285351210,other_or_meta,unclear,demo_no_numbers,none,rules_or_regex,False,noise,noise,noise
2102252669784260769,moderation_and_guardrails,task,demo_no_numbers,capability,none,False,not_covered,hype,demo
2102487659587477773,agent_harness_and_tool_gating,task,measured_demo,latency,frontier_llm,False,not_covered,cost_only,cost_only
2102244810644136362,games_control_loops_simulation,interaction,demo_no_numbers,none,none,True,not_covered,unproven_demo,demo
2102206741291360356,compaction_and_context,task,demo_no_numbers,none,none,False,not_covered,unproven_demo,demo
2102259575613538607,voice_and_turn_taking,turn,measured_demo,latency,none,True,material,material,material
2102257806174986370,games_control_loops_simulation,feel,measured_demo,accuracy,none,True,not_covered,material,fast_loop
2102459834994188661,compaction_and_context,task,demo_no_numbers,none,classic_classifier_or_ml,False,not_covered,unproven_demo,hype
2102244378290864616,moderation_and_guardrails,interaction,demo_no_numbers,none,none,True,not_covered,unproven_demo,demo
2102207904032133212,classification_routing_triage,interaction,demo_no_numbers,none,none,False,not_covered,unproven_demo,demo
2102265940285280759,search_rerank_extraction,task,demo_no_numbers,none,none,False,not_covered,unproven_demo,demo
2102327334485557422,other_or_meta,interaction,demo_no_numbers,none,none,False,noise,noise,noise
2102415604179165242,games_control_loops_simulation,feel,demo_no_numbers,none,none,True,not_covered,unproven_demo,demo
2102489822434914674,classification_routing_triage,task,demo_no_numbers,none,none,False,not_covered,unproven_demo,demo
2102438169790578888,other_or_meta,unclear,demo_no_numbers,none,none,False,noise,noise,noise
2102199799160475707,games_control_loops_simulation,feel,demo_no_numbers,none,none,True,not_covered,unproven_demo,demo
2102397845018206709,classification_routing_triage,batch,measured_demo,accuracy,classic_classifier_or_ml,False,not_covered,cost_only,cost_only
2102490369275375770,trading_and_markets,interaction,demo_no_numbers,none,none,False,not_covered,unproven_demo,demo
2102287304043979216,evals_and_judging,interaction,demo_no_numbers,none,none,True,not_covered,unproven_demo,demo
2102345000927564061,games_control_loops_simulation,feel,demo_no_numbers,capability,none,True,not_covered,hype,demo
2102222824215625751,games_control_loops_simulation,feel,demo_no_numbers,none,none,True,not_covered,unproven_demo,demo
2102379597178470886,search_rerank_extraction,interaction,demo_no_numbers,none,none,False,not_covered,unproven_demo,demo
2102453780512211046,browser_and_computer_use,task,measured_demo,cost,none,True,not_covered,cost_only,cost_only
2102324891039170793,other_or_meta,interaction,measured_demo,cost,none,False,noise,noise,noise
2102374909540520055,search_rerank_extraction,batch,measured_demo,cost,none,False,not_covered,cost_only,cost_only
2102278336705937893,data_and_telemetry,batch,demo_no_numbers,none,none,False,not_covered,unproven_demo,demo
2102474978054885452,agent_harness_and_tool_gating,interaction,measured_demo,latency,none,True,material,material,material
2102195682257854602,classification_routing_triage,interaction,demo_no_numbers,none,none,False,not_covered,unproven_demo,demo
2102345603963650230,other_or_meta,unclear,demo_no_numbers,none,none,False,noise,noise,noise
2102534648920260676,agent_harness_and_tool_gating,task,measured_demo,latency,frontier_llm,False,not_covered,cost_only,cost_only
2102190208498471368,search_rerank_extraction,interaction,measured_demo,latency,none,True,material,material,material
2102354039333855267,agent_harness_and_tool_gating,task,measured_demo,accuracy,none,False,not_covered,cost_only,cost_only
2102399723139145841,agent_harness_and_tool_gating,task,demo_no_numbers,none,none,False,not_covered,unproven_demo,demo
2102249844756951427,games_control_loops_simulation,feel,measured_demo,cost,none,True,not_covered,material,fast_loop
2102249529021976887,agent_harness_and_tool_gating,task,measured_demo,latency,frontier_llm,True,not_covered,cost_only,cost_only
2102420081753919684,voice_and_turn_taking,turn,measured_demo,latency,none,True,material,material,material
2102370564291863027,games_control_loops_simulation,feel,measured_demo,latency,none,True,not_covered,material,fast_loop
2102360070537286061,classification_routing_triage,interaction,demo_no_numbers,capability,none,False,not_covered,hype,demo
2102498109054148837,games_control_loops_simulation,batch,demo_no_numbers,none,none,False,not_covered,unproven_demo,demo
2102480037249474716,search_rerank_extraction,batch,demo_no_numbers,none,classic_classifier_or_ml,False,not_covered,unproven_demo,hype
2102323487767474482,search_rerank_extraction,task,demo_no_numbers,latency,none,False,not_covered,hype,hype
2102359639379812763,classification_routing_triage,task,demo_no_numbers,none,none,False,not_covered,unproven_demo,demo
2102445862886760842,games_control_loops_simulation,feel,demo_no_numbers,latency,none,True,not_covered,hype,hype
2102289186560589852,search_rerank_extraction,task,measured_demo,cost,classic_classifier_or_ml,False,not_covered,cost_only,cost_only
2102355777893941521,classification_routing_triage,batch,measured_demo,cost,none,False,not_covered,cost_only,cost_only
2102415917359550922,agent_harness_and_tool_gating,task,demo_no_numbers,none,none,False,not_covered,unproven_demo,demo
2102477843783643224,search_rerank_extraction,interaction,demo_no_numbers,none,none,True,not_covered,unproven_demo,demo
2102461162344288256,other_or_meta,unclear,demo_no_numbers,none,none,False,noise,noise,noise
2102473104522109144,evals_and_judging,task,measured_demo,accuracy,none,False,not_covered,cost_only,cost_only
2102279910790148146,other_or_meta,unclear,demo_no_numbers,none,none,False,noise,noise,noise
2102323484084826142,classification_routing_triage,task,demo_no_numbers,none,none,False,not_covered,unproven_demo,demo
2102328454469337189,search_rerank_extraction,batch,measured_demo,accuracy,classic_classifier_or_ml,False,not_covered,cost_only,cost_only
2102340318796681568,moderation_and_guardrails,interaction,demo_no_numbers,none,none,False,not_covered,unproven_demo,demo
2102218598668488983,search_rerank_extraction,interaction,measured_demo,latency,frontier_llm,False,not_covered,cost_only,cost_only
2102318879037141400,other_or_meta,unclear,demo_no_numbers,none,none,False,noise,noise,noise
2102416066794447329,moderation_and_guardrails,interaction,demo_no_numbers,latency,none,True,not_covered,hype,hype
2102441415292690872,data_and_telemetry,batch,demo_no_numbers,none,none,False,not_covered,unproven_demo,demo
2102228980590141506,agent_harness_and_tool_gating,task,demo_no_numbers,none,none,False,not_covered,unproven_demo,demo
2102501039035547810,other_or_meta,unclear,demo_no_numbers,none,none,False,noise,noise,noise
2102347656634700041,search_rerank_extraction,interaction,measured_demo,latency,none,False,not_covered,cost_only,cost_only
2102538839701274692,agent_harness_and_tool_gating,task,measured_demo,latency,none,False,not_covered,cost_only,cost_only
2102266342619652397,games_control_loops_simulation,feel,measured_demo,accuracy,classic_classifier_or_ml,False,not_covered,cost_only,fast_loop
2102357853063291037,games_control_loops_simulation,feel,demo_no_numbers,none,none,True,not_covered,unproven_demo,demo
2102315546490343543,other_or_meta,unclear,proposal_or_idea,capability,none,False,noise,noise,noise
2102484093816524950,classification_routing_triage,task,demo_no_numbers,none,none,False,not_covered,unproven_demo,demo
2102254367869202635,classification_routing_triage,task,demo_no_numbers,none,none,False,not_covered,unproven_demo,demo
2102366732421861433,other_or_meta,unclear,demo_no_numbers,none,none,False,noise,noise,noise
2102519265064837233,moderation_and_guardrails,interaction,demo_no_numbers,none,none,False,not_covered,unproven_demo,demo
2102301003391377697,other_or_meta,unclear,demo_no_numbers,none,none,False,noise,noise,noise
2102216221085278620,games_control_loops_simulation,interaction,demo_no_numbers,none,none,False,not_covered,unproven_demo,demo
2102263906433732647,search_rerank_extraction,task,measured_demo,none,none,False,not_covered,cost_only,cost_only
2102186179680739606,other_or_meta,unclear,demo_no_numbers,none,none,False,noise,noise,noise
2102327449279209893,evals_and_judging,task,demo_no_numbers,accuracy,none,False,not_covered,unproven_demo,hype
2102393641536831639,other_or_meta,unclear,demo_no_numbers,none,none,False,noise,noise,noise
2102320875907547181,agent_harness_and_tool_gating,task,demo_no_numbers,none,none,False,not_covered,unproven_demo,demo
2102366032035999920,games_control_loops_simulation,feel,measured_demo,accuracy,none,True,not_covered,material,fast_loop
2102514026886414693,other_or_meta,unclear,measured_demo,latency,none,False,noise,noise,noise
2102454213393715535,games_control_loops_simulation,feel,demo_no_numbers,none,none,True,not_covered,unproven_demo,demo
2102208977849536805,trading_and_markets,task,measured_demo,none,none,True,not_covered,cost_only,cost_only
2102310493289640445,data_and_telemetry,batch,measured_demo,none,none,False,not_covered,cost_only,cost_only
2102522819880075698,moderation_and_guardrails,interaction,demo_no_numbers,latency,none,True,not_covered,hype,hype
2102287513725645167,live_chat_streams_events,batch,measured_demo,none,none,False,not_covered,cost_only,cost_only
2102242170191179948,games_control_loops_simulation,feel,demo_no_numbers,none,none,True,not_covered,unproven_demo,demo
2102414614319579492,compaction_and_context,task,measured_demo,accuracy,none,False,not_covered,cost_only,cost_only
2102318693359272418,agent_harness_and_tool_gating,task,demo_no_numbers,latency,none,False,not_covered,hype,hype
2102343304620707934,games_control_loops_simulation,feel,measured_demo,latency,none,True,not_covered,material,fast_loop
2102382714594677207,classification_routing_triage,task,demo_no_numbers,none,none,False,not_covered,unproven_demo,demo
2102314121542902114,agent_harness_and_tool_gating,task,measured_demo,cost,none,False,not_covered,cost_only,cost_only
2102392938097745976,other_or_meta,task,measured_demo,cost,none,False,noise,noise,noise
2102308078544937020,classification_routing_triage,interaction,measured_demo,cost,none,False,not_covered,cost_only,cost_only
2102451133721837691,games_control_loops_simulation,feel,demo_no_numbers,none,none,True,not_covered,unproven_demo,demo
2102366160260108772,games_control_loops_simulation,feel,measured_demo,latency,none,True,not_covered,material,fast_loop
2102467837847654497,other_or_meta,unclear,demo_no_numbers,none,none,False,noise,noise,noise
2102292533103788484,games_control_loops_simulation,feel,demo_no_numbers,none,none,True,not_covered,unproven_demo,demo
2102535784368951560,other_or_meta,task,measured_demo,accuracy,classic_classifier_or_ml,False,noise,noise,noise
2102509931882860621,trading_and_markets,task,measured_demo,none,none,True,not_covered,cost_only,cost_only
2102195481556513222,agent_harness_and_tool_gating,task,measured_demo,cost,frontier_llm,False,not_covered,cost_only,cost_only
2102340377365942705,agent_harness_and_tool_gating,task,demo_no_numbers,none,none,True,not_covered,unproven_demo,demo
2102310947591229483,classification_routing_triage,task,demo_no_numbers,none,none,False,not_covered,unproven_demo,demo
2102258895322259867,classification_routing_triage,task,demo_no_numbers,none,none,False,not_covered,unproven_demo,demo
2102205324845625651,evals_and_judging,task,demo_no_numbers,latency,none,False,not_covered,hype,hype
2102305073888116870,evals_and_judging,batch,measured_demo,accuracy,frontier_llm,False,not_covered,cost_only,cost_only
2102372866318803016,classification_routing_triage,task,demo_no_numbers,capability,none,False,not_covered,hype,demo
2102368399452258464,games_control_loops_simulation,feel,demo_no_numbers,none,none,True,not_covered,unproven_demo,demo
2102275418883518804,trading_and_markets,task,demo_no_numbers,none,none,True,not_covered,unproven_demo,demo
2102221565811396951,games_control_loops_simulation,feel,demo_no_numbers,none,none,True,not_covered,unproven_demo,demo
2102325969180577970,agent_harness_and_tool_gating,task,demo_no_numbers,capability,none,False,not_covered,hype,demo
2102317047837327596,other_or_meta,unclear,demo_no_numbers,latency,frontier_llm,False,noise,noise,noise
2102361709562515546,other_or_meta,unclear,demo_no_numbers,none,none,False,noise,noise,noise
2102517087717736817,moderation_and_guardrails,task,demo_no_numbers,none,none,False,not_covered,unproven_demo,demo
2102280964735213575,games_control_loops_simulation,feel,demo_no_numbers,none,none,True,not_covered,unproven_demo,demo
2102254052293894325,search_rerank_extraction,unclear,demo_no_numbers,none,none,False,not_covered,unproven_demo,demo
2102382997890576507,classification_routing_triage,task,demo_no_numbers,none,frontier_llm,False,not_covered,hype,hype
2102394076058554432,other_or_meta,unclear,demo_no_numbers,none,none,False,noise,noise,noise
2102423824298086447,other_or_meta,unclear,demo_no_numbers,none,none,False,noise,noise,noise
2102445103130591432,other_or_meta,unclear,demo_no_numbers,none,none,False,noise,noise,noise
2102426297859281053,evals_and_judging,task,demo_no_numbers,none,none,False,not_covered,unproven_demo,demo
2102218089383497730,games_control_loops_simulation,feel,measured_demo,cost,none,True,not_covered,material,fast_loop
2102188395326017771,agent_harness_and_tool_gating,task,demo_no_numbers,capability,none,False,not_covered,hype,demo
2102350647429411005,data_and_telemetry,batch,measured_demo,cost,frontier_llm,False,not_covered,cost_only,cost_only
2102331579712295263,other_or_meta,unclear,demo_no_numbers,none,none,False,noise,noise,noise
2102501362147770804,data_and_telemetry,batch,measured_demo,cost,none,False,not_covered,cost_only,cost_only
2102486249172783245,other_or_meta,unclear,measured_demo,accuracy,none,False,noise,noise,noise
2102342239901077845,games_control_loops_simulation,feel,measured_demo,latency,small_llm,True,not_covered,cost_only,fast_loop
2102310271842734364,live_chat_streams_events,interaction,demo_no_numbers,none,none,True,not_covered,unproven_demo,demo
2102333320101245133,collaboration_and_typing,interaction,demo_no_numbers,none,none,True,not_covered,unproven_demo,demo
2102313719346958773,classification_routing_triage,batch,demo_no_numbers,none,none,False,not_covered,unproven_demo,demo
2102324775045804419,search_rerank_extraction,task,demo_no_numbers,none,none,False,not_covered,unproven_demo,demo
2102227907762598119,agent_harness_and_tool_gating,task,demo_no_numbers,capability,none,False,not_covered,hype,demo
2102237964764094888,compaction_and_context,task,measured_demo,accuracy,classic_classifier_or_ml,False,not_covered,cost_only,cost_only
2102273746182750249,games_control_loops_simulation,feel,demo_no_numbers,none,none,True,not_covered,unproven_demo,demo
2102311011856626001,other_or_meta,unclear,demo_no_numbers,capability,none,False,noise,noise,noise
2102329887130521669,classification_routing_triage,task,demo_no_numbers,capability,none,False,not_covered,hype,demo
2102331793365983691,other_or_meta,unclear,demo_no_numbers,none,none,False,noise,noise,noise
2102430370599956487,evals_and_judging,interaction,demo_no_numbers,capability,none,False,not_covered,hype,demo
2102510940604264792,evals_and_judging,unclear,demo_no_numbers,accuracy,none,False,not_covered,unproven_demo,hype
2102251436356899319,games_control_loops_simulation,feel,demo_no_numbers,latency,none,True,not_covered,hype,hype
2102376926199607474,search_rerank_extraction,interaction,demo_no_numbers,accuracy,rules_or_regex,False,not_covered,unproven_demo,hype
2102217300199784574,other_or_meta,unclear,demo_no_numbers,capability,none,False,noise,noise,noise
2102258860925038625,games_control_loops_simulation,feel,measured_demo,none,none,True,not_covered,material,fast_loop
2102323105355968555,other_or_meta,unclear,demo_no_numbers,capability,frontier_llm,False,noise,noise,noise
2102518977075487038,classification_routing_triage,task,demo_no_numbers,none,none,False,not_covered,unproven_demo,demo
2102391783821070717,games_control_loops_simulation,feel,demo_no_numbers,none,none,True,not_covered,unproven_demo,demo
2102392470898352612,classification_routing_triage,batch,measured_demo,cost,none,False,not_covered,cost_only,cost_only
2102222760131101044,agent_harness_and_tool_gating,task,measured_demo,latency,none,False,not_covered,cost_only,cost_only
2102325336893706329,data_and_telemetry,batch,measured_demo,cost,none,False,not_covered,cost_only,cost_only
2102340247992311836,agent_harness_and_tool_gating,task,demo_no_numbers,capability,rules_or_regex,False,not_covered,hype,hype
2102516435113169098,browser_and_computer_use,task,measured_demo,latency,frontier_llm,True,not_covered,cost_only,cost_only
2102239562089316545,other_or_meta,unclear,demo_no_numbers,none,none,False,noise,noise,noise
2102331894272770405,agent_harness_and_tool_gating,task,demo_no_numbers,none,none,False,not_covered,unproven_demo,demo
2102324329438724245,classification_routing_triage,interaction,demo_no_numbers,none,none,False,not_covered,unproven_demo,demo
2102470140160078166,search_rerank_extraction,interaction,demo_no_numbers,none,none,False,not_covered,unproven_demo,demo
2102431399013986555,games_control_loops_simulation,feel,demo_no_numbers,none,none,True,not_covered,unproven_demo,demo
2102394417784971505,classification_routing_triage,task,demo_no_numbers,capability,none,False,not_covered,hype,demo
2102330875610567029,games_control_loops_simulation,feel,demo_no_numbers,capability,frontier_llm,True,not_covered,hype,hype
2102332190986248294,classification_routing_triage,batch,measured_demo,cost,small_llm,False,cost_only,cost_only,cost_only
2102344943390122106,evals_and_judging,interaction,demo_no_numbers,none,none,False,not_covered,unproven_demo,demo
2102372030863618162,classification_routing_triage,batch,measured_demo,capability,none,False,not_covered,cost_only,cost_only
2102259892388053150,classification_routing_triage,interaction,demo_no_numbers,none,classic_classifier_or_ml,False,not_covered,unproven_demo,hype
2102364536649232706,games_control_loops_simulation,feel,demo_no_numbers,none,none,True,not_covered,unproven_demo,demo
2102352335246942637,games_control_loops_simulation,feel,demo_no_numbers,none,none,True,not_covered,unproven_demo,demo
2102397177507045501,other_or_meta,unclear,demo_no_numbers,none,none,False,noise,noise,noise
2102542038147498384,classification_routing_triage,task,measured_demo,accuracy,none,False,not_covered,cost_only,cost_only
2102400500029325455,classification_routing_triage,batch,measured_demo,none,none,False,not_covered,cost_only,cost_only
2102237061822767171,search_rerank_extraction,interaction,demo_no_numbers,none,none,False,not_covered,unproven_demo,demo
2102392827556876579,trading_and_markets,task,measured_demo,none,none,False,not_covered,cost_only,cost_only
2102231550335320533,games_control_loops_simulation,feel,demo_no_numbers,none,rules_or_regex,True,not_covered,unproven_demo,hype
2102295700956663813,classification_routing_triage,task,demo_no_numbers,none,none,False,not_covered,unproven_demo,demo
2102440655981089118,other_or_meta,unclear,demo_no_numbers,none,none,False,noise,noise,noise
2102218765983465531,evals_and_judging,task,demo_no_numbers,none,none,False,not_covered,unproven_demo,demo
2102340139800527225,search_rerank_extraction,interaction,demo_no_numbers,none,none,True,not_covered,unproven_demo,demo
2102483056594665800,other_or_meta,unclear,demo_no_numbers,capability,none,False,noise,noise,noise
2102463390316970069,games_control_loops_simulation,feel,demo_no_numbers,none,none,True,not_covered,unproven_demo,demo
2102289217569337667,games_control_loops_simulation,feel,demo_no_numbers,none,none,True,not_covered,unproven_demo,demo
2102359048704364794,moderation_and_guardrails,interaction,demo_no_numbers,none,none,False,not_covered,unproven_demo,demo
2102331969434681719,data_and_telemetry,batch,measured_demo,cost,none,False,not_covered,cost_only,cost_only
2102317951470952538,other_or_meta,unclear,demo_no_numbers,none,none,False,noise,noise,noise
2102398538168811546,data_and_telemetry,batch,measured_demo,cost,none,False,not_covered,cost_only,cost_only
2102480665401049501,evals_and_judging,interaction,measured_demo,latency,none,False,not_covered,cost_only,cost_only
2102330454263447982,other_or_meta,unclear,demo_no_numbers,none,none,False,noise,noise,noise
2102364532433990097,games_control_loops_simulation,feel,demo_no_numbers,none,none,True,not_covered,unproven_demo,demo
2102313163932983584,classification_routing_triage,task,measured_demo,none,none,False,not_covered,cost_only,cost_only
2102389590304641045,evals_and_judging,task,measured_demo,cost,small_llm,False,cost_only,cost_only,cost_only
2102409251243098542,agent_harness_and_tool_gating,task,demo_no_numbers,cost,none,False,not_covered,hype,hype
2102528136885760007,classification_routing_triage,interaction,measured_demo,latency,frontier_llm,True,not_covered,cost_only,material_vs_frontier
2102415919590912234,other_or_meta,unclear,demo_no_numbers,none,none,False,noise,noise,noise
2102191154607304849,evals_and_judging,interaction,demo_no_numbers,none,none,False,not_covered,unproven_demo,demo
2102354693276258437,other_or_meta,interaction,demo_no_numbers,none,none,False,noise,noise,noise
2102362736839512538,search_rerank_extraction,interaction,measured_demo,latency,none,False,not_covered,cost_only,cost_only
2102360054313721943,classification_routing_triage,batch,demo_no_numbers,none,none,False,not_covered,unproven_demo,demo
2102406386114249159,trading_and_markets,task,demo_no_numbers,none,none,True,not_covered,unproven_demo,demo
2102266716386705628,classification_routing_triage,task,measured_demo,cost,none,False,not_covered,cost_only,cost_only
2102375831372992965,data_and_telemetry,batch,demo_no_numbers,none,none,False,not_covered,unproven_demo,demo
2102412336569180506,search_rerank_extraction,task,demo_no_numbers,capability,classic_classifier_or_ml,False,not_covered,hype,hype
2102413375506665609,evals_and_judging,task,demo_no_numbers,capability,none,False,not_covered,hype,demo
2102250249914065194,games_control_loops_simulation,feel,measured_demo,cost,none,True,not_covered,material,fast_loop
2102327905858543976,games_control_loops_simulation,feel,measured_demo,accuracy,none,True,not_covered,material,fast_loop
2102364625794642111,games_control_loops_simulation,feel,measured_demo,cost,none,True,not_covered,material,fast_loop
2102524694557790336,moderation_and_guardrails,interaction,demo_no_numbers,capability,none,True,not_covered,hype,demo
2102526249226981393,moderation_and_guardrails,interaction,demo_no_numbers,latency,none,True,not_covered,hype,hype
2102482493085827189,agent_harness_and_tool_gating,task,measured_demo,latency,frontier_llm,False,not_covered,cost_only,cost_only
2102236710713319751,data_and_telemetry,batch,measured_demo,accuracy,none,False,not_covered,cost_only,cost_only
2102301421068513488,moderation_and_guardrails,interaction,demo_no_numbers,none,none,True,not_covered,unproven_demo,demo
2102504589430079747,games_control_loops_simulation,feel,demo_no_numbers,none,none,True,not_covered,unproven_demo,demo
2102216898452869192,classification_routing_triage,interaction,demo_no_numbers,capability,rules_or_regex,False,not_covered,hype,hype
2102228587801686428,compaction_and_context,task,demo_no_numbers,none,none,False,not_covered,unproven_demo,demo
2102196949994856839,classification_routing_triage,interaction,demo_no_numbers,none,none,False,not_covered,unproven_demo,demo
2102386676765229082,search_rerank_extraction,interaction,demo_no_numbers,capability,none,False,not_covered,hype,demo
2102395250035798123,games_control_loops_simulation,feel,demo_no_numbers,none,none,True,not_covered,unproven_demo,demo
2102427551050170394,games_control_loops_simulation,feel,demo_no_numbers,latency,frontier_llm,True,hype,hype,hype
2102505797074772281,other_or_meta,unclear,demo_no_numbers,none,none,False,noise,noise,noise
2102213990562885827,data_and_telemetry,batch,measured_demo,cost,none,False,not_covered,cost_only,cost_only
2102304346646225074,search_rerank_extraction,batch,demo_no_numbers,none,none,False,not_covered,unproven_demo,demo
2102292329797128200,classification_routing_triage,interaction,demo_no_numbers,none,none,False,not_covered,unproven_demo,demo
2102384921012785583,classification_routing_triage,task,measured_demo,cost,none,True,not_covered,cost_only,cost_only
2102394348897984599,games_control_loops_simulation,feel,measured_demo,latency,none,True,not_covered,material,fast_loop
2102496694206382490,classification_routing_triage,task,demo_no_numbers,none,none,False,not_covered,unproven_demo,demo
2102469493889146882,search_rerank_extraction,interaction,demo_no_numbers,latency,none,False,not_covered,hype,hype
2102292271718932990,classification_routing_triage,interaction,demo_no_numbers,none,none,True,not_covered,unproven_demo,demo
2102194222191292668,games_control_loops_simulation,feel,demo_no_numbers,none,frontier_llm,True,not_covered,hype,hype
2102255321590939996,classification_routing_triage,interaction,demo_no_numbers,capability,none,False,not_covered,hype,demo
2102347825811947855,games_control_loops_simulation,feel,demo_no_numbers,none,none,True,not_covered,unproven_demo,demo
2102374015260352789,compaction_and_context,task,demo_no_numbers,none,none,False,not_covered,unproven_demo,demo
2102374996744245304,classification_routing_triage,interaction,demo_no_numbers,none,none,False,not_covered,unproven_demo,demo
2102342982687240641,games_control_loops_simulation,feel,demo_no_numbers,none,none,True,not_covered,unproven_demo,demo
2102374856452878491,search_rerank_extraction,batch,measured_demo,cost,none,False,not_covered,cost_only,cost_only
2102397989604188544,games_control_loops_simulation,feel,demo_no_numbers,none,none,True,not_covered,unproven_demo,demo
2102545792720683482,other_or_meta,unclear,demo_no_numbers,accuracy,none,False,noise,noise,noise
2102489968518308327,classification_routing_triage,interaction,demo_no_numbers,accuracy,none,False,not_covered,unproven_demo,hype
2102247957185868259,other_or_meta,unclear,demo_no_numbers,latency,frontier_llm,False,noise,noise,noise
2102242628859494598,other_or_meta,unclear,measured_demo,accuracy,classic_classifier_or_ml,False,noise,noise,noise
2102257881404055941,moderation_and_guardrails,interaction,demo_no_numbers,none,none,False,not_covered,unproven_demo,demo
2102195248688480703,other_or_meta,unclear,demo_no_numbers,none,none,False,noise,noise,noise
2102347523209752720,search_rerank_extraction,interaction,demo_no_numbers,none,none,False,not_covered,unproven_demo,demo
2102243060189147353,search_rerank_extraction,task,measured_production,accuracy,none,False,not_covered,cost_only,cost_only
2102218456452280445,browser_and_computer_use,task,demo_no_numbers,none,none,True,not_covered,unproven_demo,demo
2102195517107339650,other_or_meta,unclear,demo_no_numbers,none,none,False,noise,noise,noise
2102366966543720914,trading_and_markets,task,demo_no_numbers,none,none,True,not_covered,unproven_demo,demo
2102374939571679453,classification_routing_triage,task,demo_no_numbers,none,none,False,not_covered,unproven_demo,demo
2102392874394374584,search_rerank_extraction,batch,demo_no_numbers,none,frontier_llm,False,not_covered,hype,hype
2102331927013519374,data_and_telemetry,batch,measured_demo,cost,none,False,not_covered,cost_only,cost_only
2102410144965374334,trading_and_markets,task,measured_demo,accuracy,none,True,not_covered,cost_only,cost_only
2102407217622466674,other_or_meta,unclear,demo_no_numbers,none,none,False,noise,noise,noise
2102543624433221680,other_or_meta,unclear,demo_no_numbers,accuracy,none,False,noise,noise,noise
2102202098968666432,other_or_meta,unclear,measured_demo,accuracy,classic_classifier_or_ml,False,noise,noise,noise
2102246070604738964,other_or_meta,unclear,measured_demo,latency,none,False,noise,noise,noise
2102310372938297626,classification_routing_triage,task,measured_demo,cost,frontier_llm,False,not_covered,cost_only,cost_only
2102356537562046710,compaction_and_context,task,demo_no_numbers,capability,none,False,not_covered,hype,demo
2102386662219338118,evals_and_judging,batch,measured_demo,cost,small_llm,False,cost_only,cost_only,cost_only
2102463767082926226,classification_routing_triage,task,demo_no_numbers,none,none,False,not_covered,unproven_demo,demo
2102480705892798795,evals_and_judging,task,measured_demo,accuracy,frontier_llm,False,not_covered,cost_only,cost_only
2102544688792449233,evals_and_judging,unclear,demo_no_numbers,none,none,False,not_covered,unproven_demo,demo
2102467818881216922,other_or_meta,unclear,demo_no_numbers,none,none,False,noise,noise,noise
2102394996070433094,trading_and_markets,task,measured_demo,latency,none,True,not_covered,cost_only,cost_only
2102361260574564755,browser_and_computer_use,task,demo_no_numbers,capability,none,True,not_covered,hype,demo
2102409913544888727,agent_harness_and_tool_gating,task,demo_no_numbers,accuracy,none,False,not_covered,unproven_demo,hype
2102536578417545601,other_or_meta,unclear,demo_no_numbers,none,none,False,noise,noise,noise
2102533978356109689,other_or_meta,unclear,demo_no_numbers,none,none,False,noise,noise,noise
2102433352607514637,other_or_meta,interaction,demo_no_numbers,none,none,False,noise,noise,noise
2102226072427528322,other_or_meta,interaction,demo_no_numbers,none,none,True,noise,noise,noise
2102254799156650025,classification_routing_triage,batch,measured_demo,cost,none,False,not_covered,cost_only,cost_only
2102241993371898236,games_control_loops_simulation,feel,measured_demo,accuracy,none,True,not_covered,material,fast_loop
2102266802227306759,agent_harness_and_tool_gating,task,demo_no_numbers,none,none,False,not_covered,unproven_demo,demo
2102272460146229633,games_control_loops_simulation,feel,demo_no_numbers,capability,none,True,not_covered,hype,demo
2102242439700353382,games_control_loops_simulation,feel,demo_no_numbers,capability,frontier_llm,True,not_covered,hype,hype
2102307462271648188,games_control_loops_simulation,feel,demo_no_numbers,none,none,True,not_covered,unproven_demo,demo
2102343509030363142,trading_and_markets,task,demo_no_numbers,none,none,True,not_covered,unproven_demo,demo
2102407519003873710,classification_routing_triage,batch,demo_no_numbers,none,none,False,not_covered,unproven_demo,demo
2102442807168581974,agent_harness_and_tool_gating,task,demo_no_numbers,none,none,False,not_covered,unproven_demo,demo
2102496294396682697,games_control_loops_simulation,feel,demo_no_numbers,none,none,True,not_covered,unproven_demo,demo
2102496440149033463,other_or_meta,unclear,demo_no_numbers,capability,none,False,noise,noise,noise
2102453783246868948,other_or_meta,unclear,commentary_or_meme,none,none,False,noise,noise,noise
2102206132622168486,other_or_meta,unclear,demo_no_numbers,none,none,False,noise,noise,noise
2102298052442968112,agent_harness_and_tool_gating,task,measured_demo,accuracy,none,False,not_covered,cost_only,cost_only
2102217276430700865,evals_and_judging,task,measured_demo,accuracy,none,False,not_covered,cost_only,cost_only
2102270399442780642,search_rerank_extraction,task,measured_demo,cost,none,False,not_covered,cost_only,cost_only
2102201031186579738,games_control_loops_simulation,unclear,demo_no_numbers,none,none,False,not_covered,unproven_demo,demo
2102391834190238182,search_rerank_extraction,batch,demo_no_numbers,none,none,False,not_covered,unproven_demo,demo
2102333936395293129,classification_routing_triage,task,demo_no_numbers,none,none,False,not_covered,unproven_demo,demo
2102345434962497638,browser_and_computer_use,task,demo_no_numbers,capability,none,False,not_covered,hype,demo
2102369477912322500,evals_and_judging,interaction,demo_no_numbers,none,none,False,not_covered,unproven_demo,demo
2102406124771197408,search_rerank_extraction,interaction,demo_no_numbers,capability,frontier_llm,False,not_covered,hype,hype
2102509441593528657,data_and_telemetry,batch,demo_no_numbers,none,none,False,not_covered,unproven_demo,demo
2102514181518004358,other_or_meta,unclear,commentary_or_meme,none,none,False,noise,noise,noise
2102429136946188644,classification_routing_triage,task,demo_no_numbers,none,none,False,not_covered,unproven_demo,demo
2102547458916061334,other_or_meta,unclear,demo_no_numbers,none,none,False,noise,noise,noise
2102284940930937195,classification_routing_triage,task,measured_demo,cost,frontier_llm,False,not_covered,cost_only,cost_only
2102336263995224139,other_or_meta,unclear,demo_no_numbers,none,none,False,noise,noise,noise
2102372979275681820,browser_and_computer_use,task,demo_no_numbers,capability,none,True,not_covered,hype,demo
2102391862279688373,search_rerank_extraction,batch,measured_demo,latency,none,False,not_covered,cost_only,cost_only
2102401506318438729,games_control_loops_simulation,feel,demo_no_numbers,none,none,True,not_covered,unproven_demo,demo
2102411462656536969,classification_routing_triage,task,measured_demo,cost,small_llm,False,cost_only,cost_only,cost_only
2102462670968684581,trading_and_markets,task,demo_no_numbers,none,none,False,not_covered,unproven_demo,demo
2102455744436273380,trading_and_markets,task,demo_no_numbers,none,none,False,not_covered,unproven_demo,demo
2102307120301437058,other_or_meta,unclear,demo_no_numbers,none,none,False,noise,noise,noise
2102256385782333566,moderation_and_guardrails,interaction,demo_no_numbers,none,none,False,not_covered,unproven_demo,demo
2102272287252926754,other_or_meta,unclear,demo_no_numbers,none,none,False,noise,noise,noise
2102343265165115512,other_or_meta,unclear,demo_no_numbers,none,none,False,noise,noise,noise
2102326167630147884,search_rerank_extraction,interaction,demo_no_numbers,none,none,False,not_covered,unproven_demo,demo
2102404672082599998,games_control_loops_simulation,feel,demo_no_numbers,capability,none,True,not_covered,hype,demo
2102407951365423337,agent_harness_and_tool_gating,task,demo_no_numbers,none,none,False,not_covered,unproven_demo,demo
2102440433175720439,other_or_meta,unclear,demo_no_numbers,none,none,False,noise,noise,noise
2102439777568256294,trading_and_markets,task,demo_no_numbers,none,none,False,not_covered,unproven_demo,demo
2102431630774378849,other_or_meta,unclear,demo_no_numbers,none,none,False,noise,noise,noise
2102408693874889100,compaction_and_context,task,demo_no_numbers,none,none,False,not_covered,unproven_demo,demo
2102407060436709687,search_rerank_extraction,batch,measured_demo,none,none,False,not_covered,cost_only,cost_only
2102237384561824125,classification_routing_triage,interaction,demo_no_numbers,cost,frontier_llm,True,hype,hype,hype
2102270919427432915,games_control_loops_simulation,feel,demo_no_numbers,none,none,True,not_covered,unproven_demo,demo
2102254898540851625,games_control_loops_simulation,feel,measured_demo,accuracy,none,True,not_covered,material,fast_loop
2102350818657923334,evals_and_judging,task,measured_demo,none,none,False,not_covered,cost_only,cost_only
2102396721611628920,other_or_meta,unclear,demo_no_numbers,capability,none,False,noise,noise,noise
2102410159347949604,other_or_meta,unclear,demo_no_numbers,capability,none,True,noise,noise,noise
2102489773185147295,other_or_meta,unclear,measured_demo,accuracy,none,False,noise,noise,noise
2102299391227019326,games_control_loops_simulation,feel,demo_no_numbers,none,none,True,not_covered,unproven_demo,demo
2102369416398954572,other_or_meta,unclear,measured_demo,accuracy,none,False,noise,noise,noise
2102396959520964819,classification_routing_triage,task,measured_demo,latency,frontier_llm,False,not_covered,cost_only,cost_only
2102392864449708209,search_rerank_extraction,batch,measured_demo,latency,small_llm,False,cost_only,cost_only,cost_only
2102343847598752216,other_or_meta,unclear,measured_demo,latency,none,False,noise,noise,noise
2102378120578031743,classification_routing_triage,batch,demo_no_numbers,none,none,False,not_covered,unproven_demo,demo
2102536678204449140,search_rerank_extraction,batch,demo_no_numbers,capability,none,False,not_covered,hype,demo
2102307621072179259,agent_harness_and_tool_gating,task,demo_no_numbers,none,none,False,not_covered,unproven_demo,demo
2102455829966319868,browser_and_computer_use,task,demo_no_numbers,latency,none,True,not_covered,hype,hype
2102308668620648648,other_or_meta,interaction,demo_no_numbers,none,none,False,noise,noise,noise
2102367309834678744,games_control_loops_simulation,feel,measured_demo,cost,none,True,not_covered,material,fast_loop
2102347183727288702,classification_routing_triage,interaction,demo_no_numbers,none,none,False,not_covered,unproven_demo,demo
2102408968345948640,other_or_meta,unclear,demo_no_numbers,cost,none,False,noise,noise,noise
2102307496971182351,other_or_meta,unclear,measured_demo,latency,vendor_api,False,noise,noise,noise
2102306964239966253,classification_routing_triage,batch,measured_demo,cost,none,False,not_covered,cost_only,cost_only
2102270187655581985,other_or_meta,unclear,proposal_or_idea,none,none,False,noise,noise,noise
2102309892577186114,other_or_meta,unclear,demo_no_numbers,none,none,False,noise,noise,noise
2102091983292358839,agent_harness_and_tool_gating,task,measured_demo,accuracy,none,False,not_covered,cost_only,cost_only
2102048070649405592,games_control_loops_simulation,feel,demo_no_numbers,latency,small_llm,True,not_covered,hype,hype
2102082148866130323,trading_and_markets,interaction,measured_demo,latency,none,True,material,material,material
2102039447676014933,games_control_loops_simulation,task,measured_demo,cost,frontier_llm,False,not_covered,cost_only,cost_only
2102068383617278134,evals_and_judging,interaction,measured_demo,latency,none,True,material,material,material
2102071432700104846,browser_and_computer_use,task,measured_demo,latency,small_llm,True,cost_only,cost_only,cost_only
2101967227327267297,collaboration_and_typing,feel,demo_no_numbers,none,none,True,not_covered,unproven_demo,demo
2101988970565603489,classification_routing_triage,task,measured_demo,cost,none,False,not_covered,cost_only,cost_only
2102069493510090838,trading_and_markets,task,measured_demo,accuracy,none,False,not_covered,cost_only,cost_only
2102022029876859102,agent_harness_and_tool_gating,task,demo_no_numbers,none,none,False,not_covered,unproven_demo,demo
2102056629822959868,trading_and_markets,task,measured_demo,accuracy,none,True,not_covered,cost_only,cost_only
2102044640128156105,other_or_meta,unclear,demo_no_numbers,none,none,False,noise,noise,noise
2101925455037095982,search_rerank_extraction,interaction,demo_no_numbers,latency,none,False,not_covered,hype,hype
2101935665663328491,other_or_meta,unclear,measured_demo,accuracy,frontier_llm,False,noise,noise,noise
2101936029825716556,moderation_and_guardrails,interaction,demo_no_numbers,none,none,False,not_covered,unproven_demo,demo
2102057530813735162,other_or_meta,unclear,demo_no_numbers,none,none,False,noise,noise,noise
2101989210362454268,other_or_meta,unclear,measured_demo,accuracy,classic_classifier_or_ml,False,noise,noise,noise
2102078191758102998,collaboration_and_typing,interaction,demo_no_numbers,none,none,True,not_covered,unproven_demo,demo
2102137061490794730,search_rerank_extraction,interaction,measured_demo,cost,none,False,not_covered,cost_only,cost_only
2102025642862600634,agent_harness_and_tool_gating,feel,demo_no_numbers,none,none,True,not_covered,unproven_demo,demo
2101970691708915911,classification_routing_triage,task,measured_demo,cost,frontier_llm,False,not_covered,cost_only,cost_only
2102009166936305844,moderation_and_guardrails,interaction,demo_no_numbers,none,none,False,not_covered,unproven_demo,demo
2102038395296022607,collaboration_and_typing,feel,demo_no_numbers,none,none,True,not_covered,unproven_demo,demo
2101828851458293827,games_control_loops_simulation,task,measured_demo,latency,frontier_llm,True,not_covered,cost_only,cost_only
2102156469680431169,moderation_and_guardrails,batch,demo_no_numbers,capability,frontier_llm,False,not_covered,hype,hype
2101872796423135340,trading_and_markets,task,measured_demo,accuracy,none,True,not_covered,cost_only,cost_only
2101857866378362926,agent_harness_and_tool_gating,task,measured_demo,cost,none,False,not_covered,cost_only,cost_only
2102021494112981347,games_control_loops_simulation,interaction,demo_no_numbers,latency,none,True,not_covered,hype,hype
2101941770003361893,games_control_loops_simulation,task,demo_no_numbers,none,none,False,not_covered,unproven_demo,demo
2101908433700278758,games_control_loops_simulation,feel,measured_demo,latency,none,True,not_covered,material,fast_loop
2102070640589279318,other_or_meta,unclear,demo_no_numbers,none,none,False,noise,noise,noise
2101921286276759878,trading_and_markets,task,measured_demo,accuracy,none,True,not_covered,cost_only,cost_only
2101867946448736382,voice_and_turn_taking,turn,demo_no_numbers,none,none,True,not_covered,unproven_demo,demo
2102007472290685186,other_or_meta,unclear,demo_no_numbers,none,none,False,noise,noise,noise
2102040278937055404,other_or_meta,interaction,demo_no_numbers,latency,none,False,noise,noise,noise
2102105486501822826,search_rerank_extraction,task,demo_no_numbers,none,none,False,not_covered,unproven_demo,demo
2102035483308023949,search_rerank_extraction,batch,measured_demo,cost,none,False,not_covered,cost_only,cost_only
2102021706613473287,games_control_loops_simulation,feel,measured_demo,latency,small_llm,True,not_covered,cost_only,fast_loop
2102042713160028244,data_and_telemetry,batch,measured_demo,cost,none,False,not_covered,cost_only,cost_only
2101953538972614766,other_or_meta,unclear,demo_no_numbers,none,none,False,noise,noise,noise
2101823975349244095,games_control_loops_simulation,feel,measured_demo,accuracy,small_llm,True,not_covered,cost_only,fast_loop
2102139098203033855,games_control_loops_simulation,feel,demo_no_numbers,none,none,True,not_covered,unproven_demo,demo
2102149662207844620,other_or_meta,unclear,demo_no_numbers,none,none,False,noise,noise,noise
2101925770432008665,other_or_meta,unclear,demo_no_numbers,capability,none,False,noise,noise,noise
2102112025627476146,classification_routing_triage,batch,measured_demo,cost,none,False,not_covered,cost_only,cost_only
2101951934811066867,evals_and_judging,task,demo_no_numbers,none,none,False,not_covered,unproven_demo,demo
2102000526489702733,browser_and_computer_use,interaction,measured_demo,cost,none,False,not_covered,cost_only,cost_only
2102154533971677481,games_control_loops_simulation,feel,demo_no_numbers,capability,none,True,not_covered,hype,demo
2101938912423735654,data_and_telemetry,batch,measured_demo,cost,none,False,not_covered,cost_only,cost_only
2102066232383979749,classification_routing_triage,batch,measured_demo,cost,small_llm,False,cost_only,cost_only,cost_only
2101874002201657610,data_and_telemetry,batch,demo_no_numbers,none,none,False,not_covered,unproven_demo,demo
2102112154875056387,agent_harness_and_tool_gating,task,measured_demo,latency,none,True,not_covered,cost_only,cost_only
2102125782219075865,games_control_loops_simulation,feel,demo_no_numbers,none,none,True,not_covered,unproven_demo,demo
2102088674699850107,other_or_meta,unclear,measured_demo,accuracy,frontier_llm,False,noise,noise,noise
2102032193443058059,search_rerank_extraction,task,demo_no_numbers,capability,none,False,not_covered,hype,demo
2101974231810449540,trading_and_markets,task,measured_demo,accuracy,none,False,not_covered,cost_only,cost_only
2101934692782227506,browser_and_computer_use,task,measured_demo,cost,none,True,not_covered,cost_only,cost_only
2102106244542591007,classification_routing_triage,task,demo_no_numbers,none,none,False,not_covered,unproven_demo,demo
2102141964023972203,games_control_loops_simulation,feel,demo_no_numbers,none,none,True,not_covered,unproven_demo,demo
2102053588818444542,classification_routing_triage,task,measured_demo,cost,frontier_llm,False,not_covered,cost_only,cost_only
2102038713580794278,games_control_loops_simulation,feel,demo_no_numbers,none,none,True,not_covered,unproven_demo,demo
2102062798708900176,search_rerank_extraction,task,measured_demo,accuracy,small_llm,False,cost_only,cost_only,cost_only
2102125765773144286,games_control_loops_simulation,feel,measured_demo,accuracy,none,True,not_covered,material,fast_loop
2102081664646029722,games_control_loops_simulation,feel,measured_demo,latency,rules_or_regex,True,not_covered,material,fast_loop
2101940264105283936,data_and_telemetry,batch,demo_no_numbers,cost,frontier_llm,False,hype,hype,hype
2101842370052669903,agent_harness_and_tool_gating,task,demo_no_numbers,capability,none,False,not_covered,hype,demo
2102053526189056444,evals_and_judging,task,demo_no_numbers,cost,none,False,not_covered,hype,hype
2101948034464805040,browser_and_computer_use,task,measured_demo,latency,none,True,not_covered,cost_only,cost_only
2102125798371283444,search_rerank_extraction,task,demo_no_numbers,none,none,False,not_covered,unproven_demo,demo
2101875560515518732,browser_and_computer_use,task,measured_demo,latency,frontier_llm,True,not_covered,cost_only,cost_only
2102074739598778548,games_control_loops_simulation,feel,measured_demo,accuracy,none,True,not_covered,material,fast_loop
2101968693899174058,classification_routing_triage,task,measured_demo,cost,frontier_llm,False,not_covered,cost_only,cost_only
2101863872986841371,classification_routing_triage,batch,measured_demo,cost,frontier_llm,False,not_covered,cost_only,cost_only
2102031209018634312,browser_and_computer_use,unclear,demo_no_numbers,none,none,False,not_covered,unproven_demo,demo
2101925452680139156,moderation_and_guardrails,batch,demo_no_numbers,none,none,False,not_covered,unproven_demo,demo
2101932980759589161,search_rerank_extraction,interaction,measured_demo,accuracy,rules_or_regex,False,not_covered,cost_only,cost_only
2102140345379094806,games_control_loops_simulation,feel,demo_no_numbers,none,none,True,not_covered,unproven_demo,demo
2102095524627177613,games_control_loops_simulation,feel,demo_no_numbers,none,none,True,not_covered,unproven_demo,demo
2101942956567433395,agent_harness_and_tool_gating,task,demo_no_numbers,capability,none,False,not_covered,hype,demo
2102150280854868159,agent_harness_and_tool_gating,task,demo_no_numbers,capability,none,True,not_covered,hype,demo
2102031720531034427,moderation_and_guardrails,interaction,demo_no_numbers,latency,none,True,not_covered,hype,hype
2101946922370302456,games_control_loops_simulation,feel,demo_no_numbers,none,none,True,not_covered,unproven_demo,demo
2102101853672452255,trading_and_markets,task,measured_demo,none,none,True,not_covered,cost_only,cost_only
2102043849820450880,classification_routing_triage,task,measured_demo,cost,none,False,not_covered,cost_only,cost_only
2102052409950515654,trading_and_markets,turn,measured_demo,latency,none,True,material,material,material
2102077670788042844,classification_routing_triage,interaction,measured_demo,cost,none,False,not_covered,cost_only,cost_only
2102035137848381455,agent_harness_and_tool_gating,task,measured_demo,cost,none,False,not_covered,cost_only,cost_only
2102094087784743163,other_or_meta,unclear,demo_no_numbers,none,none,False,noise,noise,noise
2102084584926019694,classification_routing_triage,task,demo_no_numbers,none,none,False,not_covered,unproven_demo,demo
2102132700119191832,voice_and_turn_taking,unclear,demo_no_numbers,none,none,False,not_covered,unproven_demo,demo
2102033481266319856,classification_routing_triage,batch,measured_demo,cost,small_llm,False,cost_only,cost_only,cost_only
2101927214820499627,other_or_meta,unclear,measured_demo,accuracy,frontier_llm,False,noise,noise,noise
2102046189411606866,search_rerank_extraction,interaction,demo_no_numbers,capability,none,False,not_covered,hype,demo
2102031222432219318,moderation_and_guardrails,interaction,demo_no_numbers,none,none,True,not_covered,unproven_demo,demo
2102009563083870575,other_or_meta,unclear,demo_no_numbers,latency,none,False,noise,noise,noise
2102131227709018353,trading_and_markets,batch,measured_demo,cost,none,True,not_covered,cost_only,cost_only
2101960543125094733,data_and_telemetry,batch,demo_no_numbers,latency,none,False,not_covered,hype,hype
2102040715723522440,games_control_loops_simulation,task,demo_no_numbers,capability,none,False,not_covered,hype,demo
2101859688640036937,agent_harness_and_tool_gating,task,demo_no_numbers,capability,frontier_llm,False,not_covered,hype,hype
2101854380408672401,browser_and_computer_use,task,measured_demo,cost,frontier_llm,True,not_covered,cost_only,cost_only
2101971059041763451,search_rerank_extraction,batch,measured_demo,latency,none,False,not_covered,cost_only,cost_only
2102087994152788247,games_control_loops_simulation,feel,demo_no_numbers,none,none,True,not_covered,unproven_demo,demo
2102081831042416935,games_control_loops_simulation,feel,demo_no_numbers,capability,none,True,not_covered,hype,demo
2101953053788377502,other_or_meta,unclear,demo_no_numbers,none,none,False,noise,noise,noise
2102015585416855823,evals_and_judging,task,demo_no_numbers,none,none,False,not_covered,unproven_demo,demo
2102044873864188081,data_and_telemetry,batch,demo_no_numbers,capability,none,False,not_covered,hype,demo
2101851403790512615,games_control_loops_simulation,feel,demo_no_numbers,capability,none,True,not_covered,hype,demo
2102103829990855141,classification_routing_triage,batch,demo_no_numbers,none,none,False,not_covered,unproven_demo,demo
2101838621531603029,evals_and_judging,task,measured_demo,latency,none,False,not_covered,cost_only,cost_only
2102090111198363988,data_and_telemetry,batch,measured_demo,capability,none,False,not_covered,cost_only,cost_only
2101948975876395075,other_or_meta,unclear,demo_no_numbers,latency,none,False,noise,noise,noise
2102119982519746604,search_rerank_extraction,interaction,demo_no_numbers,none,none,False,not_covered,unproven_demo,demo
2102064923086143949,games_control_loops_simulation,feel,demo_no_numbers,none,none,True,not_covered,unproven_demo,demo
2101875380407713986,games_control_loops_simulation,feel,demo_no_numbers,none,none,True,not_covered,unproven_demo,demo
2102086504986169652,evals_and_judging,unclear,demo_no_numbers,none,none,False,not_covered,unproven_demo,demo
2101940480162603151,games_control_loops_simulation,feel,measured_demo,accuracy,rules_or_regex,True,not_covered,material,fast_loop
2101830589620056160,games_control_loops_simulation,feel,measured_demo,none,none,True,not_covered,material,fast_loop
2102120625691304379,browser_and_computer_use,feel,demo_no_numbers,latency,none,True,not_covered,hype,hype
2102025726610325833,trading_and_markets,task,measured_demo,capability,frontier_llm,True,not_covered,cost_only,cost_only
2101840903904329994,agent_harness_and_tool_gating,task,demo_no_numbers,latency,none,True,not_covered,hype,hype
2102116631166255389,games_control_loops_simulation,feel,demo_no_numbers,none,none,True,not_covered,unproven_demo,demo
2102125893431017541,other_or_meta,unclear,demo_no_numbers,none,none,False,noise,noise,noise
2102052212725940425,other_or_meta,unclear,demo_no_numbers,none,rules_or_regex,False,noise,noise,noise
2102080423614726432,evals_and_judging,batch,measured_demo,latency,frontier_llm,False,not_covered,cost_only,cost_only
2102173897676185658,games_control_loops_simulation,feel,demo_no_numbers,none,none,True,not_covered,unproven_demo,demo
2101825541728854156,other_or_meta,unclear,measured_demo,latency,none,False,noise,noise,noise
2102045236851548503,agent_harness_and_tool_gating,task,measured_demo,cost,frontier_llm,False,not_covered,cost_only,cost_only
2102086884998664521,games_control_loops_simulation,feel,demo_no_numbers,none,none,True,not_covered,unproven_demo,demo
2102183268137206157,classification_routing_triage,batch,measured_demo,accuracy,small_llm,False,cost_only,cost_only,cost_only
2102144051197915162,games_control_loops_simulation,feel,demo_no_numbers,capability,none,True,not_covered,hype,demo
2102041407372566774,games_control_loops_simulation,batch,demo_no_numbers,cost,frontier_llm,False,hype,hype,hype
2102036374694293610,games_control_loops_simulation,feel,demo_no_numbers,none,none,True,not_covered,unproven_demo,demo
2101872112977781180,agent_harness_and_tool_gating,task,demo_no_numbers,none,none,False,not_covered,unproven_demo,demo
2101974658442526862,trading_and_markets,task,demo_no_numbers,none,none,True,not_covered,unproven_demo,demo
2102046164916764901,games_control_loops_simulation,feel,measured_demo,latency,none,True,not_covered,material,fast_loop
2101967022808502653,browser_and_computer_use,task,demo_no_numbers,latency,none,False,not_covered,hype,hype
2102055162122481717,other_or_meta,unclear,demo_no_numbers,none,none,False,noise,noise,noise
2102143687090122910,agent_harness_and_tool_gating,task,demo_no_numbers,none,frontier_llm,False,not_covered,hype,hype
2102112317546897583,classification_routing_triage,task,measured_demo,cost,frontier_llm,False,not_covered,cost_only,cost_only
2102014443198582880,agent_harness_and_tool_gating,task,demo_no_numbers,latency,none,False,not_covered,hype,hype
2102169188429353286,evals_and_judging,batch,demo_no_numbers,accuracy,frontier_llm,False,not_covered,hype,hype
2102029217269481816,other_or_meta,unclear,demo_no_numbers,none,none,False,noise,noise,noise
2101849857782923691,collaboration_and_typing,interaction,demo_no_numbers,none,none,True,not_covered,unproven_demo,demo
2101831051597259103,classification_routing_triage,task,measured_demo,cost,none,False,not_covered,cost_only,cost_only
2102082795791069226,agent_harness_and_tool_gating,task,demo_no_numbers,none,none,False,not_covered,unproven_demo,demo
2102071931436724413,search_rerank_extraction,batch,demo_no_numbers,none,none,False,not_covered,unproven_demo,demo
2102051917836812621,search_rerank_extraction,interaction,measured_demo,latency,vendor_api,False,not_covered,cost_only,cost_only
2101949450818306177,moderation_and_guardrails,interaction,demo_no_numbers,accuracy,rules_or_regex,False,not_covered,unproven_demo,hype
2102050427206619525,live_chat_streams_events,interaction,demo_no_numbers,none,none,True,not_covered,unproven_demo,demo
2101897102557425680,moderation_and_guardrails,interaction,demo_no_numbers,capability,none,False,not_covered,hype,demo
2102101568187445582,games_control_loops_simulation,feel,demo_no_numbers,capability,none,True,not_covered,hype,demo
2101870531754799287,moderation_and_guardrails,interaction,demo_no_numbers,none,none,True,not_covered,unproven_demo,demo
2102046994248224826,games_control_loops_simulation,feel,demo_no_numbers,accuracy,small_llm,True,not_covered,unproven_demo,hype
2101902015194636573,search_rerank_extraction,interaction,demo_no_numbers,latency,none,False,not_covered,hype,hype
2102157870473126305,search_rerank_extraction,interaction,demo_no_numbers,latency,none,False,not_covered,hype,hype
2101972083375034401,classification_routing_triage,task,measured_demo,cost,none,False,not_covered,cost_only,cost_only
2101961160484671909,search_rerank_extraction,unclear,demo_no_numbers,none,none,False,not_covered,unproven_demo,demo
2102098368486838380,agent_harness_and_tool_gating,task,measured_demo,cost,none,False,not_covered,cost_only,cost_only
2101846703091376219,games_control_loops_simulation,feel,demo_no_numbers,none,none,True,not_covered,unproven_demo,demo
2102170150149726507,trading_and_markets,task,measured_demo,latency,none,True,not_covered,cost_only,cost_only
2101907127543718196,trading_and_markets,task,demo_no_numbers,capability,none,True,not_covered,hype,demo
2101904912150098081,trading_and_markets,batch,demo_no_numbers,none,none,False,not_covered,unproven_demo,demo
2102148123590263094,search_rerank_extraction,batch,measured_demo,cost,frontier_llm,False,not_covered,cost_only,cost_only
2102057613655454184,data_and_telemetry,batch,measured_demo,cost,none,False,not_covered,cost_only,cost_only
2102093064411955642,games_control_loops_simulation,feel,demo_no_numbers,none,none,True,not_covered,unproven_demo,demo
2101994638102127086,games_control_loops_simulation,feel,demo_no_numbers,accuracy,none,True,not_covered,unproven_demo,hype
2101984960684954030,agent_harness_and_tool_gating,task,demo_no_numbers,none,none,False,not_covered,unproven_demo,demo
2102051895808565258,games_control_loops_simulation,feel,demo_no_numbers,cost,none,True,not_covered,hype,hype
2101842185448718843,games_control_loops_simulation,feel,measured_demo,accuracy,none,True,not_covered,material,fast_loop
2101855581044916612,collaboration_and_typing,interaction,demo_no_numbers,capability,none,False,not_covered,hype,demo
2102131162386710885,evals_and_judging,task,measured_demo,accuracy,frontier_llm,False,not_covered,cost_only,cost_only
2102012469808087405,moderation_and_guardrails,task,demo_no_numbers,capability,none,False,not_covered,hype,demo
2102149363787088384,games_control_loops_simulation,feel,demo_no_numbers,capability,none,True,not_covered,hype,demo
2101894103940178338,search_rerank_extraction,task,demo_no_numbers,accuracy,none,False,not_covered,unproven_demo,hype
2102133172603441602,games_control_loops_simulation,feel,demo_no_numbers,none,none,True,not_covered,unproven_demo,demo
2102135570889605333,games_control_loops_simulation,feel,demo_no_numbers,latency,none,True,not_covered,hype,hype
2102104769925935409,other_or_meta,unclear,commentary_or_meme,none,none,False,noise,noise,noise
2101876768525418830,other_or_meta,unclear,demo_no_numbers,none,none,False,noise,noise,noise
2102053404864643105,browser_and_computer_use,feel,demo_no_numbers,capability,none,True,not_covered,hype,demo
2101999631110701065,games_control_loops_simulation,feel,demo_no_numbers,none,none,True,not_covered,unproven_demo,demo
2102082638861479942,agent_harness_and_tool_gating,task,measured_demo,accuracy,frontier_llm,False,not_covered,cost_only,cost_only
2101930363446587435,classification_routing_triage,task,measured_demo,latency,vendor_api,False,cost_only,cost_only,cost_only
2102025016984625316,trading_and_markets,task,demo_no_numbers,capability,none,True,not_covered,hype,demo
2101954931829645588,classification_routing_triage,task,measured_demo,latency,none,True,not_covered,cost_only,cost_only
2101841680391417910,agent_harness_and_tool_gating,task,demo_no_numbers,cost,none,True,not_covered,hype,hype
2101842487698461170,trading_and_markets,task,measured_demo,cost,none,False,not_covered,cost_only,cost_only
2102021551998554419,search_rerank_extraction,interaction,demo_no_numbers,none,rules_or_regex,False,not_covered,unproven_demo,hype
2102081157332353131,evals_and_judging,task,measured_demo,cost,frontier_llm,False,not_covered,cost_only,cost_only
2101937853152256481,other_or_meta,unclear,demo_no_numbers,none,none,False,noise,noise,noise
2102006756926788092,other_or_meta,task,measured_demo,none,frontier_llm,False,noise,noise,noise
2101908148110217220,search_rerank_extraction,task,demo_no_numbers,latency,none,False,not_covered,hype,hype
2101881276789911861,search_rerank_extraction,task,demo_no_numbers,none,none,False,not_covered,unproven_demo,demo
2102154848053432443,games_control_loops_simulation,feel,demo_no_numbers,capability,none,True,not_covered,hype,demo
2102058911440208339,classification_routing_triage,task,proposal_or_idea,none,small_llm,False,not_covered,unproven_demo,hype
2102008701754409204,data_and_telemetry,batch,measured_demo,cost,none,False,not_covered,cost_only,cost_only
2101946125385437622,other_or_meta,unclear,demo_no_numbers,none,none,False,noise,noise,noise
2102066556486427133,other_or_meta,task,demo_no_numbers,capability,frontier_llm,False,noise,noise,noise
2101977276661604747,classification_routing_triage,task,demo_no_numbers,latency,frontier_llm,False,hype,hype,hype
2102126620131913839,other_or_meta,unclear,demo_no_numbers,none,none,False,noise,noise,noise
2102005420927971378,classification_routing_triage,interaction,demo_no_numbers,capability,none,True,not_covered,hype,demo
2101828152352002117,search_rerank_extraction,task,measured_demo,latency,none,False,not_covered,cost_only,cost_only
2102019468201214327,other_or_meta,unclear,demo_no_numbers,none,none,False,noise,noise,noise
2102066041824104516,other_or_meta,unclear,demo_no_numbers,capability,none,False,noise,noise,noise
2102065669302829438,other_or_meta,unclear,demo_no_numbers,none,none,False,noise,noise,noise
2102084422723915829,other_or_meta,unclear,demo_no_numbers,none,none,False,noise,noise,noise
2101866046714187808,other_or_meta,unclear,demo_no_numbers,none,none,False,noise,noise,noise
2102023625863790817,agent_harness_and_tool_gating,task,measured_demo,cost,frontier_llm,True,not_covered,cost_only,cost_only
2102107645713023058,games_control_loops_simulation,feel,demo_no_numbers,none,none,True,not_covered,unproven_demo,demo
2102078027957969271,other_or_meta,unclear,commentary_or_meme,cost,frontier_llm,False,noise,noise,noise
2102020842427428938,classification_routing_triage,task,demo_no_numbers,none,none,False,not_covered,unproven_demo,demo
2102127429418360895,search_rerank_extraction,interaction,demo_no_numbers,latency,none,False,not_covered,hype,hype
2101951949755347284,evals_and_judging,task,measured_demo,accuracy,none,False,not_covered,cost_only,cost_only
2101992804738384191,other_or_meta,interaction,demo_no_numbers,none,none,False,noise,noise,noise
2101873307809419624,games_control_loops_simulation,interaction,demo_no_numbers,none,none,True,not_covered,unproven_demo,demo
2102114147865698709,data_and_telemetry,batch,demo_no_numbers,capability,none,False,not_covered,hype,demo
2101873362213724652,games_control_loops_simulation,interaction,demo_no_numbers,latency,none,False,not_covered,hype,hype
2102090345115009139,classification_routing_triage,interaction,demo_no_numbers,none,none,True,not_covered,unproven_demo,demo
2101870472883487045,search_rerank_extraction,interaction,demo_no_numbers,capability,frontier_llm,False,not_covered,hype,hype
2102138295949943004,games_control_loops_simulation,feel,demo_no_numbers,none,none,True,not_covered,unproven_demo,demo
2102018548381974917,collaboration_and_typing,interaction,demo_no_numbers,latency,none,True,not_covered,hype,hype
2102005825589936383,trading_and_markets,feel,demo_no_numbers,latency,frontier_llm,True,hype,hype,hype
2101980677545615787,evals_and_judging,batch,demo_no_numbers,none,none,False,not_covered,unproven_demo,demo
2102019573662822781,trading_and_markets,task,demo_no_numbers,cost,none,True,not_covered,hype,hype
2101946760734364010,other_or_meta,unclear,demo_no_numbers,none,none,False,noise,noise,noise
2102123079912808849,games_control_loops_simulation,feel,demo_no_numbers,none,none,True,not_covered,unproven_demo,demo
2101937847674835406,data_and_telemetry,batch,demo_no_numbers,latency,frontier_llm,False,hype,hype,hype
2102031521649684872,classification_routing_triage,interaction,demo_no_numbers,none,none,False,not_covered,unproven_demo,demo
2102167087309369731,agent_harness_and_tool_gating,task,demo_no_numbers,capability,frontier_llm,False,not_covered,hype,hype
2102015328582508980,games_control_loops_simulation,feel,measured_demo,latency,small_llm,True,not_covered,cost_only,fast_loop
2102116749332324369,agent_harness_and_tool_gating,task,demo_no_numbers,none,none,False,not_covered,unproven_demo,demo
2102070538525085801,search_rerank_extraction,interaction,demo_no_numbers,none,none,False,not_covered,unproven_demo,demo
2102020378306683087,live_chat_streams_events,turn,demo_no_numbers,none,none,True,not_covered,unproven_demo,demo
2102093822985687435,games_control_loops_simulation,feel,demo_no_numbers,none,none,True,not_covered,unproven_demo,demo
2101989662579392607,search_rerank_extraction,task,demo_no_numbers,none,none,False,not_covered,unproven_demo,demo
2102046803785036064,other_or_meta,unclear,demo_no_numbers,none,none,True,noise,noise,noise
2101831282418470995,other_or_meta,unclear,measured_demo,latency,frontier_llm,False,noise,noise,noise
2101925772516569243,other_or_meta,unclear,demo_no_numbers,none,none,False,noise,noise,noise
2102113047280029969,other_or_meta,unclear,demo_no_numbers,none,none,False,noise,noise,noise
2102045194614939700,agent_harness_and_tool_gating,task,demo_no_numbers,cost,none,False,not_covered,hype,hype
2102048463634526637,games_control_loops_simulation,feel,measured_demo,latency,none,True,not_covered,material,fast_loop
2101880142666805285,search_rerank_extraction,task,demo_no_numbers,none,none,False,not_covered,unproven_demo,demo
2102040878231491055,browser_and_computer_use,task,measured_demo,latency,frontier_llm,True,not_covered,cost_only,cost_only
2101954225781772319,browser_and_computer_use,interaction,demo_no_numbers,none,none,False,not_covered,unproven_demo,demo
2101994437002072365,games_control_loops_simulation,feel,demo_no_numbers,none,none,True,not_covered,unproven_demo,demo
2102033296523661423,other_or_meta,unclear,measured_demo,latency,none,False,noise,noise,noise
2102062431262376124,other_or_meta,unclear,demo_no_numbers,none,none,False,noise,noise,noise
2102097858346311939,agent_harness_and_tool_gating,task,demo_no_numbers,none,none,True,not_covered,unproven_demo,demo
2102135755137020164,agent_harness_and_tool_gating,task,demo_no_numbers,capability,none,False,not_covered,hype,demo
2101999493965398187,games_control_loops_simulation,feel,measured_demo,cost,none,True,not_covered,material,fast_loop
2102060645151539305,trading_and_markets,task,measured_demo,cost,none,True,not_covered,cost_only,cost_only
2102070798655582255,agent_harness_and_tool_gating,interaction,demo_no_numbers,none,none,True,not_covered,unproven_demo,demo
2101990059142737998,voice_and_turn_taking,turn,demo_no_numbers,cost,none,True,not_covered,hype,hype
2102181612133966298,agent_harness_and_tool_gating,task,demo_no_numbers,none,none,False,not_covered,unproven_demo,demo
2102073471664537677,agent_harness_and_tool_gating,feel,measured_demo,latency,none,True,not_covered,material,fast_loop
2101979132905300427,data_and_telemetry,batch,measured_demo,cost,none,False,not_covered,cost_only,cost_only
2101939425668436384,evals_and_judging,task,demo_no_numbers,capability,none,True,not_covered,hype,demo
2102028189354676461,other_or_meta,unclear,demo_no_numbers,none,none,False,noise,noise,noise
2102054413955129458,evals_and_judging,task,demo_no_numbers,none,none,False,not_covered,unproven_demo,demo
2102118723129843866,search_rerank_extraction,interaction,measured_demo,latency,none,False,not_covered,cost_only,cost_only
2101997289715773761,classification_routing_triage,task,demo_no_numbers,none,none,False,not_covered,unproven_demo,demo
2102099108387545297,trading_and_markets,interaction,measured_demo,accuracy,none,True,material,material,material
2101964312478937273,classification_routing_triage,batch,measured_demo,latency,none,False,not_covered,cost_only,cost_only
2101963414092632260,other_or_meta,unclear,demo_no_numbers,none,none,False,noise,noise,noise
2102025629000765586,games_control_loops_simulation,feel,demo_no_numbers,none,none,True,not_covered,unproven_demo,demo
2102061671078613194,games_control_loops_simulation,feel,demo_no_numbers,none,none,True,not_covered,unproven_demo,demo
2102125508721004903,other_or_meta,unclear,measured_demo,accuracy,frontier_llm,False,noise,noise,noise
2102019991868465626,games_control_loops_simulation,feel,measured_demo,latency,none,True,not_covered,material,fast_loop
2102009523817058482,agent_harness_and_tool_gating,task,demo_no_numbers,none,none,False,not_covered,unproven_demo,demo
2102070331343245399,other_or_meta,unclear,demo_no_numbers,none,none,False,noise,noise,noise
2102026793418915914,agent_harness_and_tool_gating,task,measured_demo,accuracy,none,False,not_covered,cost_only,cost_only
2102025465976561989,classification_routing_triage,task,demo_no_numbers,none,none,False,not_covered,unproven_demo,demo
2101863060096835838,classification_routing_triage,task,demo_no_numbers,none,none,False,not_covered,unproven_demo,demo
2102112098272841972,search_rerank_extraction,interaction,demo_no_numbers,capability,none,False,not_covered,hype,demo
2102079871388201146,games_control_loops_simulation,feel,measured_demo,accuracy,none,True,not_covered,material,fast_loop
2102162619310227727,data_and_telemetry,batch,measured_demo,none,none,False,not_covered,cost_only,cost_only
2102063535723262029,agent_harness_and_tool_gating,task,demo_no_numbers,none,none,False,not_covered,unproven_demo,demo
2102064393899188433,other_or_meta,unclear,demo_no_numbers,none,none,False,noise,noise,noise
2102104753111224690,classification_routing_triage,unclear,demo_no_numbers,none,none,False,not_covered,unproven_demo,demo
2101960740504838327,evals_and_judging,task,demo_no_numbers,none,none,False,not_covered,unproven_demo,demo
2101950620819398968,games_control_loops_simulation,feel,demo_no_numbers,none,none,True,not_covered,unproven_demo,demo
2102097556671266865,other_or_meta,unclear,demo_no_numbers,none,none,False,noise,noise,noise
2102050237644767294,classification_routing_triage,task,demo_no_numbers,none,none,False,not_covered,unproven_demo,demo
2101897628510494812,trading_and_markets,task,measured_demo,none,none,True,not_covered,cost_only,cost_only
2101985678074777859,voice_and_turn_taking,turn,demo_no_numbers,none,none,True,not_covered,unproven_demo,demo
2102173451825885354,classification_routing_triage,task,demo_no_numbers,none,none,False,not_covered,unproven_demo,demo
2102012845365829936,other_or_meta,unclear,demo_no_numbers,none,none,False,noise,noise,noise
2102123224058466568,other_or_meta,unclear,demo_no_numbers,none,none,True,noise,noise,noise
2102133416753848808,trading_and_markets,interaction,measured_demo,accuracy,none,False,not_covered,cost_only,cost_only
2102016022920212655,agent_harness_and_tool_gating,task,measured_demo,accuracy,none,False,not_covered,cost_only,cost_only
2102109971655909645,classification_routing_triage,batch,measured_demo,cost,none,False,not_covered,cost_only,cost_only
2101853804778111346,classification_routing_triage,task,demo_no_numbers,cost,none,False,not_covered,hype,hype
2101933239841820956,data_and_telemetry,batch,measured_demo,latency,none,False,not_covered,cost_only,cost_only
2102025676983288133,search_rerank_extraction,interaction,demo_no_numbers,latency,rules_or_regex,False,not_covered,hype,hype
2102110628810813746,trading_and_markets,task,measured_demo,none,none,True,not_covered,cost_only,cost_only
2102036888756371605,data_and_telemetry,batch,measured_demo,latency,none,False,not_covered,cost_only,cost_only
2102037758051221672,games_control_loops_simulation,feel,demo_no_numbers,none,none,True,not_covered,unproven_demo,demo
2101999519718109481,browser_and_computer_use,task,demo_no_numbers,none,none,False,not_covered,unproven_demo,demo
2102017510526898292,classification_routing_triage,task,demo_no_numbers,capability,none,False,not_covered,hype,demo
2102052707024466181,trading_and_markets,task,measured_demo,accuracy,none,True,not_covered,cost_only,cost_only
2102139235000049664,other_or_meta,unclear,demo_no_numbers,none,none,False,noise,noise,noise
2102024810356228500,games_control_loops_simulation,feel,demo_no_numbers,capability,none,True,not_covered,hype,demo
2101866549393174628,search_rerank_extraction,task,demo_no_numbers,accuracy,classic_classifier_or_ml,False,not_covered,unproven_demo,hype
2102072231887245740,moderation_and_guardrails,interaction,demo_no_numbers,none,none,False,not_covered,unproven_demo,demo
2102075332014624819,other_or_meta,batch,measured_demo,capability,frontier_llm,False,noise,noise,noise
2101972279026737208,games_control_loops_simulation,feel,measured_demo,latency,none,True,not_covered,material,fast_loop
2102066282736566402,other_or_meta,unclear,demo_no_numbers,none,none,False,noise,noise,noise
2102125617177043039,classification_routing_triage,batch,measured_demo,cost,none,False,not_covered,cost_only,cost_only
2101962395648417917,agent_harness_and_tool_gating,feel,measured_demo,latency,none,True,not_covered,material,fast_loop
2101878556028813334,other_or_meta,unclear,demo_no_numbers,none,none,False,noise,noise,noise
2102067720997175524,live_chat_streams_events,interaction,demo_no_numbers,none,none,True,not_covered,unproven_demo,demo
2102073216680546670,games_control_loops_simulation,feel,demo_no_numbers,capability,none,True,not_covered,hype,demo
2102084948455014569,games_control_loops_simulation,feel,measured_demo,latency,none,True,not_covered,material,fast_loop
2101959889606328403,moderation_and_guardrails,batch,measured_demo,cost,rules_or_regex,False,not_covered,cost_only,cost_only
2101971257541705867,other_or_meta,unclear,demo_no_numbers,none,frontier_llm,False,noise,noise,noise
2102102057276588346,games_control_loops_simulation,task,demo_no_numbers,capability,none,True,not_covered,hype,demo
2102038651425448097,other_or_meta,unclear,demo_no_numbers,none,none,True,noise,noise,noise
2102035917217157543,agent_harness_and_tool_gating,task,measured_demo,cost,none,False,not_covered,cost_only,cost_only
2101971214780518634,browser_and_computer_use,task,demo_no_numbers,capability,none,True,not_covered,hype,demo
2102143796871942450,other_or_meta,unclear,demo_no_numbers,none,none,False,noise,noise,noise
2102009666868039967,moderation_and_guardrails,interaction,demo_no_numbers,none,none,False,not_covered,unproven_demo,demo
2101972711786545530,other_or_meta,unclear,demo_no_numbers,none,none,False,noise,noise,noise
2101957287225295020,games_control_loops_simulation,feel,demo_no_numbers,capability,none,True,not_covered,hype,demo
2101868080477724712,data_and_telemetry,batch,demo_no_numbers,none,none,False,not_covered,unproven_demo,demo
2102072026156662954,other_or_meta,unclear,demo_no_numbers,capability,none,False,noise,noise,noise
2102130055786938798,moderation_and_guardrails,interaction,demo_no_numbers,capability,none,False,not_covered,hype,demo
2102061478438211812,collaboration_and_typing,interaction,measured_demo,latency,none,True,material,material,material
2102085324801483181,other_or_meta,batch,measured_demo,accuracy,none,False,noise,noise,noise
2102006978117779489,agent_harness_and_tool_gating,task,demo_no_numbers,capability,frontier_llm,False,not_covered,hype,hype
2102124900446089641,other_or_meta,unclear,demo_no_numbers,none,none,False,noise,noise,noise
2102026389033742750,classification_routing_triage,task,demo_no_numbers,capability,none,False,not_covered,hype,demo
2102035394711949373,data_and_telemetry,batch,measured_demo,cost,none,False,not_covered,cost_only,cost_only
2102035850532122686,data_and_telemetry,batch,demo_no_numbers,none,none,False,not_covered,unproven_demo,demo
2101987335558824151,voice_and_turn_taking,turn,measured_demo,latency,frontier_llm,True,not_covered,cost_only,material_vs_frontier
2101863835300978909,classification_routing_triage,task,measured_demo,cost,none,False,not_covered,cost_only,cost_only
2102033501457658220,games_control_loops_simulation,feel,demo_no_numbers,none,none,True,not_covered,unproven_demo,demo
2101851724000743852,data_and_telemetry,batch,measured_demo,cost,none,False,not_covered,cost_only,cost_only
2102098297758396906,games_control_loops_simulation,feel,demo_no_numbers,none,none,True,not_covered,unproven_demo,demo
2102081953981755518,classification_routing_triage,task,measured_demo,cost,none,False,not_covered,cost_only,cost_only
2102009724141179289,games_control_loops_simulation,feel,demo_no_numbers,none,none,True,not_covered,unproven_demo,demo
2102027311071768944,games_control_loops_simulation,feel,demo_no_numbers,none,none,False,not_covered,unproven_demo,demo
2102001482425852074,games_control_loops_simulation,feel,measured_demo,accuracy,none,True,not_covered,material,fast_loop
2102091634607366539,classification_routing_triage,task,demo_no_numbers,none,none,False,not_covered,unproven_demo,demo
2102173029275230263,evals_and_judging,task,demo_no_numbers,none,none,False,not_covered,unproven_demo,demo
2101977605159456926,other_or_meta,unclear,commentary_or_meme,none,none,False,noise,noise,noise
2101915116048355435,trading_and_markets,task,demo_no_numbers,none,none,True,not_covered,unproven_demo,demo
2101881195365822927,search_rerank_extraction,batch,measured_demo,latency,none,False,not_covered,cost_only,cost_only
2102147843352146001,evals_and_judging,interaction,demo_no_numbers,none,none,False,not_covered,unproven_demo,demo
2101967688973344992,games_control_loops_simulation,feel,demo_no_numbers,none,none,True,not_covered,unproven_demo,demo
2102047680390152404,games_control_loops_simulation,feel,demo_no_numbers,none,none,True,not_covered,unproven_demo,demo
2102113999823286646,compaction_and_context,interaction,demo_no_numbers,none,none,False,not_covered,unproven_demo,demo
2101859341976605153,search_rerank_extraction,interaction,demo_no_numbers,none,none,False,not_covered,unproven_demo,demo
2102166895109853256,voice_and_turn_taking,turn,demo_no_numbers,none,none,True,not_covered,unproven_demo,demo
2102108234404241437,games_control_loops_simulation,feel,demo_no_numbers,none,none,True,not_covered,unproven_demo,demo
2102134887012573213,games_control_loops_simulation,feel,measured_demo,cost,none,True,not_covered,material,fast_loop
2102139341653024913,other_or_meta,unclear,demo_no_numbers,capability,classic_classifier_or_ml,False,noise,noise,noise
2102107759483453733,moderation_and_guardrails,task,measured_demo,cost,none,True,not_covered,cost_only,cost_only
2101884207610171655,browser_and_computer_use,interaction,demo_no_numbers,none,none,False,not_covered,unproven_demo,demo
2102122067743195255,trading_and_markets,task,measured_demo,accuracy,none,False,not_covered,cost_only,cost_only
2102008369376878646,compaction_and_context,task,demo_no_numbers,none,none,False,not_covered,unproven_demo,demo
2102083627836219731,agent_harness_and_tool_gating,task,measured_demo,accuracy,none,False,not_covered,cost_only,cost_only
2101999087331491904,evals_and_judging,interaction,demo_no_numbers,none,none,False,not_covered,unproven_demo,demo
2102057252219969961,agent_harness_and_tool_gating,task,demo_no_numbers,none,none,False,not_covered,unproven_demo,demo
2102067503036031321,agent_harness_and_tool_gating,task,demo_no_numbers,none,none,False,not_covered,unproven_demo,demo
2102039586092310903,classification_routing_triage,batch,measured_demo,cost,frontier_llm,False,not_covered,cost_only,cost_only
2102094902779884016,other_or_meta,unclear,commentary_or_meme,cost,none,False,noise,noise,noise
2102110429820633577,search_rerank_extraction,interaction,demo_no_numbers,capability,none,False,not_covered,hype,demo
2101960877910196438,search_rerank_extraction,batch,demo_no_numbers,none,none,False,not_covered,unproven_demo,demo
2102046700722659605,evals_and_judging,task,demo_no_numbers,none,none,False,not_covered,unproven_demo,demo
2101895709809352848,live_chat_streams_events,turn,demo_no_numbers,capability,none,True,not_covered,hype,demo
2101876891837972823,evals_and_judging,unclear,demo_no_numbers,none,none,False,not_covered,unproven_demo,demo
2102031737509269655,other_or_meta,task,measured_demo,latency,none,False,noise,noise,noise
2101882683391352890,data_and_telemetry,batch,measured_demo,cost,none,False,not_covered,cost_only,cost_only
2101882375479099486,agent_harness_and_tool_gating,task,demo_no_numbers,capability,frontier_llm,False,not_covered,hype,hype
2102095712196382827,games_control_loops_simulation,feel,demo_no_numbers,none,frontier_llm,True,not_covered,hype,hype
2102006594879844757,other_or_meta,interaction,measured_demo,cost,none,True,noise,noise,noise
2102036740743873008,other_or_meta,unclear,demo_no_numbers,none,none,False,noise,noise,noise
2102005949770948959,games_control_loops_simulation,feel,demo_no_numbers,none,none,True,not_covered,unproven_demo,demo
2101942660680368367,collaboration_and_typing,interaction,measured_demo,latency,none,True,material,material,material
2101940709796536365,classification_routing_triage,interaction,demo_no_numbers,none,none,False,not_covered,unproven_demo,demo
2101925503430967540,classification_routing_triage,task,demo_no_numbers,none,none,False,not_covered,unproven_demo,demo
2101968020340109430,agent_harness_and_tool_gating,unclear,demo_no_numbers,none,none,False,not_covered,unproven_demo,demo
2101908942183899463,games_control_loops_simulation,feel,demo_no_numbers,none,none,True,not_covered,unproven_demo,demo
2101963455477535043,classification_routing_triage,batch,demo_no_numbers,none,none,False,not_covered,unproven_demo,demo
2102012223262732786,live_chat_streams_events,turn,demo_no_numbers,latency,none,True,not_covered,hype,hype
2101994500701012267,agent_harness_and_tool_gating,task,demo_no_numbers,none,none,True,not_covered,unproven_demo,demo
2102159282728841320,games_control_loops_simulation,feel,demo_no_numbers,none,none,True,not_covered,unproven_demo,demo
2101949849273053335,games_control_loops_simulation,feel,demo_no_numbers,none,none,True,not_covered,unproven_demo,demo
2101952556058759450,moderation_and_guardrails,interaction,demo_no_numbers,latency,frontier_llm,False,hype,hype,hype
2102036344130191370,games_control_loops_simulation,feel,demo_no_numbers,none,none,True,not_covered,unproven_demo,demo
2101915884663308796,other_or_meta,task,demo_no_numbers,latency,frontier_llm,False,noise,noise,noise
2101968117064945718,search_rerank_extraction,batch,measured_demo,cost,frontier_llm,False,not_covered,cost_only,cost_only
2101902757573828982,games_control_loops_simulation,feel,measured_demo,cost,none,True,not_covered,material,fast_loop
2102068488273822183,games_control_loops_simulation,feel,measured_demo,latency,none,True,not_covered,material,fast_loop
2101915703192506805,search_rerank_extraction,unclear,demo_no_numbers,accuracy,none,False,not_covered,unproven_demo,hype
2102184995209228714,games_control_loops_simulation,feel,measured_demo,none,none,True,not_covered,material,fast_loop
2102135454287970585,other_or_meta,unclear,demo_no_numbers,none,none,False,noise,noise,noise
2102082476936147307,other_or_meta,task,demo_no_numbers,none,none,False,noise,noise,noise
2102063580593914274,evals_and_judging,task,demo_no_numbers,capability,rules_or_regex,False,not_covered,hype,hype
2101874066424525291,moderation_and_guardrails,interaction,demo_no_numbers,none,none,True,not_covered,unproven_demo,demo
2102065093198364808,classification_routing_triage,task,demo_no_numbers,none,none,False,not_covered,unproven_demo,demo
2102006721820623229,other_or_meta,unclear,demo_no_numbers,none,none,False,noise,noise,noise
2102019721176756559,classification_routing_triage,interaction,demo_no_numbers,none,none,False,not_covered,unproven_demo,demo
2101996018997043661,games_control_loops_simulation,feel,measured_demo,accuracy,none,True,not_covered,material,fast_loop
2102078962147238209,games_control_loops_simulation,feel,demo_no_numbers,none,none,True,not_covered,unproven_demo,demo
2102171094635745310,other_or_meta,unclear,demo_no_numbers,none,none,False,noise,noise,noise
2102035248506961954,other_or_meta,unclear,demo_no_numbers,none,none,False,noise,noise,noise
2102007162998526438,evals_and_judging,unclear,demo_no_numbers,accuracy,none,False,not_covered,unproven_demo,hype
2102060264673698047,games_control_loops_simulation,turn,demo_no_numbers,none,none,True,not_covered,unproven_demo,demo
2101960246130548947,other_or_meta,interaction,demo_no_numbers,capability,rules_or_regex,True,noise,noise,noise
2101894975759986696,compaction_and_context,task,measured_demo,capability,none,False,not_covered,cost_only,cost_only
2101845452454838312,classification_routing_triage,task,demo_no_numbers,cost,frontier_llm,False,hype,hype,hype
2102003865122168982,other_or_meta,unclear,demo_no_numbers,none,none,False,noise,noise,noise
2101958578634424768,search_rerank_extraction,batch,demo_no_numbers,none,none,False,not_covered,unproven_demo,demo
2102112625891099045,other_or_meta,unclear,commentary_or_meme,latency,frontier_llm,False,noise,noise,noise
2102070851579547716,classification_routing_triage,task,measured_demo,none,none,False,not_covered,cost_only,cost_only
2102072904959537278,agent_harness_and_tool_gating,task,demo_no_numbers,cost,frontier_llm,False,hype,hype,hype
2102042337778303037,games_control_loops_simulation,feel,measured_demo,accuracy,classic_classifier_or_ml,True,not_covered,material,fast_loop
2101961345134624906,search_rerank_extraction,interaction,demo_no_numbers,none,none,False,not_covered,unproven_demo,demo
2102027382974775722,other_or_meta,unclear,demo_no_numbers,none,none,False,noise,noise,noise
2101877994335977536,games_control_loops_simulation,feel,demo_no_numbers,none,none,True,not_covered,unproven_demo,demo
2102124616403623959,classification_routing_triage,task,demo_no_numbers,none,none,False,not_covered,unproven_demo,demo
2101845554829668577,evals_and_judging,task,demo_no_numbers,none,none,False,not_covered,unproven_demo,demo
2102161411895914621,trading_and_markets,task,measured_demo,accuracy,none,True,not_covered,cost_only,cost_only
2102103449722646987,evals_and_judging,task,measured_demo,cost,small_llm,False,cost_only,cost_only,cost_only
2102036877930860633,other_or_meta,task,measured_demo,latency,none,False,noise,noise,noise
2102112514846740749,other_or_meta,unclear,demo_no_numbers,none,none,False,noise,noise,noise
2102045039165612366,games_control_loops_simulation,feel,demo_no_numbers,none,none,True,not_covered,unproven_demo,demo
2101826113689268673,data_and_telemetry,batch,measured_demo,none,none,False,not_covered,cost_only,cost_only
2102106816100610423,trading_and_markets,task,measured_demo,none,none,True,not_covered,cost_only,cost_only
2102078920187363787,search_rerank_extraction,task,measured_demo,latency,none,False,not_covered,cost_only,cost_only
2101961163886236144,evals_and_judging,task,measured_demo,none,none,False,not_covered,cost_only,cost_only
2101841297724301713,other_or_meta,unclear,demo_no_numbers,none,none,False,noise,noise,noise
2102067083920216185,other_or_meta,unclear,measured_demo,latency,vendor_api,False,noise,noise,noise
2101965550054244525,classification_routing_triage,task,measured_demo,cost,frontier_llm,False,not_covered,cost_only,cost_only
2101837991228375196,games_control_loops_simulation,frame,demo_no_numbers,none,none,True,not_covered,unproven_demo,demo
2101847461124059458,trading_and_markets,task,demo_no_numbers,none,none,False,not_covered,unproven_demo,demo
2101895097344561196,classification_routing_triage,task,demo_no_numbers,none,none,False,not_covered,unproven_demo,demo
2102038738838962316,other_or_meta,interaction,demo_no_numbers,none,none,False,noise,noise,noise
2101835155342258572,games_control_loops_simulation,feel,demo_no_numbers,none,none,True,not_covered,unproven_demo,demo
2101868623728165154,agent_harness_and_tool_gating,task,demo_no_numbers,none,none,False,not_covered,unproven_demo,demo
2101849603796795547,search_rerank_extraction,interaction,demo_no_numbers,none,none,False,not_covered,unproven_demo,demo
2101915138735399147,search_rerank_extraction,task,demo_no_numbers,none,none,False,not_covered,unproven_demo,demo
2101836712582250597,evals_and_judging,task,demo_no_numbers,none,none,False,not_covered,unproven_demo,demo
2102185994715803795,games_control_loops_simulation,feel,demo_no_numbers,none,none,True,not_covered,unproven_demo,demo
2102095923136631110,classification_routing_triage,interaction,demo_no_numbers,none,none,False,not_covered,unproven_demo,demo
2102172336841777354,voice_and_turn_taking,turn,demo_no_numbers,none,none,True,not_covered,unproven_demo,demo
2101832444660113836,games_control_loops_simulation,task,measured_demo,accuracy,none,True,not_covered,cost_only,cost_only
2102166644877307960,search_rerank_extraction,task,measured_demo,capability,classic_classifier_or_ml,False,not_covered,cost_only,cost_only
2102168418845593686,data_and_telemetry,batch,demo_no_numbers,capability,frontier_llm,False,not_covered,hype,hype
2101899469805736407,data_and_telemetry,batch,demo_no_numbers,none,none,False,not_covered,unproven_demo,demo
2102020300640756219,games_control_loops_simulation,feel,demo_no_numbers,none,none,True,not_covered,unproven_demo,demo
2102071681485316321,trading_and_markets,task,demo_no_numbers,none,none,True,not_covered,unproven_demo,demo
2101871745871585386,evals_and_judging,unclear,measured_demo,accuracy,small_llm,False,not_covered,cost_only,cost_only
2102001298858234291,data_and_telemetry,batch,measured_demo,accuracy,none,False,not_covered,cost_only,cost_only
2102049977451287008,evals_and_judging,interaction,demo_no_numbers,accuracy,none,False,not_covered,unproven_demo,hype
2102073217670107364,trading_and_markets,task,demo_no_numbers,none,none,True,not_covered,unproven_demo,demo
2102168571866698029,compaction_and_context,unclear,demo_no_numbers,cost,none,False,not_covered,hype,hype
2102136100324049397,classification_routing_triage,batch,measured_demo,cost,none,False,not_covered,cost_only,cost_only
2102117266922090774,other_or_meta,unclear,demo_no_numbers,none,none,False,noise,noise,noise
2102050897887146459,compaction_and_context,unclear,demo_no_numbers,cost,frontier_llm,False,hype,hype,hype
2101950207177154957,data_and_telemetry,batch,demo_no_numbers,none,none,False,not_covered,unproven_demo,demo
2102114470092853392,other_or_meta,unclear,demo_no_numbers,none,none,False,noise,noise,noise
2101918688068919576,search_rerank_extraction,interaction,demo_no_numbers,none,none,False,not_covered,unproven_demo,demo
2101936620777722117,browser_and_computer_use,task,demo_no_numbers,capability,none,True,not_covered,hype,demo
2101975730636959844,games_control_loops_simulation,feel,measured_demo,accuracy,classic_classifier_or_ml,True,not_covered,material,fast_loop
2101970194445050016,classification_routing_triage,batch,demo_no_numbers,none,none,False,not_covered,unproven_demo,demo
2101996047257972932,other_or_meta,interaction,measured_demo,latency,none,False,noise,noise,noise
2102117095949443305,games_control_loops_simulation,feel,demo_no_numbers,none,frontier_llm,True,not_covered,hype,hype
2102018753781522731,search_rerank_extraction,interaction,demo_no_numbers,latency,none,True,not_covered,hype,hype
2102075937491976248,other_or_meta,unclear,demo_no_numbers,none,none,False,noise,noise,noise
2102123812544450797,games_control_loops_simulation,feel,demo_no_numbers,capability,none,True,not_covered,hype,demo
2101993249481384290,games_control_loops_simulation,feel,demo_no_numbers,none,none,True,not_covered,unproven_demo,demo
2102178634870264308,games_control_loops_simulation,feel,measured_demo,accuracy,none,True,not_covered,material,fast_loop
2101960493036408955,evals_and_judging,interaction,demo_no_numbers,capability,frontier_llm,False,not_covered,hype,hype
2102000309350658508,evals_and_judging,interaction,demo_no_numbers,capability,frontier_llm,False,not_covered,hype,hype
2101961197738422563,other_or_meta,unclear,demo_no_numbers,none,none,False,noise,noise,noise
2102001356886176123,classification_routing_triage,interaction,measured_demo,cost,none,False,not_covered,cost_only,cost_only
2101959649637671150,games_control_loops_simulation,feel,demo_no_numbers,none,none,True,not_covered,unproven_demo,demo
2101852126066458828,other_or_meta,unclear,demo_no_numbers,none,none,False,noise,noise,noise
2101934790018773143,games_control_loops_simulation,feel,measured_demo,latency,none,True,not_covered,material,fast_loop
2102085385052377338,search_rerank_extraction,interaction,demo_no_numbers,none,none,False,not_covered,unproven_demo,demo
2101964991100498177,classification_routing_triage,task,demo_no_numbers,capability,none,False,not_covered,hype,demo
2101983887018876955,agent_harness_and_tool_gating,task,demo_no_numbers,cost,none,False,not_covered,hype,hype
2102100377927819570,classification_routing_triage,task,measured_demo,latency,none,False,not_covered,cost_only,cost_only
2101824973749006746,other_or_meta,unclear,demo_no_numbers,none,none,False,noise,noise,noise
2102072798571270567,moderation_and_guardrails,interaction,demo_no_numbers,capability,none,False,not_covered,hype,demo
2102131298932285629,games_control_loops_simulation,feel,demo_no_numbers,none,none,True,not_covered,unproven_demo,demo
2102057936595902925,agent_harness_and_tool_gating,task,demo_no_numbers,capability,none,True,not_covered,hype,demo
2102058032628957551,agent_harness_and_tool_gating,batch,measured_demo,cost,frontier_llm,False,not_covered,cost_only,cost_only
2101915424090996896,games_control_loops_simulation,feel,demo_no_numbers,none,none,True,not_covered,unproven_demo,demo
2102049755744321999,search_rerank_extraction,batch,measured_demo,cost,rules_or_regex,False,not_covered,cost_only,cost_only
2101830636797583409,classification_routing_triage,batch,demo_no_numbers,none,classic_classifier_or_ml,False,not_covered,unproven_demo,hype
2102077761577751009,agent_harness_and_tool_gating,task,demo_no_numbers,none,none,False,not_covered,unproven_demo,demo
2102013361823343017,evals_and_judging,task,demo_no_numbers,accuracy,frontier_llm,False,not_covered,hype,hype
2102012648569069874,games_control_loops_simulation,feel,demo_no_numbers,none,none,True,not_covered,unproven_demo,demo
2102039587178864893,other_or_meta,unclear,demo_no_numbers,none,none,False,noise,noise,noise
2102068354903056566,games_control_loops_simulation,feel,measured_demo,capability,none,True,not_covered,material,fast_loop
2102014492217667872,games_control_loops_simulation,feel,demo_no_numbers,none,none,True,not_covered,unproven_demo,demo
2102020671668920453,voice_and_turn_taking,interaction,demo_no_numbers,none,vendor_api,True,not_covered,unproven_demo,hype
2102104889266683974,other_or_meta,unclear,measured_demo,accuracy,none,False,noise,noise,noise
2101997596202152375,search_rerank_extraction,task,demo_no_numbers,none,none,False,not_covered,unproven_demo,demo
2102063877009637564,search_rerank_extraction,task,measured_demo,latency,none,False,not_covered,cost_only,cost_only
2101942129895588045,trading_and_markets,task,demo_no_numbers,none,none,True,not_covered,unproven_demo,demo
2102110645709922521,search_rerank_extraction,interaction,demo_no_numbers,none,none,False,not_covered,unproven_demo,demo
2102032346308342149,moderation_and_guardrails,interaction,demo_no_numbers,none,none,False,not_covered,unproven_demo,demo
2102012437608423433,classification_routing_triage,interaction,demo_no_numbers,none,none,False,not_covered,unproven_demo,demo
2101928240998719541,classification_routing_triage,task,demo_no_numbers,none,none,False,not_covered,unproven_demo,demo
2102033314643411045,moderation_and_guardrails,interaction,demo_no_numbers,capability,none,False,not_covered,hype,demo
2101874901024149976,games_control_loops_simulation,feel,demo_no_numbers,none,none,True,not_covered,unproven_demo,demo
2101955450090803641,moderation_and_guardrails,interaction,demo_no_numbers,none,none,False,not_covered,unproven_demo,demo
2101928493252563001,moderation_and_guardrails,interaction,demo_no_numbers,none,none,False,not_covered,unproven_demo,demo
2102173159738732645,evals_and_judging,task,demo_no_numbers,accuracy,none,False,not_covered,unproven_demo,hype
2102069478263837016,classification_routing_triage,interaction,demo_no_numbers,none,none,False,not_covered,unproven_demo,demo
2101991373486669965,games_control_loops_simulation,task,demo_no_numbers,none,none,False,not_covered,unproven_demo,demo
2101983828403454428,trading_and_markets,task,measured_demo,capability,none,True,not_covered,cost_only,cost_only
2101830711980544168,moderation_and_guardrails,interaction,measured_demo,accuracy,none,False,not_covered,cost_only,cost_only
2102038708379603404,voice_and_turn_taking,turn,measured_demo,latency,none,True,material,material,material
2102171123194687638,other_or_meta,unclear,demo_no_numbers,none,none,False,noise,noise,noise
2101869601004855647,games_control_loops_simulation,feel,measured_demo,cost,none,True,not_covered,material,fast_loop
2102120832638050430,browser_and_computer_use,task,demo_no_numbers,latency,frontier_llm,True,hype,hype,hype
2101862098590732359,classification_routing_triage,batch,demo_no_numbers,none,none,False,not_covered,unproven_demo,demo
2102104066361082291,classification_routing_triage,interaction,measured_demo,cost,frontier_llm,False,not_covered,cost_only,cost_only
2102121871487463657,games_control_loops_simulation,feel,demo_no_numbers,none,none,True,not_covered,unproven_demo,demo
2101849193354825867,voice_and_turn_taking,turn,demo_no_numbers,none,none,True,not_covered,unproven_demo,demo
2101875556778422770,games_control_loops_simulation,feel,demo_no_numbers,none,none,True,not_covered,unproven_demo,demo
2101932748051239352,classification_routing_triage,interaction,measured_demo,latency,frontier_llm,False,not_covered,cost_only,cost_only
2101835362507346216,other_or_meta,unclear,demo_no_numbers,none,none,False,noise,noise,noise
2102003500721070155,games_control_loops_simulation,feel,demo_no_numbers,none,none,True,not_covered,unproven_demo,demo
2102028793397321799,moderation_and_guardrails,interaction,demo_no_numbers,capability,none,True,not_covered,hype,demo
2101832240900735106,evals_and_judging,interaction,demo_no_numbers,none,none,False,not_covered,unproven_demo,demo
2102069780496761026,classification_routing_triage,interaction,demo_no_numbers,none,none,False,not_covered,unproven_demo,demo
2101973320992243878,other_or_meta,unclear,demo_no_numbers,none,none,False,noise,noise,noise
2102035830848303164,classification_routing_triage,batch,demo_no_numbers,accuracy,frontier_llm,False,not_covered,hype,hype
2101864317524250954,games_control_loops_simulation,feel,demo_no_numbers,none,none,True,not_covered,unproven_demo,demo
2102130030805708881,search_rerank_extraction,task,measured_demo,latency,frontier_llm,False,not_covered,cost_only,cost_only
2102039059740680618,games_control_loops_simulation,feel,demo_no_numbers,capability,frontier_llm,True,not_covered,hype,hype
2102084420471865484,agent_harness_and_tool_gating,task,demo_no_numbers,none,none,True,not_covered,unproven_demo,demo
2102128588837232810,search_rerank_extraction,batch,measured_demo,accuracy,none,False,not_covered,cost_only,cost_only
2102042688916709743,trading_and_markets,interaction,demo_no_numbers,none,none,False,not_covered,unproven_demo,demo
2101989606409544148,games_control_loops_simulation,feel,demo_no_numbers,none,none,True,not_covered,unproven_demo,demo
2102053854116483325,other_or_meta,batch,measured_demo,latency,none,False,noise,noise,noise
2102069064994799838,agent_harness_and_tool_gating,task,demo_no_numbers,none,none,True,not_covered,unproven_demo,demo
2102044163093188716,browser_and_computer_use,interaction,measured_demo,accuracy,none,True,material,material,material
2102038326588878950,search_rerank_extraction,interaction,demo_no_numbers,latency,none,False,not_covered,hype,hype
2101890445056106659,other_or_meta,batch,measured_demo,cost,none,False,noise,noise,noise
2102073111495487639,other_or_meta,interaction,demo_no_numbers,none,none,True,noise,noise,noise
2101933291419099148,search_rerank_extraction,task,measured_demo,cost,none,False,not_covered,cost_only,cost_only
2101867908791992586,other_or_meta,interaction,demo_no_numbers,capability,none,True,noise,noise,noise
2102131273003332050,games_control_loops_simulation,feel,measured_demo,capability,none,True,not_covered,material,fast_loop
2102056646281437577,games_control_loops_simulation,feel,measured_demo,cost,none,True,not_covered,material,fast_loop
2102055283334013019,search_rerank_extraction,interaction,demo_no_numbers,none,none,False,not_covered,unproven_demo,demo
2101885032881365222,classification_routing_triage,interaction,demo_no_numbers,cost,frontier_llm,True,hype,hype,hype
2101987823616139424,classification_routing_triage,batch,measured_demo,cost,none,False,not_covered,cost_only,cost_only
2102093380687647006,games_control_loops_simulation,feel,demo_no_numbers,none,none,True,not_covered,unproven_demo,demo
2101825072118051014,other_or_meta,interaction,demo_no_numbers,none,none,False,noise,noise,noise
2101985655677169769,other_or_meta,interaction,demo_no_numbers,none,none,False,noise,noise,noise
2101901020691648957,evals_and_judging,task,measured_demo,cost,frontier_llm,False,not_covered,cost_only,cost_only
2102181854472261893,trading_and_markets,task,demo_no_numbers,none,none,True,not_covered,unproven_demo,demo
2102064243185004660,games_control_loops_simulation,feel,demo_no_numbers,none,none,True,not_covered,unproven_demo,demo
2102083971886768418,evals_and_judging,task,demo_no_numbers,none,none,False,not_covered,unproven_demo,demo
2101957430674596241,agent_harness_and_tool_gating,task,demo_no_numbers,none,none,False,not_covered,unproven_demo,demo
2101997366899310797,moderation_and_guardrails,interaction,demo_no_numbers,none,none,False,not_covered,unproven_demo,demo
2101965913549590735,trading_and_markets,task,demo_no_numbers,none,none,True,not_covered,unproven_demo,demo
2101916192835555679,other_or_meta,unclear,demo_no_numbers,none,none,False,noise,noise,noise
2101897317192180190,games_control_loops_simulation,feel,demo_no_numbers,none,none,True,not_covered,unproven_demo,demo
2101901648184643707,search_rerank_extraction,batch,demo_no_numbers,none,none,False,not_covered,unproven_demo,demo
2101883964986142994,agent_harness_and_tool_gating,task,demo_no_numbers,capability,none,True,not_covered,hype,demo
2101930505524654571,search_rerank_extraction,interaction,demo_no_numbers,capability,none,False,not_covered,hype,demo
2102048746876096716,evals_and_judging,interaction,demo_no_numbers,none,none,False,not_covered,unproven_demo,demo
2102179803856343402,other_or_meta,unclear,measured_demo,accuracy,none,False,noise,noise,noise
2101844413689569789,classification_routing_triage,task,demo_no_numbers,none,none,False,not_covered,unproven_demo,demo
2101881983303364758,search_rerank_extraction,batch,measured_demo,accuracy,none,False,not_covered,cost_only,cost_only
2102154300059426916,search_rerank_extraction,task,demo_no_numbers,none,none,False,not_covered,unproven_demo,demo
2102006979954962622,agent_harness_and_tool_gating,task,demo_no_numbers,none,none,False,not_covered,unproven_demo,demo
2102062098016809280,evals_and_judging,task,demo_no_numbers,cost,none,False,not_covered,hype,hype
2102094703650877869,agent_harness_and_tool_gating,task,demo_no_numbers,none,none,False,not_covered,unproven_demo,demo
2102066714758271209,classification_routing_triage,task,measured_demo,cost,frontier_llm,False,not_covered,cost_only,cost_only
2102163169888153642,search_rerank_extraction,interaction,demo_no_numbers,latency,none,False,not_covered,hype,hype
2101927785480761804,search_rerank_extraction,interaction,demo_no_numbers,capability,rules_or_regex,False,not_covered,hype,hype
2102052071122043236,other_or_meta,unclear,demo_no_numbers,none,none,False,noise,noise,noise
2101951495541547363,other_or_meta,unclear,demo_no_numbers,accuracy,small_llm,False,noise,noise,noise
2101960180510634113,trading_and_markets,task,demo_no_numbers,none,none,True,not_covered,unproven_demo,demo
2101934263855714509,other_or_meta,interaction,demo_no_numbers,none,none,False,noise,noise,noise
2101962308087947516,classification_routing_triage,batch,measured_demo,cost,none,False,not_covered,cost_only,cost_only
2101865689099424218,classification_routing_triage,interaction,demo_no_numbers,none,none,True,not_covered,unproven_demo,demo
2102070512176291893,voice_and_turn_taking,turn,measured_demo,latency,frontier_llm,True,not_covered,cost_only,material_vs_frontier
2102090415746990559,agent_harness_and_tool_gating,task,demo_no_numbers,cost,frontier_llm,False,hype,hype,hype
2102025665797345307,search_rerank_extraction,batch,measured_demo,cost,frontier_llm,False,not_covered,cost_only,cost_only
2102046874362323276,classification_routing_triage,batch,measured_demo,capability,none,False,not_covered,cost_only,cost_only
2102132754695766451,classification_routing_triage,batch,demo_no_numbers,none,none,False,not_covered,unproven_demo,demo
2102006876607283314,other_or_meta,unclear,demo_no_numbers,none,none,False,noise,noise,noise
2101942407004860614,games_control_loops_simulation,feel,demo_no_numbers,none,none,True,not_covered,unproven_demo,demo
2102106091924713569,classification_routing_triage,task,demo_no_numbers,cost,frontier_llm,False,hype,hype,hype
2101837339387437384,collaboration_and_typing,feel,demo_no_numbers,none,none,True,not_covered,unproven_demo,demo
2102145416217125084,agent_harness_and_tool_gating,task,demo_no_numbers,capability,none,True,not_covered,hype,demo
2101992049860042823,search_rerank_extraction,task,measured_demo,accuracy,classic_classifier_or_ml,False,not_covered,cost_only,cost_only
2102176073471725986,other_or_meta,task,measured_demo,latency,none,False,noise,noise,noise
2102160019538006339,games_control_loops_simulation,feel,measured_demo,accuracy,none,True,not_covered,material,fast_loop
2102045103774941372,classification_routing_triage,batch,demo_no_numbers,latency,none,False,not_covered,hype,hype
2102025733208166589,search_rerank_extraction,task,measured_demo,accuracy,classic_classifier_or_ml,False,not_covered,cost_only,cost_only
2101858573064327510,browser_and_computer_use,task,measured_demo,latency,frontier_llm,True,not_covered,cost_only,cost_only
2102059237585342941,evals_and_judging,interaction,demo_no_numbers,none,none,False,not_covered,unproven_demo,demo
2101932477967421771,agent_harness_and_tool_gating,turn,measured_demo,latency,none,True,material,material,material
2102092358607044769,other_or_meta,unclear,demo_no_numbers,none,none,False,noise,noise,noise
2102077063939178612,agent_harness_and_tool_gating,task,measured_demo,cost,none,False,not_covered,cost_only,cost_only
2101914990911312078,other_or_meta,interaction,demo_no_numbers,capability,frontier_llm,False,noise,noise,noise
2101867415202152656,agent_harness_and_tool_gating,task,measured_demo,latency,none,False,not_covered,cost_only,cost_only
2102101679738925444,trading_and_markets,task,measured_demo,none,none,True,not_covered,cost_only,cost_only
2102175069787041936,search_rerank_extraction,batch,demo_no_numbers,none,none,False,not_covered,unproven_demo,demo
2101929665434624118,games_control_loops_simulation,feel,measured_demo,latency,none,True,not_covered,material,fast_loop
2101933575348293934,moderation_and_guardrails,interaction,demo_no_numbers,none,none,True,not_covered,unproven_demo,demo
2101865157756588476,classification_routing_triage,task,measured_demo,cost,none,False,not_covered,cost_only,cost_only
2101884158671016210,other_or_meta,unclear,demo_no_numbers,none,small_llm,False,noise,noise,noise
2102092434674975085,search_rerank_extraction,batch,demo_no_numbers,none,none,False,not_covered,unproven_demo,demo
2102040370343457182,classification_routing_triage,task,demo_no_numbers,accuracy,classic_classifier_or_ml,False,not_covered,unproven_demo,hype
2101980871498604559,search_rerank_extraction,interaction,measured_demo,cost,none,False,not_covered,cost_only,cost_only
2102008434329800707,moderation_and_guardrails,interaction,demo_no_numbers,none,none,True,not_covered,unproven_demo,demo
2101894289475485849,moderation_and_guardrails,interaction,measured_demo,cost,frontier_llm,True,not_covered,cost_only,material_vs_frontier
2101917343597408451,games_control_loops_simulation,feel,demo_no_numbers,none,none,True,not_covered,unproven_demo,demo
2102160299281547443,games_control_loops_simulation,feel,measured_demo,latency,frontier_llm,True,not_covered,cost_only,fast_loop
2101972303387209821,other_or_meta,unclear,demo_no_numbers,none,none,False,noise,noise,noise
2102046518824030238,collaboration_and_typing,interaction,demo_no_numbers,none,none,True,not_covered,unproven_demo,demo
2102153859133272454,classification_routing_triage,task,demo_no_numbers,none,none,False,not_covered,unproven_demo,demo
2102172259612000447,compaction_and_context,task,measured_demo,latency,rules_or_regex,False,not_covered,cost_only,cost_only
2101830207003095292,other_or_meta,unclear,demo_no_numbers,none,none,False,noise,noise,noise
2102033194404950249,games_control_loops_simulation,frame,demo_no_numbers,capability,none,True,not_covered,hype,demo
2102114286390898707,other_or_meta,unclear,demo_no_numbers,latency,none,False,noise,noise,noise
2102058731206782982,classification_routing_triage,task,demo_no_numbers,none,none,False,not_covered,unproven_demo,demo
2102155834029404441,trading_and_markets,task,demo_no_numbers,none,none,True,not_covered,unproven_demo,demo
2101996384899502386,moderation_and_guardrails,interaction,demo_no_numbers,none,none,True,not_covered,unproven_demo,demo
2102042607950156024,classification_routing_triage,interaction,demo_no_numbers,none,none,True,not_covered,unproven_demo,demo
2101859216482775201,search_rerank_extraction,interaction,measured_demo,latency,none,False,not_covered,cost_only,cost_only
2102017833031119177,other_or_meta,unclear,demo_no_numbers,none,none,True,noise,noise,noise
2101869521996824673,evals_and_judging,batch,demo_no_numbers,none,none,False,not_covered,unproven_demo,demo
2101894926250168654,search_rerank_extraction,batch,measured_demo,cost,frontier_llm,False,not_covered,cost_only,cost_only
2101940147394687143,other_or_meta,unclear,demo_no_numbers,latency,none,False,noise,noise,noise
2102051472494166352,search_rerank_extraction,interaction,demo_no_numbers,none,none,True,not_covered,unproven_demo,demo
2101898947971428785,agent_harness_and_tool_gating,unclear,proposal_or_idea,none,none,False,not_covered,unproven_demo,demo
2102172474842443809,games_control_loops_simulation,feel,demo_no_numbers,none,none,True,not_covered,unproven_demo,demo
2102079160050979240,browser_and_computer_use,task,demo_no_numbers,none,none,False,not_covered,unproven_demo,demo
2102089922387578901,browser_and_computer_use,task,demo_no_numbers,none,none,False,not_covered,unproven_demo,demo
2102010725581619668,classification_routing_triage,interaction,demo_no_numbers,none,none,False,not_covered,unproven_demo,demo
2101992213819568393,classification_routing_triage,task,measured_demo,cost,frontier_llm,False,not_covered,cost_only,cost_only
2101896965181395175,other_or_meta,unclear,proposal_or_idea,capability,none,False,noise,noise,noise
2101947514383659374,games_control_loops_simulation,feel,demo_no_numbers,none,none,True,not_covered,unproven_demo,demo
2102177977299870126,evals_and_judging,batch,measured_demo,accuracy,none,False,not_covered,cost_only,cost_only
2101932654719299738,data_and_telemetry,batch,measured_demo,accuracy,none,False,not_covered,cost_only,cost_only
2102026551370174779,games_control_loops_simulation,feel,demo_no_numbers,none,none,True,not_covered,unproven_demo,demo
2101911297768280442,games_control_loops_simulation,feel,demo_no_numbers,accuracy,rules_or_regex,True,not_covered,unproven_demo,hype
2101919542599708826,compaction_and_context,task,measured_demo,accuracy,none,False,not_covered,cost_only,cost_only
2102101056855638233,evals_and_judging,batch,measured_demo,accuracy,none,False,not_covered,cost_only,cost_only
2102100386987360603,games_control_loops_simulation,feel,demo_no_numbers,none,none,True,not_covered,unproven_demo,demo
2101937286653096059,classification_routing_triage,interaction,measured_demo,latency,frontier_llm,False,not_covered,cost_only,cost_only
2102068451959312849,agent_harness_and_tool_gating,task,measured_demo,latency,small_llm,False,cost_only,cost_only,cost_only
2102064901371871574,moderation_and_guardrails,interaction,measured_demo,capability,none,True,material,material,material
2101827868552769938,other_or_meta,unclear,demo_no_numbers,capability,none,False,noise,noise,noise
2101846445825630529,collaboration_and_typing,interaction,demo_no_numbers,none,none,False,not_covered,unproven_demo,demo
2101961815899193502,games_control_loops_simulation,feel,demo_no_numbers,none,none,True,not_covered,unproven_demo,demo
2102022270172475889,data_and_telemetry,batch,measured_demo,cost,vendor_api,False,cost_only,cost_only,cost_only
2102066778360991929,games_control_loops_simulation,task,demo_no_numbers,none,none,False,not_covered,unproven_demo,demo
2102031342053544105,moderation_and_guardrails,interaction,demo_no_numbers,none,none,False,not_covered,unproven_demo,demo
2102161635875897814,voice_and_turn_taking,turn,demo_no_numbers,none,none,True,not_covered,unproven_demo,demo
2102167332172767392,classification_routing_triage,task,measured_demo,accuracy,frontier_llm,False,not_covered,cost_only,cost_only
2101864284703613007,other_or_meta,unclear,demo_no_numbers,none,none,False,noise,noise,noise
2101964619820536057,other_or_meta,unclear,demo_no_numbers,none,none,False,noise,noise,noise
2102071785424335277,compaction_and_context,task,demo_no_numbers,capability,none,False,not_covered,hype,demo
2102111392488669300,agent_harness_and_tool_gating,task,demo_no_numbers,none,none,False,not_covered,unproven_demo,demo
2102030592418226556,classification_routing_triage,batch,measured_demo,latency,small_llm,False,cost_only,cost_only,cost_only
2101995433874641014,games_control_loops_simulation,feel,demo_no_numbers,none,none,True,not_covered,unproven_demo,demo
2102009189765881894,classification_routing_triage,task,measured_demo,latency,none,False,not_covered,cost_only,cost_only
2102145892769804419,search_rerank_extraction,interaction,demo_no_numbers,none,none,False,not_covered,unproven_demo,demo
2102062482991001689,games_control_loops_simulation,feel,measured_demo,latency,none,True,not_covered,material,fast_loop
2101920794200912382,other_or_meta,unclear,demo_no_numbers,none,none,False,noise,noise,noise
2102148671588434378,games_control_loops_simulation,feel,demo_no_numbers,none,none,True,not_covered,unproven_demo,demo
2101913935805063443,evals_and_judging,interaction,measured_demo,latency,none,False,not_covered,cost_only,cost_only
2101869202692821220,classification_routing_triage,task,demo_no_numbers,latency,none,False,not_covered,hype,hype
2102041829277659266,evals_and_judging,task,demo_no_numbers,none,none,False,not_covered,unproven_demo,demo
2101879018244993196,browser_and_computer_use,task,demo_no_numbers,latency,none,False,not_covered,hype,hype
2102095715711209511,games_control_loops_simulation,feel,demo_no_numbers,none,none,True,not_covered,unproven_demo,demo
2101991151536308370,trading_and_markets,task,demo_no_numbers,none,none,True,not_covered,unproven_demo,demo
2101961461044330703,classification_routing_triage,task,measured_demo,none,none,False,not_covered,cost_only,cost_only
2102060733110350167,other_or_meta,unclear,demo_no_numbers,none,none,False,noise,noise,noise
2102045413977338284,other_or_meta,unclear,demo_no_numbers,none,none,False,noise,noise,noise
2102174798952493306,games_control_loops_simulation,feel,measured_demo,latency,none,True,not_covered,material,fast_loop
2102044003609055712,data_and_telemetry,batch,demo_no_numbers,none,none,False,not_covered,unproven_demo,demo
2102048087867044317,evals_and_judging,task,demo_no_numbers,none,none,False,not_covered,unproven_demo,demo
2102159169750978759,other_or_meta,unclear,demo_no_numbers,none,none,False,noise,noise,noise
2101854008851730881,voice_and_turn_taking,turn,measured_demo,latency,frontier_llm,True,not_covered,cost_only,material_vs_frontier
2101941789813027285,moderation_and_guardrails,interaction,demo_no_numbers,none,none,False,not_covered,unproven_demo,demo
2102116410566525335,classification_routing_triage,batch,measured_demo,accuracy,none,False,not_covered,cost_only,cost_only
2102090865183433014,other_or_meta,unclear,demo_no_numbers,none,none,False,noise,noise,noise
2102157395082260890,games_control_loops_simulation,feel,measured_demo,accuracy,none,True,not_covered,material,fast_loop
2102087287387333121,agent_harness_and_tool_gating,task,demo_no_numbers,cost,frontier_llm,False,hype,hype,hype
2102036426959524276,other_or_meta,unclear,demo_no_numbers,none,none,False,noise,noise,noise
2102125921188913469,classification_routing_triage,batch,measured_demo,accuracy,none,False,not_covered,cost_only,cost_only
2101987161214239168,search_rerank_extraction,batch,measured_demo,none,none,False,not_covered,cost_only,cost_only
2101908229689410025,other_or_meta,unclear,demo_no_numbers,none,none,False,noise,noise,noise
2101838550643659255,other_or_meta,unclear,demo_no_numbers,capability,none,False,noise,noise,noise
2102074239864148378,other_or_meta,unclear,measured_demo,none,none,False,noise,noise,noise
2101937206063780084,classification_routing_triage,interaction,measured_demo,cost,frontier_llm,False,not_covered,cost_only,cost_only
2102059438618341739,other_or_meta,unclear,demo_no_numbers,none,none,False,noise,noise,noise
2101931130731852088,games_control_loops_simulation,feel,demo_no_numbers,none,none,True,not_covered,unproven_demo,demo
2102144095447883870,classification_routing_triage,batch,measured_demo,cost,none,False,not_covered,cost_only,cost_only
2102097660085731574,other_or_meta,unclear,demo_no_numbers,none,none,False,noise,noise,noise
2102092735754957126,other_or_meta,unclear,demo_no_numbers,none,none,False,noise,noise,noise
2102076270083486158,search_rerank_extraction,interaction,demo_no_numbers,cost,none,False,not_covered,hype,hype
2102077373411733962,games_control_loops_simulation,feel,measured_demo,latency,frontier_llm,True,not_covered,cost_only,fast_loop
2101913439400554852,moderation_and_guardrails,interaction,demo_no_numbers,none,none,True,not_covered,unproven_demo,demo
2101878714917429488,evals_and_judging,task,measured_demo,cost,small_llm,False,cost_only,cost_only,cost_only
2101834746623914181,agent_harness_and_tool_gating,task,demo_no_numbers,none,none,False,not_covered,unproven_demo,demo
2101877200546910552,agent_harness_and_tool_gating,task,demo_no_numbers,none,none,False,not_covered,unproven_demo,demo
2101978334897086534,search_rerank_extraction,batch,measured_demo,none,none,False,not_covered,cost_only,cost_only
2101927007236006170,classification_routing_triage,task,measured_demo,latency,frontier_llm,False,not_covered,cost_only,cost_only
2102172487576670262,games_control_loops_simulation,feel,demo_no_numbers,latency,small_llm,True,not_covered,hype,hype
2102044979174560017,search_rerank_extraction,batch,measured_demo,none,none,False,not_covered,cost_only,cost_only
2101961472020463922,classification_routing_triage,interaction,demo_no_numbers,none,none,True,not_covered,unproven_demo,demo
2101833683808452781,other_or_meta,unclear,demo_no_numbers,none,none,False,noise,noise,noise
2101885487392985353,other_or_meta,unclear,commentary_or_meme,none,none,False,noise,noise,noise
2101912439550062606,classification_routing_triage,interaction,demo_no_numbers,none,none,False,not_covered,unproven_demo,demo
2101826298284802456,evals_and_judging,interaction,demo_no_numbers,none,none,False,not_covered,unproven_demo,demo
2102056063730057524,browser_and_computer_use,task,demo_no_numbers,cost,frontier_llm,True,hype,hype,hype
2101965058989588969,classification_routing_triage,task,demo_no_numbers,none,none,False,not_covered,unproven_demo,demo
2101963343359537354,games_control_loops_simulation,feel,demo_no_numbers,none,none,True,not_covered,unproven_demo,demo
2101849998346342822,other_or_meta,unclear,measured_demo,accuracy,none,False,noise,noise,noise
2102030484871995769,classification_routing_triage,batch,measured_demo,cost,frontier_llm,False,not_covered,cost_only,cost_only
2102123136292376852,classification_routing_triage,batch,measured_demo,cost,none,False,not_covered,cost_only,cost_only
2101847637817508026,games_control_loops_simulation,feel,demo_no_numbers,none,none,True,not_covered,unproven_demo,demo
2101873081971290486,browser_and_computer_use,task,demo_no_numbers,none,none,True,not_covered,unproven_demo,demo
2101887761011941878,classification_routing_triage,task,demo_no_numbers,accuracy,none,False,not_covered,unproven_demo,hype
2101852245898010763,other_or_meta,unclear,commentary_or_meme,none,none,False,noise,noise,noise
2102010886982427066,other_or_meta,unclear,measured_demo,accuracy,small_llm,False,noise,noise,noise
2102126480184545609,other_or_meta,unclear,demo_no_numbers,none,none,False,noise,noise,noise
2102053710163829009,evals_and_judging,task,demo_no_numbers,none,none,False,not_covered,unproven_demo,demo
2101864999472046510,other_or_meta,unclear,demo_no_numbers,none,none,False,noise,noise,noise
2101897187970171176,classification_routing_triage,interaction,measured_demo,latency,none,False,not_covered,cost_only,cost_only
2102095610799079851,classification_routing_triage,interaction,measured_demo,accuracy,rules_or_regex,False,not_covered,cost_only,cost_only
2102031450166219133,other_or_meta,unclear,demo_no_numbers,none,none,False,noise,noise,noise
2102169255341171132,live_chat_streams_events,interaction,measured_demo,none,none,True,material,material,material
2102133939951280593,search_rerank_extraction,interaction,demo_no_numbers,capability,none,False,not_covered,hype,demo
2102168494192099698,classification_routing_triage,task,measured_demo,cost,frontier_llm,False,not_covered,cost_only,cost_only
2101968824895754646,other_or_meta,unclear,demo_no_numbers,none,none,False,noise,noise,noise
2102096088467673515,other_or_meta,task,measured_demo,cost,none,False,noise,noise,noise
2102056958467662050,trading_and_markets,task,measured_demo,latency,none,True,not_covered,cost_only,cost_only
2101974883806937197,moderation_and_guardrails,interaction,demo_no_numbers,none,none,True,not_covered,unproven_demo,demo
2102110428575002801,agent_harness_and_tool_gating,task,demo_no_numbers,none,none,False,not_covered,unproven_demo,demo
2101883226373669018,classification_routing_triage,interaction,demo_no_numbers,none,frontier_llm,False,not_covered,hype,hype
2101865551798649142,evals_and_judging,interaction,measured_demo,latency,none,False,not_covered,cost_only,cost_only
2101839059458969908,classification_routing_triage,interaction,measured_demo,accuracy,classic_classifier_or_ml,False,not_covered,cost_only,cost_only
2102064259983397043,trading_and_markets,task,demo_no_numbers,none,none,True,not_covered,unproven_demo,demo
2102136124323889611,agent_harness_and_tool_gating,task,demo_no_numbers,none,none,False,not_covered,unproven_demo,demo
2101881269399466326,other_or_meta,unclear,demo_no_numbers,none,none,False,noise,noise,noise
2101854310112072153,other_or_meta,unclear,commentary_or_meme,none,rules_or_regex,False,noise,noise,noise
2101846169228050448,other_or_meta,unclear,demo_no_numbers,none,none,False,noise,noise,noise
2101997349283500225,voice_and_turn_taking,turn,measured_demo,latency,small_llm,True,not_covered,cost_only,cost_only
2102105195417108548,moderation_and_guardrails,task,demo_no_numbers,capability,none,False,not_covered,hype,demo
2102179160974151975,moderation_and_guardrails,interaction,measured_demo,latency,none,False,not_covered,cost_only,cost_only
2102027668497768841,games_control_loops_simulation,feel,demo_no_numbers,capability,none,True,not_covered,hype,demo
2102023145649475871,games_control_loops_simulation,feel,demo_no_numbers,none,none,True,not_covered,unproven_demo,demo
2101993295056666633,other_or_meta,unclear,demo_no_numbers,none,none,False,noise,noise,noise
2101895175920553985,games_control_loops_simulation,task,demo_no_numbers,none,none,False,not_covered,unproven_demo,demo
2101902511515062627,agent_harness_and_tool_gating,unclear,demo_no_numbers,none,none,False,not_covered,unproven_demo,demo
2101940075072459255,agent_harness_and_tool_gating,task,measured_demo,latency,frontier_llm,False,not_covered,cost_only,cost_only
2101826306841202952,classification_routing_triage,interaction,demo_no_numbers,none,none,True,not_covered,unproven_demo,demo
2102123228701610465,other_or_meta,unclear,demo_no_numbers,none,none,False,noise,noise,noise
2102003362472583336,other_or_meta,unclear,demo_no_numbers,none,none,False,noise,noise,noise
2102119115825570049,search_rerank_extraction,task,demo_no_numbers,none,none,False,not_covered,unproven_demo,demo
2102055249443983604,agent_harness_and_tool_gating,task,measured_demo,latency,rules_or_regex,False,not_covered,cost_only,cost_only
2101852322414432531,other_or_meta,unclear,demo_no_numbers,none,none,False,noise,noise,noise
2102035434339459178,trading_and_markets,task,measured_demo,none,none,False,not_covered,cost_only,cost_only
2102004021804597408,trading_and_markets,batch,measured_demo,accuracy,none,False,not_covered,cost_only,cost_only
2102053156829937785,moderation_and_guardrails,interaction,measured_demo,latency,none,False,not_covered,cost_only,cost_only
2101961871914156186,games_control_loops_simulation,feel,demo_no_numbers,accuracy,none,True,not_covered,unproven_demo,hype
2102099870593208369,classification_routing_triage,interaction,demo_no_numbers,none,none,False,not_covered,unproven_demo,demo
2101951433402708242,other_or_meta,interaction,demo_no_numbers,none,none,False,noise,noise,noise
2102067562125181022,other_or_meta,task,measured_demo,latency,small_llm,False,noise,noise,noise
2102067178799354267,search_rerank_extraction,task,demo_no_numbers,none,none,False,not_covered,unproven_demo,demo
2102025186967233006,evals_and_judging,batch,demo_no_numbers,accuracy,none,False,not_covered,unproven_demo,hype
2101948951117352984,other_or_meta,unclear,measured_demo,latency,none,False,noise,noise,noise
2102183506809851970,other_or_meta,unclear,demo_no_numbers,none,none,False,noise,noise,noise
2102163589020655655,games_control_loops_simulation,feel,measured_demo,latency,frontier_llm,True,not_covered,cost_only,fast_loop
2102107087438258477,agent_harness_and_tool_gating,task,measured_demo,cost,frontier_llm,False,not_covered,cost_only,cost_only
2102010881261346945,moderation_and_guardrails,task,demo_no_numbers,none,none,False,not_covered,unproven_demo,demo
2102040390727856354,other_or_meta,feel,demo_no_numbers,none,none,True,noise,noise,noise
2102026141884141989,search_rerank_extraction,interaction,measured_demo,accuracy,none,False,not_covered,cost_only,cost_only
2101881006601150641,evals_and_judging,batch,measured_demo,accuracy,classic_classifier_or_ml,False,not_covered,cost_only,cost_only
2101846986974699623,moderation_and_guardrails,interaction,demo_no_numbers,capability,none,False,not_covered,hype,demo
2101894269292437781,agent_harness_and_tool_gating,task,demo_no_numbers,none,none,False,not_covered,unproven_demo,demo
2102085173265510811,evals_and_judging,task,measured_demo,cost,none,False,not_covered,cost_only,cost_only
2102052639664226783,agent_harness_and_tool_gating,task,demo_no_numbers,none,none,False,not_covered,unproven_demo,demo
2102064436093632801,search_rerank_extraction,batch,demo_no_numbers,none,none,False,not_covered,unproven_demo,demo
2102035995420221821,classification_routing_triage,task,measured_demo,cost,none,False,not_covered,cost_only,cost_only
2101903494638932308,classification_routing_triage,interaction,demo_no_numbers,none,none,False,not_covered,unproven_demo,demo
2101907353830662145,games_control_loops_simulation,feel,demo_no_numbers,none,none,True,not_covered,unproven_demo,demo
2101829908649418859,other_or_meta,unclear,demo_no_numbers,none,none,False,noise,noise,noise
2101938398642766005,moderation_and_guardrails,interaction,demo_no_numbers,none,none,False,not_covered,unproven_demo,demo
2102126966912807034,collaboration_and_typing,interaction,demo_no_numbers,none,none,True,not_covered,unproven_demo,demo
2102093481833553938,classification_routing_triage,task,measured_demo,accuracy,frontier_llm,False,not_covered,cost_only,cost_only
2101902346468851766,other_or_meta,unclear,demo_no_numbers,none,none,False,noise,noise,noise
2101891949007687932,games_control_loops_simulation,feel,demo_no_numbers,none,none,True,not_covered,unproven_demo,demo
2101871004016595002,other_or_meta,unclear,demo_no_numbers,none,none,False,noise,noise,noise
2101875460263256226,evals_and_judging,interaction,measured_demo,cost,none,False,not_covered,cost_only,cost_only
2101926595309281670,evals_and_judging,task,demo_no_numbers,none,none,False,not_covered,unproven_demo,demo
2102027624964898869,other_or_meta,interaction,measured_demo,latency,none,False,noise,noise,noise
2102110629725085777,trading_and_markets,unclear,demo_no_numbers,none,none,True,not_covered,unproven_demo,demo
2101998302476788057,classification_routing_triage,interaction,demo_no_numbers,none,none,False,not_covered,unproven_demo,demo
2101997560491847856,games_control_loops_simulation,feel,demo_no_numbers,none,none,True,not_covered,unproven_demo,demo
2101859136854196686,evals_and_judging,unclear,measured_demo,cost,frontier_llm,False,not_covered,cost_only,cost_only
2101871014787350860,classification_routing_triage,task,measured_demo,cost,frontier_llm,False,not_covered,cost_only,cost_only
2101908767558508849,agent_harness_and_tool_gating,task,measured_demo,none,none,False,not_covered,cost_only,cost_only
2101882693147656692,search_rerank_extraction,unclear,demo_no_numbers,none,none,False,not_covered,unproven_demo,demo
2102086796045602954,moderation_and_guardrails,interaction,measured_demo,latency,none,True,material,material,material
2101980085213618618,trading_and_markets,task,demo_no_numbers,none,none,True,not_covered,unproven_demo,demo
2102128525172170982,moderation_and_guardrails,interaction,demo_no_numbers,none,none,False,not_covered,unproven_demo,demo
2101841843252048367,other_or_meta,unclear,demo_no_numbers,none,none,False,noise,noise,noise
2101823813532950719,games_control_loops_simulation,feel,measured_demo,cost,none,True,not_covered,material,fast_loop
2101850429823066299,classification_routing_triage,interaction,measured_demo,accuracy,none,False,not_covered,cost_only,cost_only
2101862731813191862,moderation_and_guardrails,interaction,demo_no_numbers,cost,none,True,not_covered,hype,hype
2102109300801917110,agent_harness_and_tool_gating,task,demo_no_numbers,none,none,False,not_covered,unproven_demo,demo
2102116690138202471,games_control_loops_simulation,feel,demo_no_numbers,capability,none,True,not_covered,hype,demo
2102070518580949217,search_rerank_extraction,task,demo_no_numbers,none,none,False,not_covered,unproven_demo,demo
2102068581210951943,classification_routing_triage,batch,demo_no_numbers,none,none,False,not_covered,unproven_demo,demo
2102109439134167213,trading_and_markets,task,demo_no_numbers,none,none,True,not_covered,unproven_demo,demo
2101972623664038046,evals_and_judging,interaction,demo_no_numbers,none,none,False,not_covered,unproven_demo,demo
2102076871374503987,search_rerank_extraction,batch,measured_demo,accuracy,none,False,not_covered,cost_only,cost_only
2101894950736793867,live_chat_streams_events,interaction,measured_demo,latency,rules_or_regex,True,not_covered,material,material
2101904985776673141,games_control_loops_simulation,feel,measured_demo,latency,none,True,not_covered,material,fast_loop
2102136462414385649,evals_and_judging,interaction,demo_no_numbers,none,none,False,not_covered,unproven_demo,demo
2102013176925872623,search_rerank_extraction,interaction,demo_no_numbers,latency,none,False,not_covered,hype,hype
2102002626045079704,games_control_loops_simulation,feel,demo_no_numbers,none,none,True,not_covered,unproven_demo,demo
2102032684490928609,agent_harness_and_tool_gating,task,demo_no_numbers,none,none,False,not_covered,unproven_demo,demo
2102161418015412548,trading_and_markets,task,measured_demo,latency,rules_or_regex,True,not_covered,cost_only,cost_only
2101878718138605593,search_rerank_extraction,batch,measured_demo,latency,frontier_llm,False,not_covered,cost_only,cost_only
2101884126605561978,classification_routing_triage,task,demo_no_numbers,none,none,False,not_covered,unproven_demo,demo
2101987586160083216,evals_and_judging,task,demo_no_numbers,none,none,False,not_covered,unproven_demo,demo
2102062520471031891,agent_harness_and_tool_gating,task,measured_demo,latency,none,False,not_covered,cost_only,cost_only
2102049463481319677,other_or_meta,unclear,demo_no_numbers,none,none,False,noise,noise,noise
2102016401288441919,classification_routing_triage,batch,measured_demo,cost,none,False,not_covered,cost_only,cost_only
2101859689885843605,agent_harness_and_tool_gating,task,measured_demo,cost,frontier_llm,False,not_covered,cost_only,cost_only
2101855640935403913,agent_harness_and_tool_gating,task,measured_demo,cost,frontier_llm,False,not_covered,cost_only,cost_only
2101904234497343698,trading_and_markets,feel,measured_demo,latency,frontier_llm,True,not_covered,cost_only,fast_loop
2102072816468136242,voice_and_turn_taking,turn,demo_no_numbers,capability,none,True,not_covered,hype,demo
2102089402226790698,other_or_meta,unclear,measured_demo,none,none,False,noise,noise,noise
2102001452524970104,agent_harness_and_tool_gating,task,demo_no_numbers,none,frontier_llm,False,not_covered,hype,hype
2101859432866922917,evals_and_judging,interaction,demo_no_numbers,none,none,False,not_covered,unproven_demo,demo
2101872088210710948,other_or_meta,unclear,measured_demo,accuracy,frontier_llm,False,noise,noise,noise
2102084431846801479,agent_harness_and_tool_gating,task,measured_demo,cost,frontier_llm,False,not_covered,cost_only,cost_only
2102078853640524154,classification_routing_triage,batch,measured_demo,accuracy,small_llm,False,cost_only,cost_only,cost_only
2102108906646593834,games_control_loops_simulation,feel,demo_no_numbers,none,none,True,not_covered,unproven_demo,demo
2102124357934014931,search_rerank_extraction,interaction,measured_demo,accuracy,none,False,not_covered,cost_only,cost_only
2102011463431008731,data_and_telemetry,batch,measured_demo,none,none,False,not_covered,cost_only,cost_only
2101868811934736833,search_rerank_extraction,task,demo_no_numbers,none,none,False,not_covered,unproven_demo,demo
2101886181759922425,moderation_and_guardrails,interaction,measured_demo,cost,small_llm,False,not_covered,cost_only,cost_only
2101894961688199432,browser_and_computer_use,interaction,demo_no_numbers,none,none,False,not_covered,unproven_demo,demo
2101969780295000467,other_or_meta,unclear,demo_no_numbers,none,none,False,noise,noise,noise
2102082243074150642,classification_routing_triage,task,demo_no_numbers,none,none,False,not_covered,unproven_demo,demo
2102158984996098512,other_or_meta,unclear,demo_no_numbers,none,none,False,noise,noise,noise
2101857335152930902,games_control_loops_simulation,feel,demo_no_numbers,none,none,True,not_covered,unproven_demo,demo
2101842395813888015,games_control_loops_simulation,feel,measured_demo,latency,none,True,not_covered,material,fast_loop
2101844156482236472,moderation_and_guardrails,interaction,demo_no_numbers,none,none,True,not_covered,unproven_demo,demo
2101952070609731753,browser_and_computer_use,task,demo_no_numbers,none,none,False,not_covered,unproven_demo,demo
2102118899709821094,browser_and_computer_use,task,measured_demo,latency,frontier_llm,False,not_covered,cost_only,cost_only
2102030865115083118,evals_and_judging,batch,measured_demo,none,none,False,not_covered,cost_only,cost_only
2102003496371544134,trading_and_markets,batch,measured_demo,accuracy,none,False,not_covered,cost_only,cost_only
2102149481986691363,games_control_loops_simulation,interaction,demo_no_numbers,none,none,True,not_covered,unproven_demo,demo
2102161629936754914,search_rerank_extraction,task,measured_demo,latency,none,False,not_covered,cost_only,cost_only
2101932691038048547,trading_and_markets,task,demo_no_numbers,none,none,False,not_covered,unproven_demo,demo
2101947155380601199,classification_routing_triage,interaction,measured_demo,accuracy,none,False,not_covered,cost_only,cost_only
2102093957291237866,games_control_loops_simulation,task,demo_no_numbers,none,none,False,not_covered,unproven_demo,demo
2102164141465079978,classification_routing_triage,task,demo_no_numbers,none,none,False,not_covered,unproven_demo,demo
2102107453034746360,browser_and_computer_use,task,measured_demo,cost,frontier_llm,False,not_covered,cost_only,cost_only
2101981417152675869,games_control_loops_simulation,feel,demo_no_numbers,none,none,True,not_covered,unproven_demo,demo
2101912364748800327,evals_and_judging,unclear,demo_no_numbers,none,none,False,not_covered,unproven_demo,demo
2101918294320312543,live_chat_streams_events,interaction,demo_no_numbers,none,none,True,not_covered,unproven_demo,demo
2102148414016213393,other_or_meta,unclear,commentary_or_meme,none,none,False,noise,noise,noise
2102110723048714593,moderation_and_guardrails,interaction,measured_demo,none,none,False,not_covered,cost_only,cost_only
2101960386820092307,search_rerank_extraction,interaction,demo_no_numbers,none,none,False,not_covered,unproven_demo,demo
2102175472503411132,other_or_meta,unclear,demo_no_numbers,none,none,False,noise,noise,noise
2101909735427715287,other_or_meta,unclear,demo_no_numbers,none,none,False,noise,noise,noise
2101907941918224540,classification_routing_triage,interaction,demo_no_numbers,none,none,False,not_covered,unproven_demo,demo
2101865758217351359,classification_routing_triage,batch,measured_demo,none,none,False,not_covered,cost_only,cost_only
2102084580278747184,games_control_loops_simulation,feel,demo_no_numbers,none,none,True,not_covered,unproven_demo,demo
2102106415339098354,agent_harness_and_tool_gating,task,demo_no_numbers,none,none,False,not_covered,unproven_demo,demo
2101868139831280097,classification_routing_triage,batch,measured_demo,none,none,False,not_covered,cost_only,cost_only
2102065114191122719,classification_routing_triage,batch,measured_demo,latency,none,False,not_covered,cost_only,cost_only
2101905596077178911,other_or_meta,unclear,measured_demo,accuracy,none,False,noise,noise,noise
2101917424107012448,games_control_loops_simulation,feel,demo_no_numbers,none,none,True,not_covered,unproven_demo,demo
2101869489906389110,other_or_meta,unclear,demo_no_numbers,cost,none,False,noise,noise,noise
2102092479726285016,moderation_and_guardrails,interaction,demo_no_numbers,accuracy,none,True,not_covered,unproven_demo,hype
2102064598010736996,other_or_meta,unclear,demo_no_numbers,none,none,False,noise,noise,noise
2102172758385766732,classification_routing_triage,task,demo_no_numbers,cost,none,False,not_covered,hype,hype
2102173779635867796,classification_routing_triage,batch,measured_demo,latency,none,False,not_covered,cost_only,cost_only
2102172944898142711,moderation_and_guardrails,interaction,demo_no_numbers,accuracy,rules_or_regex,True,not_covered,unproven_demo,hype
2102106237412503780,trading_and_markets,task,demo_no_numbers,none,none,False,not_covered,unproven_demo,demo
2101869632638394782,other_or_meta,unclear,demo_no_numbers,none,none,False,noise,noise,noise
2101964661117833395,games_control_loops_simulation,feel,demo_no_numbers,capability,frontier_llm,True,not_covered,hype,hype
2102041165163893023,evals_and_judging,unclear,demo_no_numbers,none,frontier_llm,False,not_covered,hype,hype
2102045210893250590,search_rerank_extraction,task,demo_no_numbers,cost,frontier_llm,False,hype,hype,hype
2101916922061140237,classification_routing_triage,batch,measured_demo,cost,none,False,not_covered,cost_only,cost_only
2101920330055123195,other_or_meta,unclear,measured_demo,latency,small_llm,False,noise,noise,noise
2101864298762961125,classification_routing_triage,interaction,demo_no_numbers,none,none,False,not_covered,unproven_demo,demo
2101836603274477842,data_and_telemetry,batch,measured_demo,cost,none,False,not_covered,cost_only,cost_only
2101929123526385998,search_rerank_extraction,interaction,measured_production,latency,none,False,not_covered,cost_only,cost_only
2102091144226291936,classification_routing_triage,interaction,demo_no_numbers,capability,none,False,not_covered,hype,demo
2102156897553948733,moderation_and_guardrails,interaction,demo_no_numbers,none,none,False,not_covered,unproven_demo,demo
2101903074935685210,other_or_meta,unclear,demo_no_numbers,none,none,False,noise,noise,noise
2101893817024852160,games_control_loops_simulation,feel,demo_no_numbers,none,none,True,not_covered,unproven_demo,demo
2102152496663962104,collaboration_and_typing,interaction,demo_no_numbers,none,none,True,not_covered,unproven_demo,demo
2102083821143544202,games_control_loops_simulation,feel,demo_no_numbers,none,none,True,not_covered,unproven_demo,demo
2101967563664298336,classification_routing_triage,batch,demo_no_numbers,none,none,False,not_covered,unproven_demo,demo
2102104595048902754,evals_and_judging,batch,measured_demo,accuracy,none,False,not_covered,cost_only,cost_only
2101863410329625001,other_or_meta,unclear,demo_no_numbers,none,none,False,noise,noise,noise
2102070534259261780,agent_harness_and_tool_gating,task,measured_demo,latency,frontier_llm,False,not_covered,cost_only,cost_only
2101928163836297557,classification_routing_triage,batch,measured_demo,accuracy,none,False,not_covered,cost_only,cost_only
2102083742353523006,games_control_loops_simulation,feel,measured_demo,none,none,True,not_covered,material,fast_loop
2101919123605483854,trading_and_markets,batch,demo_no_numbers,none,none,False,not_covered,unproven_demo,demo
2102102993021899021,data_and_telemetry,batch,demo_no_numbers,none,none,False,not_covered,unproven_demo,demo
2101888521690808356,other_or_meta,unclear,demo_no_numbers,none,none,False,noise,noise,noise
2101855831751061815,moderation_and_guardrails,interaction,demo_no_numbers,latency,frontier_llm,False,hype,hype,hype
2101847626337718747,other_or_meta,unclear,demo_no_numbers,none,none,False,noise,noise,noise
2102025404030808419,moderation_and_guardrails,interaction,demo_no_numbers,none,none,False,not_covered,unproven_demo,demo
2102065603221819822,classification_routing_triage,interaction,demo_no_numbers,capability,frontier_llm,False,not_covered,hype,hype
2101920776010264615,trading_and_markets,interaction,demo_no_numbers,none,none,True,not_covered,unproven_demo,demo
2101923673028665576,other_or_meta,unclear,demo_no_numbers,none,none,False,noise,noise,noise
2102021528456220918,other_or_meta,unclear,demo_no_numbers,latency,none,False,noise,noise,noise
2102079624389771443,search_rerank_extraction,interaction,demo_no_numbers,latency,none,False,not_covered,hype,hype
2102084358635229497,games_control_loops_simulation,feel,demo_no_numbers,cost,none,True,not_covered,hype,hype
2102062827179774117,classification_routing_triage,batch,demo_no_numbers,none,none,False,not_covered,unproven_demo,demo
2101921890319446434,other_or_meta,unclear,demo_no_numbers,none,none,False,noise,noise,noise
2101922842132808005,classification_routing_triage,batch,measured_demo,accuracy,none,False,not_covered,cost_only,cost_only
2101924098171699323,other_or_meta,unclear,demo_no_numbers,none,none,False,noise,noise,noise
2101675124747338229,games_control_loops_simulation,feel,measured_demo,latency,none,True,not_covered,material,fast_loop
2101657121746198981,classification_routing_triage,interaction,measured_demo,cost,frontier_llm,False,not_covered,cost_only,cost_only
2101640575812239406,browser_and_computer_use,task,measured_demo,latency,frontier_llm,True,not_covered,cost_only,cost_only
2101576462042366114,search_rerank_extraction,interaction,demo_no_numbers,latency,none,False,not_covered,hype,hype
2101603192664740330,other_or_meta,batch,measured_demo,latency,none,False,noise,noise,noise
2101536330018918793,other_or_meta,interaction,demo_no_numbers,latency,none,False,noise,noise,noise
2101598388739281312,games_control_loops_simulation,feel,measured_demo,cost,frontier_llm,True,not_covered,cost_only,fast_loop
2101544156757950697,games_control_loops_simulation,feel,measured_demo,cost,frontier_llm,True,not_covered,cost_only,fast_loop
2101684333413368021,trading_and_markets,task,measured_demo,none,none,True,not_covered,cost_only,cost_only
2101670746883768607,trading_and_markets,turn,measured_demo,none,none,True,material,material,material
2101672148553416865,collaboration_and_typing,interaction,demo_no_numbers,latency,none,True,not_covered,hype,hype
2101619124812357850,games_control_loops_simulation,feel,demo_no_numbers,none,none,True,not_covered,unproven_demo,demo
2101788378882863427,other_or_meta,unclear,demo_no_numbers,none,none,False,noise,noise,noise
2101746812738850945,classification_routing_triage,task,demo_no_numbers,cost,frontier_llm,False,hype,hype,hype
2101729362194432184,browser_and_computer_use,task,demo_no_numbers,latency,frontier_llm,True,hype,hype,hype
2101812797483139213,browser_and_computer_use,task,demo_no_numbers,cost,frontier_llm,True,hype,hype,hype
2101649868305653889,browser_and_computer_use,interaction,demo_no_numbers,capability,none,True,not_covered,hype,demo
2101641842441732297,search_rerank_extraction,task,measured_demo,cost,none,False,not_covered,cost_only,cost_only
2101776716507054129,evals_and_judging,batch,demo_no_numbers,none,none,False,not_covered,unproven_demo,demo
2101667801274478707,classification_routing_triage,batch,demo_no_numbers,capability,none,False,not_covered,hype,demo
2101638641164661143,other_or_meta,unclear,demo_no_numbers,none,none,False,noise,noise,noise
2101696753749655863,other_or_meta,unclear,demo_no_numbers,none,none,False,noise,noise,noise
2101715724821463538,other_or_meta,unclear,demo_no_numbers,none,none,False,noise,noise,noise
2101657637871837578,search_rerank_extraction,interaction,demo_no_numbers,none,none,False,not_covered,unproven_demo,demo
2101612397882671345,trading_and_markets,batch,measured_demo,accuracy,none,False,not_covered,cost_only,cost_only
2101465520209883172,moderation_and_guardrails,interaction,demo_no_numbers,none,none,True,not_covered,unproven_demo,demo
2101518058804380063,evals_and_judging,interaction,demo_no_numbers,none,none,False,not_covered,unproven_demo,demo
2101680539791196400,trading_and_markets,task,demo_no_numbers,none,none,True,not_covered,unproven_demo,demo
2101754788287263038,evals_and_judging,batch,demo_no_numbers,none,none,False,not_covered,unproven_demo,demo
2101469071955128726,classification_routing_triage,batch,demo_no_numbers,capability,none,False,not_covered,hype,demo
2101534046622982493,moderation_and_guardrails,interaction,demo_no_numbers,none,none,True,not_covered,unproven_demo,demo
2101621207842132105,games_control_loops_simulation,feel,demo_no_numbers,none,none,True,not_covered,unproven_demo,demo
2101491913866055821,other_or_meta,unclear,demo_no_numbers,accuracy,none,False,noise,noise,noise
2101619628187218291,evals_and_judging,task,demo_no_numbers,none,none,False,not_covered,unproven_demo,demo
2101757771553353832,data_and_telemetry,batch,measured_demo,cost,none,False,not_covered,cost_only,cost_only
2101800600019124420,other_or_meta,interaction,measured_demo,latency,none,False,noise,noise,noise
2101629789417476220,games_control_loops_simulation,turn,demo_no_numbers,latency,none,True,not_covered,hype,hype
2101750897189495133,games_control_loops_simulation,feel,demo_no_numbers,latency,none,True,not_covered,hype,hype
2101618638822470057,classification_routing_triage,interaction,demo_no_numbers,none,none,True,not_covered,unproven_demo,demo
2101720980972519672,browser_and_computer_use,interaction,measured_demo,latency,frontier_llm,True,not_covered,cost_only,material_vs_frontier
2101611863507419411,classification_routing_triage,task,measured_demo,none,none,False,not_covered,cost_only,cost_only
2101670433821004192,other_or_meta,unclear,demo_no_numbers,latency,none,False,noise,noise,noise
2101698132761280711,other_or_meta,unclear,demo_no_numbers,none,none,False,noise,noise,noise
2101544158502728002,games_control_loops_simulation,feel,demo_no_numbers,none,none,True,not_covered,unproven_demo,demo
2101659219590263020,other_or_meta,unclear,demo_no_numbers,cost,small_llm,False,noise,noise,noise
2101721165719089434,moderation_and_guardrails,batch,measured_demo,cost,none,False,not_covered,cost_only,cost_only
2101611415660621884,other_or_meta,unclear,demo_no_numbers,none,none,False,noise,noise,noise
2101642632837366105,classification_routing_triage,interaction,measured_demo,accuracy,frontier_llm,True,not_covered,cost_only,material_vs_frontier
2101605478384140751,other_or_meta,unclear,demo_no_numbers,cost,none,False,noise,noise,noise
2101639021143244848,trading_and_markets,task,measured_demo,capability,none,True,not_covered,cost_only,cost_only
2101742703704985641,games_control_loops_simulation,feel,demo_no_numbers,none,none,True,not_covered,unproven_demo,demo
2101609759040586186,games_control_loops_simulation,feel,demo_no_numbers,capability,none,True,not_covered,hype,demo
2101647998807609675,trading_and_markets,task,demo_no_numbers,cost,frontier_llm,False,hype,hype,hype
2101732410568413578,classification_routing_triage,batch,measured_demo,cost,none,False,not_covered,cost_only,cost_only
2101546714238980142,agent_harness_and_tool_gating,task,measured_demo,latency,none,False,not_covered,cost_only,cost_only
2101693557664862537,trading_and_markets,task,measured_demo,cost,frontier_llm,True,not_covered,cost_only,cost_only
2101820187469394235,search_rerank_extraction,unclear,demo_no_numbers,none,none,False,not_covered,unproven_demo,demo
2101640135683055827,trading_and_markets,task,measured_demo,accuracy,none,True,not_covered,cost_only,cost_only
2101813487941062997,other_or_meta,interaction,demo_no_numbers,latency,none,False,noise,noise,noise
2101659641386274883,other_or_meta,interaction,demo_no_numbers,none,small_llm,False,noise,noise,noise
2101621910119616905,other_or_meta,unclear,demo_no_numbers,none,none,False,noise,noise,noise
2101576651238711642,search_rerank_extraction,task,demo_no_numbers,none,none,False,not_covered,unproven_demo,demo
2101516075586462021,classification_routing_triage,batch,demo_no_numbers,none,frontier_llm,False,not_covered,hype,hype
2101678769022841297,other_or_meta,interaction,demo_no_numbers,none,none,True,noise,noise,noise
2101529876469522673,browser_and_computer_use,task,demo_no_numbers,latency,none,True,not_covered,hype,hype
2101792545697419399,other_or_meta,unclear,measured_demo,accuracy,classic_classifier_or_ml,False,noise,noise,noise
2101745589545521199,other_or_meta,interaction,demo_no_numbers,latency,none,False,noise,noise,noise
2101713357883498947,other_or_meta,unclear,measured_demo,latency,none,False,noise,noise,noise
2101668698008301825,games_control_loops_simulation,task,demo_no_numbers,none,none,True,not_covered,unproven_demo,demo
2101793556071321759,classification_routing_triage,interaction,demo_no_numbers,latency,frontier_llm,False,hype,hype,hype
2101712752641224830,agent_harness_and_tool_gating,task,demo_no_numbers,latency,none,False,not_covered,hype,hype
2101490613069783148,classification_routing_triage,task,proposal_or_idea,none,none,False,not_covered,unproven_demo,demo
2101493817409216889,classification_routing_triage,batch,measured_demo,cost,frontier_llm,False,not_covered,cost_only,cost_only
2101619114557256170,other_or_meta,unclear,demo_no_numbers,none,none,False,noise,noise,noise
2101800107968782645,games_control_loops_simulation,feel,demo_no_numbers,none,none,True,not_covered,unproven_demo,demo
2101570554872697098,evals_and_judging,task,demo_no_numbers,none,none,False,not_covered,unproven_demo,demo
2101752219687378985,evals_and_judging,interaction,demo_no_numbers,none,none,True,not_covered,unproven_demo,demo
2101710617199657065,other_or_meta,unclear,demo_no_numbers,none,none,False,noise,noise,noise
2101768862123589874,other_or_meta,unclear,demo_no_numbers,none,none,False,noise,noise,noise
2101799228951371784,games_control_loops_simulation,task,demo_no_numbers,none,none,True,not_covered,unproven_demo,demo
2101665861551693887,moderation_and_guardrails,interaction,demo_no_numbers,none,none,True,not_covered,unproven_demo,demo
2101467341577949248,agent_harness_and_tool_gating,task,measured_demo,latency,none,False,not_covered,cost_only,cost_only
2101587412816380413,live_chat_streams_events,interaction,demo_no_numbers,latency,none,True,not_covered,hype,hype
2101489665052467494,browser_and_computer_use,task,measured_demo,cost,none,True,not_covered,cost_only,cost_only
2101703564435624281,other_or_meta,unclear,demo_no_numbers,none,none,False,noise,noise,noise
2101587191952498991,other_or_meta,unclear,demo_no_numbers,none,none,False,noise,noise,noise
2101509756737462446,classification_routing_triage,batch,measured_demo,cost,none,False,not_covered,cost_only,cost_only
2101569500953104453,games_control_loops_simulation,feel,demo_no_numbers,none,none,True,not_covered,unproven_demo,demo
2101481013029531799,games_control_loops_simulation,feel,demo_no_numbers,none,none,True,not_covered,unproven_demo,demo
2101752873302258026,search_rerank_extraction,interaction,demo_no_numbers,none,none,False,not_covered,unproven_demo,demo
2101786904144277670,other_or_meta,unclear,measured_demo,none,none,False,noise,noise,noise
2101688081237541344,classification_routing_triage,task,demo_no_numbers,none,none,False,not_covered,unproven_demo,demo
2101617349426319620,classification_routing_triage,task,demo_no_numbers,none,none,False,not_covered,unproven_demo,demo
2101709350264025407,classification_routing_triage,batch,demo_no_numbers,accuracy,frontier_llm,False,not_covered,hype,hype
2101751414360092885,classification_routing_triage,task,measured_demo,cost,frontier_llm,False,not_covered,cost_only,cost_only
2101556641904967917,data_and_telemetry,batch,measured_demo,accuracy,none,False,not_covered,cost_only,cost_only
2101677225015918801,games_control_loops_simulation,frame,demo_no_numbers,none,none,True,not_covered,unproven_demo,demo
2101504117005001200,classification_routing_triage,task,measured_demo,cost,none,False,not_covered,cost_only,cost_only
2101655762351059020,agent_harness_and_tool_gating,task,demo_no_numbers,none,none,False,not_covered,unproven_demo,demo
2101724806844715148,classification_routing_triage,batch,measured_demo,cost,frontier_llm,False,not_covered,cost_only,cost_only
2101697940733448546,classification_routing_triage,task,demo_no_numbers,none,none,False,not_covered,unproven_demo,demo
2101801410212069652,evals_and_judging,batch,measured_demo,none,none,False,not_covered,cost_only,cost_only
2101548028649979978,classification_routing_triage,task,demo_no_numbers,none,none,False,not_covered,unproven_demo,demo
2101564318458474928,classification_routing_triage,task,demo_no_numbers,none,none,False,not_covered,unproven_demo,demo
2101605212108800348,games_control_loops_simulation,feel,demo_no_numbers,none,none,True,not_covered,unproven_demo,demo
2101796931718824057,search_rerank_extraction,interaction,demo_no_numbers,capability,rules_or_regex,False,not_covered,hype,hype
2101514831383961919,classification_routing_triage,interaction,demo_no_numbers,none,none,True,not_covered,unproven_demo,demo
2101649130724683850,games_control_loops_simulation,feel,demo_no_numbers,none,none,False,not_covered,unproven_demo,demo
2101513277339828303,agent_harness_and_tool_gating,task,demo_no_numbers,latency,none,False,not_covered,hype,hype
2101476943291986302,other_or_meta,unclear,demo_no_numbers,none,none,False,noise,noise,noise
2101474193821118721,voice_and_turn_taking,turn,demo_no_numbers,none,none,True,not_covered,unproven_demo,demo
2101785722495647767,evals_and_judging,task,demo_no_numbers,none,none,False,not_covered,unproven_demo,demo
2101621822517338618,moderation_and_guardrails,interaction,measured_demo,latency,none,True,material,material,material
2101701798968840703,other_or_meta,unclear,demo_no_numbers,none,none,False,noise,noise,noise
2101729721323053561,trading_and_markets,batch,measured_demo,none,none,False,not_covered,cost_only,cost_only
2101740178402640070,moderation_and_guardrails,interaction,demo_no_numbers,none,none,True,not_covered,unproven_demo,demo
2101558145177055349,compaction_and_context,task,demo_no_numbers,capability,frontier_llm,False,not_covered,hype,hype
2101694248672170167,classification_routing_triage,interaction,demo_no_numbers,latency,none,False,not_covered,hype,hype
2101504117172502839,games_control_loops_simulation,feel,demo_no_numbers,none,none,True,not_covered,unproven_demo,demo
2101822054635045118,other_or_meta,unclear,demo_no_numbers,none,none,False,noise,noise,noise
2101810890014167313,agent_harness_and_tool_gating,task,demo_no_numbers,capability,none,False,not_covered,hype,demo
2101649584900526338,agent_harness_and_tool_gating,task,demo_no_numbers,none,none,False,not_covered,unproven_demo,demo
2101762765664968743,classification_routing_triage,task,measured_demo,cost,none,False,not_covered,cost_only,cost_only
2101576725876650398,other_or_meta,unclear,demo_no_numbers,none,none,False,noise,noise,noise
2101692321364406600,games_control_loops_simulation,feel,measured_demo,latency,none,True,not_covered,material,fast_loop
2101711455255241077,other_or_meta,batch,measured_demo,none,none,False,noise,noise,noise
2101506134834327816,games_control_loops_simulation,task,measured_demo,latency,none,True,not_covered,cost_only,cost_only
2101684349104247036,games_control_loops_simulation,feel,measured_demo,none,none,True,not_covered,material,fast_loop
2101770705155010568,other_or_meta,unclear,demo_no_numbers,none,none,False,noise,noise,noise
2101793561343631568,trading_and_markets,task,measured_demo,cost,none,True,not_covered,cost_only,cost_only
2101676757082341786,agent_harness_and_tool_gating,task,demo_no_numbers,none,none,False,not_covered,unproven_demo,demo
2101810187971805483,games_control_loops_simulation,feel,demo_no_numbers,none,none,True,not_covered,unproven_demo,demo
2101716888464117846,games_control_loops_simulation,feel,demo_no_numbers,none,none,True,not_covered,unproven_demo,demo
2101696542306386119,other_or_meta,unclear,demo_no_numbers,none,none,False,noise,noise,noise
2101638176691679569,games_control_loops_simulation,feel,measured_demo,none,none,True,not_covered,material,fast_loop
2101735215659946373,data_and_telemetry,batch,demo_no_numbers,none,none,False,not_covered,unproven_demo,demo
2101533797527454109,other_or_meta,unclear,demo_no_numbers,capability,none,False,noise,noise,noise
2101778148081758650,classification_routing_triage,task,demo_no_numbers,none,none,False,not_covered,unproven_demo,demo
2101641715748593882,other_or_meta,unclear,demo_no_numbers,none,none,False,noise,noise,noise
2101681826997862649,moderation_and_guardrails,interaction,demo_no_numbers,none,none,True,not_covered,unproven_demo,demo
2101599701107913171,classification_routing_triage,task,demo_no_numbers,none,none,False,not_covered,unproven_demo,demo
2101793910142259500,agent_harness_and_tool_gating,task,measured_demo,cost,frontier_llm,False,not_covered,cost_only,cost_only
2101689340556390874,other_or_meta,unclear,demo_no_numbers,none,none,False,noise,noise,noise
2101794050781090153,classification_routing_triage,batch,measured_demo,accuracy,none,False,not_covered,cost_only,cost_only
2101569905656987892,moderation_and_guardrails,interaction,demo_no_numbers,latency,none,True,not_covered,hype,hype
2101493400684175416,classification_routing_triage,task,demo_no_numbers,capability,frontier_llm,False,not_covered,hype,hype
2101737137146155473,evals_and_judging,batch,demo_no_numbers,none,none,False,not_covered,unproven_demo,demo
2101690766888431708,games_control_loops_simulation,feel,demo_no_numbers,none,none,True,not_covered,unproven_demo,demo
2101656136793358457,agent_harness_and_tool_gating,task,demo_no_numbers,latency,none,False,not_covered,hype,hype
2101675219412807867,other_or_meta,unclear,demo_no_numbers,cost,none,False,noise,noise,noise
2101641621850800457,games_control_loops_simulation,frame,measured_demo,none,none,True,not_covered,material,fast_loop
2101658946096570685,games_control_loops_simulation,feel,demo_no_numbers,none,none,True,not_covered,unproven_demo,demo
2101668611081568423,voice_and_turn_taking,turn,demo_no_numbers,none,none,True,not_covered,unproven_demo,demo
2101629099311534400,games_control_loops_simulation,feel,demo_no_numbers,none,none,True,not_covered,unproven_demo,demo
2101669687579033881,games_control_loops_simulation,task,demo_no_numbers,none,none,True,not_covered,unproven_demo,demo
2101823295838429669,games_control_loops_simulation,feel,demo_no_numbers,none,none,True,not_covered,unproven_demo,demo
2101685012017861088,games_control_loops_simulation,feel,measured_demo,cost,none,True,not_covered,material,fast_loop
2101490226212294733,moderation_and_guardrails,interaction,measured_demo,accuracy,none,False,not_covered,cost_only,cost_only
2101734156593926575,evals_and_judging,interaction,demo_no_numbers,none,none,False,not_covered,unproven_demo,demo
2101659113591623727,browser_and_computer_use,task,measured_demo,latency,frontier_llm,True,not_covered,cost_only,cost_only
2101622988302909658,classification_routing_triage,task,demo_no_numbers,none,none,False,not_covered,unproven_demo,demo
2101736982745620878,moderation_and_guardrails,interaction,demo_no_numbers,none,none,False,not_covered,unproven_demo,demo
2101500133846430086,moderation_and_guardrails,interaction,demo_no_numbers,none,none,False,not_covered,unproven_demo,demo
2101656468026269840,games_control_loops_simulation,feel,demo_no_numbers,none,none,True,not_covered,unproven_demo,demo
2101687838240858430,moderation_and_guardrails,interaction,demo_no_numbers,none,none,True,not_covered,unproven_demo,demo
2101687438653497633,data_and_telemetry,batch,measured_demo,cost,none,False,not_covered,cost_only,cost_only
2101812945722499077,search_rerank_extraction,interaction,measured_demo,latency,none,False,not_covered,cost_only,cost_only
2101652079358132729,moderation_and_guardrails,interaction,demo_no_numbers,none,none,True,not_covered,unproven_demo,demo
2101698355449700814,moderation_and_guardrails,task,demo_no_numbers,capability,frontier_llm,False,not_covered,hype,hype
2101470195428827493,games_control_loops_simulation,feel,measured_demo,latency,none,True,not_covered,material,fast_loop
2101705862008001011,classification_routing_triage,batch,measured_demo,cost,none,False,not_covered,cost_only,cost_only
2101703876562784639,evals_and_judging,batch,measured_demo,cost,none,False,not_covered,cost_only,cost_only
2101773185511211167,agent_harness_and_tool_gating,task,demo_no_numbers,capability,none,False,not_covered,hype,demo
2101582597591834742,search_rerank_extraction,interaction,measured_demo,latency,none,False,not_covered,cost_only,cost_only
2101710359593931066,classification_routing_triage,interaction,measured_demo,latency,frontier_llm,False,not_covered,cost_only,cost_only
2101713396966338575,moderation_and_guardrails,unclear,measured_demo,accuracy,classic_classifier_or_ml,False,not_covered,cost_only,cost_only
2101738072366854381,agent_harness_and_tool_gating,task,demo_no_numbers,none,none,False,not_covered,unproven_demo,demo
2101626109356097857,trading_and_markets,batch,measured_demo,accuracy,none,False,not_covered,cost_only,cost_only
2101525383313240446,classification_routing_triage,batch,demo_no_numbers,none,none,False,not_covered,unproven_demo,demo
2101647591150846022,evals_and_judging,batch,measured_demo,accuracy,none,False,not_covered,cost_only,cost_only
2101801822138597856,classification_routing_triage,interaction,demo_no_numbers,none,none,False,not_covered,unproven_demo,demo
2101588851194229228,other_or_meta,unclear,demo_no_numbers,none,none,False,noise,noise,noise
2101693259861139813,games_control_loops_simulation,feel,demo_no_numbers,none,none,True,not_covered,unproven_demo,demo
2101489316153401606,compaction_and_context,task,measured_demo,accuracy,none,False,not_covered,cost_only,cost_only
2101794949192659273,agent_harness_and_tool_gating,task,measured_production,cost,frontier_llm,False,not_covered,cost_only,cost_only
2101722874725695742,other_or_meta,unclear,demo_no_numbers,none,none,False,noise,noise,noise
2101724539956711891,agent_harness_and_tool_gating,task,measured_demo,cost,frontier_llm,False,not_covered,cost_only,cost_only
2101657317695701046,games_control_loops_simulation,feel,measured_demo,none,none,True,not_covered,material,fast_loop
2101644253923520670,live_chat_streams_events,interaction,demo_no_numbers,none,none,True,not_covered,unproven_demo,demo
2101517699432034791,moderation_and_guardrails,interaction,demo_no_numbers,capability,rules_or_regex,True,not_covered,hype,hype
2101707001302516006,classification_routing_triage,interaction,measured_demo,cost,none,False,not_covered,cost_only,cost_only
2101777145878155378,evals_and_judging,task,demo_no_numbers,none,none,False,not_covered,unproven_demo,demo
2101804353560694944,other_or_meta,unclear,commentary_or_meme,none,none,False,noise,noise,noise
2101717487553524086,games_control_loops_simulation,feel,demo_no_numbers,capability,none,True,not_covered,hype,demo
2101675821211734260,other_or_meta,unclear,demo_no_numbers,none,none,False,noise,noise,noise
2101517492883431899,browser_and_computer_use,task,measured_demo,latency,frontier_llm,False,not_covered,cost_only,cost_only
2101650540803604540,search_rerank_extraction,task,measured_demo,cost,none,False,not_covered,cost_only,cost_only
2101586635767058471,classification_routing_triage,batch,measured_demo,latency,none,False,not_covered,cost_only,cost_only
2101566153697222977,moderation_and_guardrails,interaction,demo_no_numbers,none,none,False,not_covered,unproven_demo,demo
2101798466598965511,classification_routing_triage,unclear,demo_no_numbers,accuracy,none,False,not_covered,unproven_demo,hype
2101471720020254824,games_control_loops_simulation,feel,demo_no_numbers,none,none,True,not_covered,unproven_demo,demo
2101610761525096645,classification_routing_triage,batch,measured_demo,cost,none,False,not_covered,cost_only,cost_only
2101814103946023190,other_or_meta,unclear,demo_no_numbers,none,none,False,noise,noise,noise
2101789398832381963,classification_routing_triage,interaction,demo_no_numbers,none,none,False,not_covered,unproven_demo,demo
2101789931555459423,games_control_loops_simulation,feel,demo_no_numbers,capability,none,True,not_covered,hype,demo
2101561643968655776,data_and_telemetry,batch,demo_no_numbers,none,none,False,not_covered,unproven_demo,demo
2101801015649374508,search_rerank_extraction,interaction,demo_no_numbers,none,none,False,not_covered,unproven_demo,demo
2101671985101320665,evals_and_judging,task,demo_no_numbers,none,none,False,not_covered,unproven_demo,demo
2101629210204815468,classification_routing_triage,interaction,demo_no_numbers,none,none,False,not_covered,unproven_demo,demo
2101585391140905034,data_and_telemetry,batch,measured_demo,cost,none,False,not_covered,cost_only,cost_only
2101803703258771901,games_control_loops_simulation,feel,measured_demo,capability,none,True,not_covered,material,fast_loop
2101795130646663673,games_control_loops_simulation,feel,measured_demo,accuracy,none,True,not_covered,material,fast_loop
2101501096543805647,classification_routing_triage,interaction,demo_no_numbers,cost,none,False,not_covered,hype,hype
2101583130545230234,agent_harness_and_tool_gating,task,measured_demo,cost,frontier_llm,False,not_covered,cost_only,cost_only
2101775626789421057,other_or_meta,batch,demo_no_numbers,none,none,False,noise,noise,noise
2101689234851860851,search_rerank_extraction,interaction,demo_no_numbers,none,none,False,not_covered,unproven_demo,demo
2101715040621715577,classification_routing_triage,interaction,demo_no_numbers,none,none,False,not_covered,unproven_demo,demo
2101689455446757844,other_or_meta,unclear,demo_no_numbers,none,none,False,noise,noise,noise
2101802367352008900,games_control_loops_simulation,feel,demo_no_numbers,none,none,True,not_covered,unproven_demo,demo
2101473116203684070,other_or_meta,unclear,demo_no_numbers,capability,none,False,noise,noise,noise
2101709333079925171,other_or_meta,interaction,demo_no_numbers,none,none,False,noise,noise,noise
2101666186001863083,evals_and_judging,batch,measured_demo,none,none,False,not_covered,cost_only,cost_only
2101561111598543131,games_control_loops_simulation,feel,demo_no_numbers,accuracy,small_llm,True,not_covered,unproven_demo,hype
2101619546528580077,other_or_meta,batch,measured_demo,cost,frontier_llm,False,noise,noise,noise
2101747586126557230,evals_and_judging,task,demo_no_numbers,latency,frontier_llm,False,hype,hype,hype
2101779781381742736,evals_and_judging,interaction,demo_no_numbers,none,none,False,not_covered,unproven_demo,demo
2101687818972282889,games_control_loops_simulation,task,demo_no_numbers,none,none,False,not_covered,unproven_demo,demo
2101682262857363563,browser_and_computer_use,interaction,demo_no_numbers,none,none,False,not_covered,unproven_demo,demo
2101475214269792397,browser_and_computer_use,task,measured_demo,latency,none,True,not_covered,cost_only,cost_only
2101502488281010540,agent_harness_and_tool_gating,task,measured_demo,none,none,True,not_covered,cost_only,cost_only
2101555752905347395,games_control_loops_simulation,feel,demo_no_numbers,none,none,True,not_covered,unproven_demo,demo
2101471205350089004,search_rerank_extraction,task,demo_no_numbers,none,none,False,not_covered,unproven_demo,demo
2101704988993130654,classification_routing_triage,batch,measured_demo,cost,none,False,not_covered,cost_only,cost_only
2101761144226824309,search_rerank_extraction,task,measured_demo,cost,none,False,not_covered,cost_only,cost_only
2101536774086635916,games_control_loops_simulation,interaction,demo_no_numbers,none,none,False,not_covered,unproven_demo,demo
2101816900883779783,classification_routing_triage,batch,demo_no_numbers,none,none,False,not_covered,unproven_demo,demo
2101556210516316223,agent_harness_and_tool_gating,task,demo_no_numbers,cost,frontier_llm,False,hype,hype,hype
2101771665290215588,other_or_meta,task,measured_demo,latency,none,False,noise,noise,noise
2101702289358565550,other_or_meta,unclear,demo_no_numbers,capability,frontier_llm,False,noise,noise,noise
2101490288321794496,other_or_meta,task,measured_demo,cost,frontier_llm,False,noise,noise,noise
2101736440975839277,other_or_meta,interaction,demo_no_numbers,none,none,False,noise,noise,noise
2101778748630560768,classification_routing_triage,interaction,demo_no_numbers,none,none,False,not_covered,unproven_demo,demo
2101509355099308278,other_or_meta,batch,demo_no_numbers,none,none,False,noise,noise,noise
2101626834207273122,other_or_meta,unclear,demo_no_numbers,none,none,False,noise,noise,noise
2101654957195931740,classification_routing_triage,interaction,demo_no_numbers,capability,none,False,not_covered,hype,demo
2101565799731458499,other_or_meta,unclear,demo_no_numbers,none,none,False,noise,noise,noise
2101544252043911467,games_control_loops_simulation,feel,demo_no_numbers,none,none,True,not_covered,unproven_demo,demo
2101661303429587131,moderation_and_guardrails,interaction,demo_no_numbers,none,none,False,not_covered,unproven_demo,demo
2101473486418161988,trading_and_markets,task,demo_no_numbers,cost,frontier_llm,False,hype,hype,hype
2101598632315437301,games_control_loops_simulation,feel,demo_no_numbers,none,none,True,not_covered,unproven_demo,demo
2101710402383966521,other_or_meta,unclear,demo_no_numbers,none,none,False,noise,noise,noise
2101761209309827469,trading_and_markets,task,measured_demo,cost,none,False,not_covered,cost_only,cost_only
2101527772971553015,agent_harness_and_tool_gating,task,demo_no_numbers,cost,frontier_llm,True,hype,hype,hype
2101619099453227214,other_or_meta,unclear,demo_no_numbers,none,none,False,noise,noise,noise
2101820180137685482,evals_and_judging,task,demo_no_numbers,none,none,False,not_covered,unproven_demo,demo
2101693626656981278,classification_routing_triage,task,demo_no_numbers,capability,none,False,not_covered,hype,demo
2101621510477844984,collaboration_and_typing,task,measured_demo,none,none,False,not_covered,cost_only,cost_only
2101761882746990840,games_control_loops_simulation,feel,demo_no_numbers,none,none,True,not_covered,unproven_demo,demo
2101739421963825553,data_and_telemetry,batch,measured_demo,cost,none,False,not_covered,cost_only,cost_only
2101701177968820295,other_or_meta,unclear,demo_no_numbers,none,none,False,noise,noise,noise
2101730133614772466,search_rerank_extraction,task,demo_no_numbers,capability,rules_or_regex,False,not_covered,hype,hype
2101702454069100620,search_rerank_extraction,task,demo_no_numbers,capability,none,False,not_covered,hype,demo
2101812049835934207,data_and_telemetry,batch,measured_demo,none,none,False,not_covered,cost_only,cost_only
2101507919506489482,voice_and_turn_taking,turn,demo_no_numbers,none,none,True,not_covered,unproven_demo,demo
2101463653987876912,games_control_loops_simulation,batch,demo_no_numbers,capability,none,False,not_covered,hype,demo
2101656635534119127,classification_routing_triage,batch,measured_demo,cost,small_llm,False,cost_only,cost_only,cost_only
2101578515552608642,classification_routing_triage,task,demo_no_numbers,capability,none,False,not_covered,hype,demo
2101635745211670750,other_or_meta,unclear,measured_demo,accuracy,none,False,noise,noise,noise
2101568424962924961,classification_routing_triage,task,demo_no_numbers,none,none,False,not_covered,unproven_demo,demo
2101470134996959681,other_or_meta,task,measured_demo,cost,frontier_llm,False,noise,noise,noise
2101783900880085112,compaction_and_context,task,demo_no_numbers,capability,none,False,not_covered,hype,demo
2101817659218354669,evals_and_judging,task,measured_demo,latency,none,False,not_covered,cost_only,cost_only
2101544685764542783,classification_routing_triage,task,demo_no_numbers,none,none,False,not_covered,unproven_demo,demo
2101476396459790389,trading_and_markets,task,measured_demo,cost,none,False,not_covered,cost_only,cost_only
2101690706968338669,trading_and_markets,task,measured_demo,latency,frontier_llm,True,not_covered,cost_only,cost_only
2101770592055935114,games_control_loops_simulation,feel,measured_demo,cost,none,True,not_covered,material,fast_loop
2101542656488706075,games_control_loops_simulation,frame,demo_no_numbers,none,none,True,not_covered,unproven_demo,demo
2101579836527653342,classification_routing_triage,interaction,demo_no_numbers,latency,small_llm,False,not_covered,hype,hype
2101614199353024526,games_control_loops_simulation,feel,measured_demo,cost,none,True,not_covered,material,fast_loop
2101537902853513490,moderation_and_guardrails,interaction,demo_no_numbers,latency,none,False,not_covered,hype,hype
2101504154191675671,other_or_meta,task,measured_demo,cost,none,False,noise,noise,noise
2101650596558446724,collaboration_and_typing,task,demo_no_numbers,none,none,False,not_covered,unproven_demo,demo
2101811082209747287,agent_harness_and_tool_gating,task,measured_demo,cost,none,False,not_covered,cost_only,cost_only
2101642545101242537,games_control_loops_simulation,feel,demo_no_numbers,capability,none,True,not_covered,hype,demo
2101786118530220312,other_or_meta,unclear,demo_no_numbers,none,none,False,noise,noise,noise
2101532320901873698,moderation_and_guardrails,interaction,demo_no_numbers,none,none,False,not_covered,unproven_demo,demo
2101785976255176834,moderation_and_guardrails,interaction,measured_demo,accuracy,none,False,not_covered,cost_only,cost_only
2101679703673454669,agent_harness_and_tool_gating,task,measured_demo,accuracy,frontier_llm,False,not_covered,cost_only,cost_only
2101644118686375956,games_control_loops_simulation,feel,measured_demo,latency,none,True,not_covered,material,fast_loop
2101698213812003279,search_rerank_extraction,task,measured_demo,accuracy,vendor_api,False,cost_only,cost_only,cost_only
2101544074591236375,data_and_telemetry,batch,measured_demo,cost,none,False,not_covered,cost_only,cost_only
2101680888455246253,classification_routing_triage,interaction,demo_no_numbers,none,none,False,not_covered,unproven_demo,demo
2101761584620032168,agent_harness_and_tool_gating,task,demo_no_numbers,none,none,False,not_covered,unproven_demo,demo
2101808956180217886,search_rerank_extraction,interaction,measured_demo,latency,classic_classifier_or_ml,False,not_covered,cost_only,cost_only
2101492134025298161,other_or_meta,unclear,demo_no_numbers,none,none,False,noise,noise,noise
2101763071014498528,agent_harness_and_tool_gating,task,measured_demo,cost,none,True,not_covered,cost_only,cost_only
2101754973579030896,classification_routing_triage,task,demo_no_numbers,capability,none,True,not_covered,hype,demo
2101700254555140561,moderation_and_guardrails,interaction,demo_no_numbers,none,none,False,not_covered,unproven_demo,demo
2101523278187880458,search_rerank_extraction,task,demo_no_numbers,none,none,False,not_covered,unproven_demo,demo
2101493761608167913,classification_routing_triage,interaction,demo_no_numbers,none,none,False,not_covered,unproven_demo,demo
2101641417743610346,games_control_loops_simulation,feel,demo_no_numbers,none,none,True,not_covered,unproven_demo,demo
2101724786401632613,browser_and_computer_use,task,demo_no_numbers,none,none,False,not_covered,unproven_demo,demo
2101696417052103166,search_rerank_extraction,task,measured_demo,latency,none,False,not_covered,cost_only,cost_only
2101650049298035149,classification_routing_triage,task,demo_no_numbers,cost,small_llm,False,not_covered,hype,hype
2101620810784145625,data_and_telemetry,batch,demo_no_numbers,none,none,False,not_covered,unproven_demo,demo
2101474282086047958,evals_and_judging,task,demo_no_numbers,none,none,False,not_covered,unproven_demo,demo
2101572535468929209,evals_and_judging,task,demo_no_numbers,accuracy,none,False,not_covered,unproven_demo,hype
2101583727654744478,games_control_loops_simulation,feel,demo_no_numbers,none,none,True,not_covered,unproven_demo,demo
2101658736758853945,games_control_loops_simulation,batch,demo_no_numbers,none,none,False,not_covered,unproven_demo,demo
2101572107377451214,browser_and_computer_use,interaction,demo_no_numbers,latency,none,True,not_covered,hype,hype
2101664257238618294,evals_and_judging,interaction,demo_no_numbers,latency,none,False,not_covered,hype,hype
2101759723112390990,trading_and_markets,task,demo_no_numbers,none,none,False,not_covered,unproven_demo,demo
2101550815718826043,evals_and_judging,task,measured_demo,cost,none,False,not_covered,cost_only,cost_only
2101577957496205796,games_control_loops_simulation,feel,demo_no_numbers,none,none,True,not_covered,unproven_demo,demo
2101602766955467067,other_or_meta,unclear,demo_no_numbers,none,none,False,noise,noise,noise
2101709096433164395,agent_harness_and_tool_gating,task,demo_no_numbers,none,none,False,not_covered,unproven_demo,demo
2101557986451939453,games_control_loops_simulation,feel,demo_no_numbers,latency,small_llm,True,not_covered,hype,hype
2101699100114837593,games_control_loops_simulation,feel,demo_no_numbers,none,none,True,not_covered,unproven_demo,demo
2101462798819569872,search_rerank_extraction,task,measured_demo,cost,frontier_llm,False,not_covered,cost_only,cost_only
2101572963233673275,moderation_and_guardrails,interaction,demo_no_numbers,none,none,False,not_covered,unproven_demo,demo
2101598960926527741,data_and_telemetry,batch,demo_no_numbers,none,none,False,not_covered,unproven_demo,demo
2101562122883002878,games_control_loops_simulation,feel,demo_no_numbers,none,none,True,not_covered,unproven_demo,demo
2101786937526739398,moderation_and_guardrails,interaction,demo_no_numbers,none,none,False,not_covered,unproven_demo,demo
2101613378791964847,classification_routing_triage,batch,measured_demo,capability,none,False,not_covered,cost_only,cost_only
2101670106778763561,other_or_meta,unclear,demo_no_numbers,none,none,False,noise,noise,noise
2101570349225668642,other_or_meta,unclear,demo_no_numbers,none,none,False,noise,noise,noise
2101679424634789963,live_chat_streams_events,interaction,demo_no_numbers,none,none,True,not_covered,unproven_demo,demo
2101654404848042172,browser_and_computer_use,task,measured_demo,cost,frontier_llm,False,not_covered,cost_only,cost_only
2101606819848417716,other_or_meta,unclear,demo_no_numbers,none,none,False,noise,noise,noise
2101570768706634092,data_and_telemetry,batch,demo_no_numbers,none,none,False,not_covered,unproven_demo,demo
2101546275816501320,data_and_telemetry,batch,measured_demo,cost,frontier_llm,False,not_covered,cost_only,cost_only
2101579441134842096,classification_routing_triage,task,demo_no_numbers,none,none,False,not_covered,unproven_demo,demo
2101803058862940670,games_control_loops_simulation,feel,demo_no_numbers,none,none,True,not_covered,unproven_demo,demo
2101666897314054648,other_or_meta,interaction,measured_demo,latency,none,False,noise,noise,noise
2101586868530028753,other_or_meta,unclear,demo_no_numbers,none,none,False,noise,noise,noise
2101718233292161254,agent_harness_and_tool_gating,task,measured_demo,latency,none,False,not_covered,cost_only,cost_only
2101534462571925687,search_rerank_extraction,task,demo_no_numbers,none,none,False,not_covered,unproven_demo,demo
2101743682382958877,classification_routing_triage,task,demo_no_numbers,cost,frontier_llm,False,hype,hype,hype
2101795047008346579,other_or_meta,unclear,demo_no_numbers,none,none,False,noise,noise,noise
2101647752166051915,other_or_meta,unclear,commentary_or_meme,capability,none,False,noise,noise,noise
2101751793122189401,trading_and_markets,task,measured_demo,latency,frontier_llm,True,not_covered,cost_only,cost_only
2101474506397331670,moderation_and_guardrails,interaction,measured_demo,accuracy,vendor_api,False,not_covered,cost_only,cost_only
2101543574710223312,other_or_meta,unclear,demo_no_numbers,none,none,False,noise,noise,noise
2101634760070344941,evals_and_judging,task,measured_demo,accuracy,none,False,not_covered,cost_only,cost_only
2101720495888715892,other_or_meta,unclear,demo_no_numbers,none,none,True,noise,noise,noise
2101467099327529155,search_rerank_extraction,task,demo_no_numbers,none,none,False,not_covered,unproven_demo,demo
2101611357732847805,games_control_loops_simulation,feel,measured_demo,cost,none,True,not_covered,material,fast_loop
2101647189332333018,games_control_loops_simulation,feel,demo_no_numbers,none,none,True,not_covered,unproven_demo,demo
2101551937497821319,search_rerank_extraction,task,demo_no_numbers,cost,frontier_llm,False,hype,hype,hype
2101772612984561937,agent_harness_and_tool_gating,task,demo_no_numbers,capability,none,False,not_covered,hype,demo
2101664992558797238,compaction_and_context,task,measured_demo,cost,frontier_llm,False,not_covered,cost_only,cost_only
2101569741584552058,games_control_loops_simulation,feel,measured_demo,cost,none,True,not_covered,material,fast_loop
2101741230308622408,evals_and_judging,batch,measured_demo,accuracy,classic_classifier_or_ml,False,not_covered,cost_only,cost_only
2101692805051482263,classification_routing_triage,task,demo_no_numbers,capability,none,False,not_covered,hype,demo
2101483019802730639,classification_routing_triage,task,demo_no_numbers,none,none,False,not_covered,unproven_demo,demo
2101518689426170235,evals_and_judging,task,demo_no_numbers,accuracy,none,False,not_covered,unproven_demo,hype
2101470031104376878,moderation_and_guardrails,interaction,measured_demo,accuracy,none,False,not_covered,cost_only,cost_only
2101770629003325744,other_or_meta,unclear,demo_no_numbers,none,none,False,noise,noise,noise
2101748705959223665,other_or_meta,unclear,commentary_or_meme,none,none,False,noise,noise,noise
2101778968001261628,other_or_meta,unclear,demo_no_numbers,capability,none,False,noise,noise,noise
2101656770334937183,classification_routing_triage,task,measured_demo,latency,none,False,not_covered,cost_only,cost_only
2101637674541142091,browser_and_computer_use,task,demo_no_numbers,none,none,True,not_covered,unproven_demo,demo
2101687492151853470,agent_harness_and_tool_gating,task,demo_no_numbers,capability,none,False,not_covered,hype,demo
2101746524548161689,compaction_and_context,task,demo_no_numbers,cost,frontier_llm,False,hype,hype,hype
2101600672823316828,games_control_loops_simulation,feel,demo_no_numbers,none,none,True,not_covered,unproven_demo,demo
2101509452579168545,games_control_loops_simulation,feel,demo_no_numbers,none,none,True,not_covered,unproven_demo,demo
2101756281665061028,other_or_meta,unclear,measured_demo,latency,none,False,noise,noise,noise
2101746139506626872,games_control_loops_simulation,feel,demo_no_numbers,latency,small_llm,True,not_covered,hype,hype
2101629628863664576,browser_and_computer_use,interaction,demo_no_numbers,latency,none,True,not_covered,hype,hype
2101638295121776940,moderation_and_guardrails,interaction,demo_no_numbers,latency,none,True,not_covered,hype,hype
2101804911315030228,other_or_meta,unclear,demo_no_numbers,none,none,False,noise,noise,noise
2101533894617276710,browser_and_computer_use,task,demo_no_numbers,latency,none,False,not_covered,hype,hype
2101515204270182457,other_or_meta,unclear,measured_demo,accuracy,none,False,noise,noise,noise
2101659198190715369,games_control_loops_simulation,feel,measured_demo,cost,none,True,not_covered,material,fast_loop
2101741606147948908,other_or_meta,unclear,demo_no_numbers,none,none,False,noise,noise,noise
2101691329067753576,other_or_meta,unclear,measured_demo,none,none,False,noise,noise,noise
2101527024938389806,classification_routing_triage,interaction,demo_no_numbers,none,none,False,not_covered,unproven_demo,demo
2101680240301146577,classification_routing_triage,task,demo_no_numbers,none,none,False,not_covered,unproven_demo,demo
2101651438141395313,games_control_loops_simulation,feel,measured_demo,accuracy,none,True,not_covered,material,fast_loop
2101470121944338726,evals_and_judging,batch,measured_demo,cost,frontier_llm,False,not_covered,cost_only,cost_only
2101607543269441629,data_and_telemetry,batch,measured_demo,accuracy,none,False,not_covered,cost_only,cost_only
2101584535414821008,agent_harness_and_tool_gating,task,demo_no_numbers,latency,frontier_llm,False,hype,hype,hype
2101746374798606715,classification_routing_triage,interaction,measured_demo,latency,none,False,not_covered,cost_only,cost_only
2101737161322283338,other_or_meta,unclear,measured_demo,cost,small_llm,False,noise,noise,noise
2101743488018657404,other_or_meta,unclear,demo_no_numbers,none,none,False,noise,noise,noise
2101686898033062357,data_and_telemetry,batch,measured_demo,cost,none,False,not_covered,cost_only,cost_only
2101568152476004617,evals_and_judging,task,demo_no_numbers,none,none,False,not_covered,unproven_demo,demo
2101677443182702983,agent_harness_and_tool_gating,task,demo_no_numbers,cost,vendor_api,False,not_covered,hype,hype
2101574162817093655,agent_harness_and_tool_gating,interaction,measured_demo,latency,none,True,material,material,material
2101499929692647844,search_rerank_extraction,batch,measured_demo,cost,none,False,not_covered,cost_only,cost_only
2101533018271985671,games_control_loops_simulation,task,demo_no_numbers,capability,none,True,not_covered,hype,demo
2101719815916499075,classification_routing_triage,interaction,demo_no_numbers,accuracy,none,False,not_covered,unproven_demo,hype
2101768143718736073,games_control_loops_simulation,feel,demo_no_numbers,none,none,True,not_covered,unproven_demo,demo
2101555617945055236,other_or_meta,unclear,demo_no_numbers,latency,none,False,noise,noise,noise
2101471836638953968,classification_routing_triage,interaction,demo_no_numbers,none,none,False,not_covered,unproven_demo,demo
2101760177829740737,games_control_loops_simulation,feel,demo_no_numbers,none,none,True,not_covered,unproven_demo,demo
2101583783363596720,other_or_meta,unclear,demo_no_numbers,none,none,False,noise,noise,noise
2101735994496291160,games_control_loops_simulation,feel,demo_no_numbers,capability,none,True,not_covered,hype,demo
2101770038885986453,other_or_meta,unclear,demo_no_numbers,none,none,False,noise,noise,noise
2101723708448489766,games_control_loops_simulation,feel,demo_no_numbers,none,none,True,not_covered,unproven_demo,demo
2101600969276686759,games_control_loops_simulation,feel,measured_demo,cost,none,True,not_covered,material,fast_loop
2101664739168285141,data_and_telemetry,batch,demo_no_numbers,none,none,False,not_covered,unproven_demo,demo
2101724831943381112,collaboration_and_typing,interaction,demo_no_numbers,none,none,True,not_covered,unproven_demo,demo
2101539880149160295,games_control_loops_simulation,feel,demo_no_numbers,capability,none,True,not_covered,hype,demo
2101645602660512187,games_control_loops_simulation,feel,demo_no_numbers,none,none,True,not_covered,unproven_demo,demo
2101734993454387581,data_and_telemetry,batch,demo_no_numbers,none,none,False,not_covered,unproven_demo,demo
2101658821923893479,classification_routing_triage,batch,demo_no_numbers,none,vendor_api,False,not_covered,unproven_demo,hype
2101781625344278696,other_or_meta,unclear,demo_no_numbers,none,none,False,noise,noise,noise
2101539726842863774,classification_routing_triage,unclear,demo_no_numbers,none,none,False,not_covered,unproven_demo,demo
2101688939228844458,search_rerank_extraction,batch,demo_no_numbers,none,none,False,not_covered,unproven_demo,demo
2101762499326660876,other_or_meta,unclear,demo_no_numbers,none,none,False,noise,noise,noise
2101652828737736880,agent_harness_and_tool_gating,task,demo_no_numbers,capability,none,False,not_covered,hype,demo
2101689338798973354,other_or_meta,interaction,demo_no_numbers,none,none,False,noise,noise,noise
2101675207203405945,other_or_meta,unclear,proposal_or_idea,capability,none,False,noise,noise,noise
2101790137571270792,other_or_meta,unclear,demo_no_numbers,none,none,False,noise,noise,noise
2101494136717418988,games_control_loops_simulation,task,demo_no_numbers,capability,none,True,not_covered,hype,demo
2101466637756924056,games_control_loops_simulation,feel,demo_no_numbers,capability,rules_or_regex,True,not_covered,hype,hype
2101711735233396972,other_or_meta,unclear,demo_no_numbers,capability,none,True,noise,noise,noise
2101464692740751858,games_control_loops_simulation,feel,demo_no_numbers,capability,none,True,not_covered,hype,demo
2101685014379340102,other_or_meta,unclear,demo_no_numbers,none,none,False,noise,noise,noise
2101765898017063005,other_or_meta,unclear,demo_no_numbers,none,none,False,noise,noise,noise
2101523328200765561,classification_routing_triage,interaction,measured_demo,cost,none,False,not_covered,cost_only,cost_only
2101608681733550405,games_control_loops_simulation,feel,demo_no_numbers,latency,frontier_llm,True,hype,hype,hype
2101712125102354816,games_control_loops_simulation,feel,demo_no_numbers,none,none,True,not_covered,unproven_demo,demo
2101745712744775809,games_control_loops_simulation,feel,demo_no_numbers,none,none,True,not_covered,unproven_demo,demo
2101646940475629835,other_or_meta,unclear,demo_no_numbers,none,none,False,noise,noise,noise
2101716648386506797,classification_routing_triage,interaction,measured_demo,latency,none,True,material,material,material
2101771795002953746,games_control_loops_simulation,feel,measured_demo,none,none,True,not_covered,material,fast_loop
2101770097945989381,browser_and_computer_use,task,measured_demo,cost,none,True,not_covered,cost_only,cost_only
2101780094524051878,evals_and_judging,task,demo_no_numbers,none,none,False,not_covered,unproven_demo,demo
2101567704276881492,other_or_meta,unclear,demo_no_numbers,none,none,False,noise,noise,noise
2101675550230405284,agent_harness_and_tool_gating,task,demo_no_numbers,none,none,False,not_covered,unproven_demo,demo
2101722738670837890,agent_harness_and_tool_gating,task,demo_no_numbers,none,none,False,not_covered,unproven_demo,demo
2101578909045399909,classification_routing_triage,interaction,measured_demo,cost,none,False,not_covered,cost_only,cost_only
2101744728626860233,compaction_and_context,task,demo_no_numbers,capability,none,False,not_covered,hype,demo
2101780631667794077,search_rerank_extraction,batch,demo_no_numbers,none,none,False,not_covered,unproven_demo,demo
2101694757135347973,classification_routing_triage,batch,demo_no_numbers,cost,classic_classifier_or_ml,False,not_covered,hype,hype
2101700437074203017,games_control_loops_simulation,feel,measured_demo,accuracy,frontier_llm,True,not_covered,cost_only,fast_loop
2101766059405824090,browser_and_computer_use,feel,measured_demo,latency,frontier_llm,True,not_covered,cost_only,fast_loop
2101561025111932976,agent_harness_and_tool_gating,task,demo_no_numbers,none,none,False,not_covered,unproven_demo,demo
2101807989007290768,agent_harness_and_tool_gating,task,demo_no_numbers,none,none,False,not_covered,unproven_demo,demo
2101542581696155968,games_control_loops_simulation,feel,demo_no_numbers,none,none,True,not_covered,unproven_demo,demo
2101577347728318733,agent_harness_and_tool_gating,task,demo_no_numbers,none,none,False,not_covered,unproven_demo,demo
2101714593261437107,search_rerank_extraction,interaction,demo_no_numbers,none,none,False,not_covered,unproven_demo,demo
2101744810633875868,games_control_loops_simulation,feel,demo_no_numbers,latency,none,True,not_covered,hype,hype
2101695378760577343,browser_and_computer_use,interaction,measured_demo,cost,none,True,material,material,material
2101614572515782941,browser_and_computer_use,task,measured_demo,latency,frontier_llm,False,not_covered,cost_only,cost_only
2101692246559170723,compaction_and_context,task,measured_demo,cost,none,False,not_covered,cost_only,cost_only
2101501810917658763,other_or_meta,unclear,demo_no_numbers,none,none,False,noise,noise,noise
2101634573226664166,other_or_meta,unclear,demo_no_numbers,none,none,False,noise,noise,noise
2101628350619885618,classification_routing_triage,task,demo_no_numbers,none,none,False,not_covered,unproven_demo,demo
2101463034988204196,other_or_meta,unclear,demo_no_numbers,capability,none,False,noise,noise,noise
2101817410307137937,agent_harness_and_tool_gating,task,demo_no_numbers,none,none,True,not_covered,unproven_demo,demo
2101734780882891174,voice_and_turn_taking,turn,demo_no_numbers,none,none,True,not_covered,unproven_demo,demo
2101724862691815613,other_or_meta,unclear,demo_no_numbers,none,none,False,noise,noise,noise
2101686777178403281,agent_harness_and_tool_gating,task,demo_no_numbers,latency,none,False,not_covered,hype,hype
2101476385030357141,other_or_meta,unclear,measured_demo,cost,none,False,noise,noise,noise
2101601252740354356,games_control_loops_simulation,feel,demo_no_numbers,none,none,True,not_covered,unproven_demo,demo
2101652701914550761,other_or_meta,unclear,demo_no_numbers,none,none,False,noise,noise,noise
2101479145968636276,moderation_and_guardrails,task,demo_no_numbers,none,none,False,not_covered,unproven_demo,demo
2101478721903538348,games_control_loops_simulation,feel,measured_demo,latency,none,True,not_covered,material,fast_loop
2101636257264619900,other_or_meta,unclear,demo_no_numbers,none,none,False,noise,noise,noise
2101670097358385654,games_control_loops_simulation,feel,demo_no_numbers,none,none,True,not_covered,unproven_demo,demo
2101607856407810096,games_control_loops_simulation,feel,measured_demo,latency,frontier_llm,True,not_covered,cost_only,fast_loop
2101483418320060661,evals_and_judging,batch,demo_no_numbers,none,none,False,not_covered,unproven_demo,demo
2101730489514201347,classification_routing_triage,task,demo_no_numbers,cost,none,False,not_covered,hype,hype
2101727352640438582,classification_routing_triage,task,measured_demo,cost,frontier_llm,False,not_covered,cost_only,cost_only
2101697198098452480,data_and_telemetry,batch,demo_no_numbers,none,none,False,not_covered,unproven_demo,demo
2101539272298057825,trading_and_markets,task,measured_demo,none,none,True,not_covered,cost_only,cost_only
2101650157532266750,agent_harness_and_tool_gating,task,demo_no_numbers,capability,frontier_llm,False,not_covered,hype,hype
2101688425606709475,other_or_meta,unclear,demo_no_numbers,none,none,False,noise,noise,noise
2101700330354327671,games_control_loops_simulation,interaction,demo_no_numbers,none,none,False,not_covered,unproven_demo,demo
2101726812317315088,games_control_loops_simulation,batch,measured_demo,cost,none,False,not_covered,cost_only,cost_only
2101537587760648598,other_or_meta,unclear,demo_no_numbers,none,none,False,noise,noise,noise
2101739916405154284,other_or_meta,unclear,demo_no_numbers,none,none,False,noise,noise,noise
2101815688105209860,moderation_and_guardrails,interaction,demo_no_numbers,none,frontier_llm,True,not_covered,hype,hype
2101551850202001738,classification_routing_triage,task,measured_demo,latency,none,False,not_covered,cost_only,cost_only
2101661904087482413,agent_harness_and_tool_gating,task,demo_no_numbers,none,none,False,not_covered,unproven_demo,demo
2101782199502565726,classification_routing_triage,batch,measured_demo,cost,none,False,not_covered,cost_only,cost_only
2101734803616002290,games_control_loops_simulation,feel,demo_no_numbers,none,none,True,not_covered,unproven_demo,demo
2101661460598587509,search_rerank_extraction,task,demo_no_numbers,none,frontier_llm,False,not_covered,hype,hype
2101757036312813623,agent_harness_and_tool_gating,feel,demo_no_numbers,latency,frontier_llm,True,hype,hype,hype
2101483283594743983,other_or_meta,unclear,demo_no_numbers,none,none,False,noise,noise,noise
2101586230505058680,moderation_and_guardrails,task,demo_no_numbers,cost,frontier_llm,False,hype,hype,hype
2101729595049361888,evals_and_judging,interaction,demo_no_numbers,none,none,True,not_covered,unproven_demo,demo
2101655637960839504,other_or_meta,interaction,demo_no_numbers,capability,none,True,noise,noise,noise
2101636469261799721,browser_and_computer_use,task,demo_no_numbers,latency,none,True,not_covered,hype,hype
2101605034480017861,evals_and_judging,batch,demo_no_numbers,none,none,False,not_covered,unproven_demo,demo
2101668266171330633,games_control_loops_simulation,task,demo_no_numbers,none,none,True,not_covered,unproven_demo,demo
2101684751157580139,agent_harness_and_tool_gating,task,measured_demo,accuracy,small_llm,False,cost_only,cost_only,cost_only
2101642679763550309,other_or_meta,unclear,demo_no_numbers,accuracy,none,False,noise,noise,noise
2101765843898224910,browser_and_computer_use,task,measured_demo,latency,none,True,not_covered,cost_only,cost_only
2101566365266051099,browser_and_computer_use,task,measured_demo,latency,none,True,not_covered,cost_only,cost_only
2101715116979032296,other_or_meta,unclear,demo_no_numbers,none,none,False,noise,noise,noise
2101733331775709418,games_control_loops_simulation,feel,measured_demo,cost,none,True,not_covered,material,fast_loop
2101511344688341354,moderation_and_guardrails,interaction,demo_no_numbers,none,none,True,not_covered,unproven_demo,demo
2101540885968384333,search_rerank_extraction,task,demo_no_numbers,none,none,False,not_covered,unproven_demo,demo
2101689183991443813,data_and_telemetry,batch,measured_demo,none,none,False,not_covered,cost_only,cost_only
2101674418741121457,classification_routing_triage,task,demo_no_numbers,none,none,False,not_covered,unproven_demo,demo
2101772073790029877,search_rerank_extraction,task,measured_demo,accuracy,classic_classifier_or_ml,False,not_covered,cost_only,cost_only
2101687829680050438,search_rerank_extraction,interaction,demo_no_numbers,none,none,False,not_covered,unproven_demo,demo
2101688526941434227,games_control_loops_simulation,feel,measured_demo,cost,none,True,not_covered,material,fast_loop
2101715554826666223,games_control_loops_simulation,feel,demo_no_numbers,latency,none,True,not_covered,hype,hype
2101713072897609858,browser_and_computer_use,task,demo_no_numbers,none,none,False,not_covered,unproven_demo,demo
2101690223553925270,other_or_meta,unclear,demo_no_numbers,none,none,False,noise,noise,noise
2101773114434552245,games_control_loops_simulation,feel,demo_no_numbers,none,none,True,not_covered,unproven_demo,demo
2101692566466859099,browser_and_computer_use,task,measured_demo,latency,frontier_llm,True,not_covered,cost_only,cost_only
2101695168542073072,games_control_loops_simulation,feel,demo_no_numbers,none,none,True,not_covered,unproven_demo,demo
2101806093517402322,search_rerank_extraction,task,demo_no_numbers,capability,none,False,not_covered,hype,demo
2101657719392612542,games_control_loops_simulation,feel,demo_no_numbers,none,none,True,not_covered,unproven_demo,demo
2101786516758667265,search_rerank_extraction,batch,measured_demo,cost,none,False,not_covered,cost_only,cost_only
2101657979078558074,search_rerank_extraction,batch,measured_demo,cost,none,False,not_covered,cost_only,cost_only
2101818693143445770,games_control_loops_simulation,frame,demo_no_numbers,none,none,True,not_covered,unproven_demo,demo
2101635898991587785,agent_harness_and_tool_gating,task,demo_no_numbers,none,none,False,not_covered,unproven_demo,demo
2101540497760161990,agent_harness_and_tool_gating,task,measured_demo,latency,none,False,not_covered,cost_only,cost_only
2101539730840330443,other_or_meta,unclear,measured_demo,latency,none,False,noise,noise,noise
2101535285184200806,classification_routing_triage,task,measured_demo,latency,frontier_llm,False,not_covered,cost_only,cost_only
2101672593832996883,trading_and_markets,task,demo_no_numbers,none,none,True,not_covered,unproven_demo,demo
2101636370733126055,classification_routing_triage,task,demo_no_numbers,none,none,False,not_covered,unproven_demo,demo
2101714169087332769,search_rerank_extraction,task,demo_no_numbers,latency,none,False,not_covered,hype,hype
2101498786677706806,evals_and_judging,batch,measured_demo,accuracy,none,False,not_covered,cost_only,cost_only
2101574674417320126,other_or_meta,unclear,measured_demo,accuracy,small_llm,False,noise,noise,noise
2101473066366759045,games_control_loops_simulation,feel,measured_demo,latency,frontier_llm,True,not_covered,cost_only,fast_loop
2101664099994399189,browser_and_computer_use,task,demo_no_numbers,none,none,False,not_covered,unproven_demo,demo
2101508836393664582,other_or_meta,unclear,demo_no_numbers,none,none,False,noise,noise,noise
2101633429817487703,compaction_and_context,task,measured_demo,cost,frontier_llm,False,not_covered,cost_only,cost_only
2101658510891352421,games_control_loops_simulation,feel,demo_no_numbers,none,none,True,not_covered,unproven_demo,demo
2101706612641759437,games_control_loops_simulation,interaction,demo_no_numbers,none,none,False,not_covered,unproven_demo,demo
2101675409695752355,data_and_telemetry,batch,demo_no_numbers,capability,none,False,not_covered,hype,demo
2101686504401633754,other_or_meta,unclear,demo_no_numbers,none,none,False,noise,noise,noise
2101550063608905908,agent_harness_and_tool_gating,task,demo_no_numbers,none,none,False,not_covered,unproven_demo,demo
2101758842145026532,trading_and_markets,task,measured_demo,none,none,True,not_covered,cost_only,cost_only
2101622535167336888,voice_and_turn_taking,turn,demo_no_numbers,none,none,True,not_covered,unproven_demo,demo
2101565083369497055,other_or_meta,unclear,measured_demo,latency,frontier_llm,False,noise,noise,noise
2101678671727939638,classification_routing_triage,task,demo_no_numbers,capability,none,False,not_covered,hype,demo
2101662106865250514,agent_harness_and_tool_gating,task,demo_no_numbers,none,none,False,not_covered,unproven_demo,demo
2101735222337249434,other_or_meta,unclear,demo_no_numbers,none,none,False,noise,noise,noise
2101557731232813298,browser_and_computer_use,task,measured_demo,accuracy,none,False,not_covered,cost_only,cost_only
2101548620671746202,classification_routing_triage,batch,measured_demo,latency,none,False,not_covered,cost_only,cost_only
2101625594920255659,agent_harness_and_tool_gating,task,demo_no_numbers,latency,none,False,not_covered,hype,hype
2101656868645216490,games_control_loops_simulation,feel,demo_no_numbers,none,none,True,not_covered,unproven_demo,demo
2101767573771800798,other_or_meta,unclear,demo_no_numbers,none,none,False,noise,noise,noise
2101675407053562260,search_rerank_extraction,task,demo_no_numbers,none,none,False,not_covered,unproven_demo,demo
2101641676502798718,agent_harness_and_tool_gating,task,demo_no_numbers,none,none,False,not_covered,unproven_demo,demo
2101744085409370292,search_rerank_extraction,task,demo_no_numbers,capability,frontier_llm,False,not_covered,hype,hype
2101715274722328867,compaction_and_context,task,measured_demo,none,none,False,not_covered,cost_only,cost_only
2101813384085955004,data_and_telemetry,batch,demo_no_numbers,none,none,False,not_covered,unproven_demo,demo
2101521346824134666,agent_harness_and_tool_gating,task,demo_no_numbers,none,none,True,not_covered,unproven_demo,demo
2101525407459955081,games_control_loops_simulation,feel,measured_demo,none,none,True,not_covered,material,fast_loop
2101795336687583288,evals_and_judging,batch,demo_no_numbers,none,none,False,not_covered,unproven_demo,demo
2101789245832937506,browser_and_computer_use,interaction,demo_no_numbers,none,none,False,not_covered,unproven_demo,demo
2101728728531284053,other_or_meta,unclear,measured_demo,accuracy,none,False,noise,noise,noise
2101780633035096556,evals_and_judging,batch,demo_no_numbers,none,frontier_llm,False,not_covered,hype,hype
2101678324640629117,classification_routing_triage,interaction,demo_no_numbers,latency,none,False,not_covered,hype,hype
2101718735757140313,classification_routing_triage,batch,measured_demo,accuracy,none,False,not_covered,cost_only,cost_only
2101683275362173153,evals_and_judging,interaction,demo_no_numbers,latency,none,False,not_covered,hype,hype
2101796464770838967,games_control_loops_simulation,feel,demo_no_numbers,none,none,True,not_covered,unproven_demo,demo
2101693424684650553,other_or_meta,unclear,demo_no_numbers,none,none,False,noise,noise,noise
2101497086835642876,classification_routing_triage,batch,measured_demo,cost,none,False,not_covered,cost_only,cost_only
2101705981914660989,agent_harness_and_tool_gating,task,demo_no_numbers,capability,none,False,not_covered,hype,demo
2101619962477781446,games_control_loops_simulation,frame,demo_no_numbers,capability,none,True,not_covered,hype,demo
2101669544620376523,other_or_meta,unclear,proposal_or_idea,none,none,False,noise,noise,noise
2101811643709567364,other_or_meta,unclear,demo_no_numbers,none,none,False,noise,noise,noise
2101766663288852731,agent_harness_and_tool_gating,interaction,measured_demo,latency,rules_or_regex,True,not_covered,material,material
2101615742466634106,other_or_meta,unclear,commentary_or_meme,none,none,False,noise,noise,noise
2101675017566134580,browser_and_computer_use,task,measured_demo,accuracy,frontier_llm,False,not_covered,cost_only,cost_only
2101537034372538654,games_control_loops_simulation,interaction,demo_no_numbers,none,none,False,not_covered,unproven_demo,demo
2101681769527566347,other_or_meta,unclear,demo_no_numbers,capability,none,False,noise,noise,noise
2101664698013995449,games_control_loops_simulation,interaction,demo_no_numbers,none,none,False,not_covered,unproven_demo,demo
2101643108022911452,classification_routing_triage,interaction,demo_no_numbers,none,none,False,not_covered,unproven_demo,demo
2101626821783482843,games_control_loops_simulation,task,measured_demo,cost,none,True,not_covered,cost_only,cost_only
2101818576009326794,browser_and_computer_use,task,demo_no_numbers,none,none,False,not_covered,unproven_demo,demo
2101761585978962097,other_or_meta,unclear,demo_no_numbers,none,none,False,noise,noise,noise
2101624643291627719,moderation_and_guardrails,interaction,demo_no_numbers,none,none,False,not_covered,unproven_demo,demo
2101702935751364614,data_and_telemetry,batch,measured_demo,accuracy,none,False,not_covered,cost_only,cost_only
2101681218232431052,games_control_loops_simulation,feel,measured_demo,latency,none,True,not_covered,material,fast_loop
2101729360851931151,other_or_meta,unclear,demo_no_numbers,none,none,False,noise,noise,noise
2101490947645456502,agent_harness_and_tool_gating,task,measured_demo,cost,frontier_llm,False,not_covered,cost_only,cost_only
2101817682853257621,evals_and_judging,batch,measured_demo,cost,frontier_llm,False,not_covered,cost_only,cost_only
2101659085842379076,evals_and_judging,batch,measured_demo,cost,frontier_llm,False,not_covered,cost_only,cost_only
2101694374312571316,agent_harness_and_tool_gating,task,measured_demo,accuracy,none,True,not_covered,cost_only,cost_only
2101534451343695930,agent_harness_and_tool_gating,interaction,measured_demo,latency,frontier_llm,True,not_covered,cost_only,material_vs_frontier
2101779573511729329,trading_and_markets,task,measured_demo,none,none,True,not_covered,cost_only,cost_only
2101508778399064122,evals_and_judging,interaction,measured_demo,accuracy,none,False,not_covered,cost_only,cost_only
2101692961104756980,agent_harness_and_tool_gating,task,demo_no_numbers,none,none,False,not_covered,unproven_demo,demo
2101781596462522496,other_or_meta,unclear,demo_no_numbers,none,none,False,noise,noise,noise
2101738552044535934,games_control_loops_simulation,feel,measured_demo,latency,small_llm,True,not_covered,cost_only,fast_loop
2101672730659525003,search_rerank_extraction,task,demo_no_numbers,none,none,False,not_covered,unproven_demo,demo
2101753560799088866,other_or_meta,unclear,demo_no_numbers,none,none,False,noise,noise,noise
2101646619351617877,live_chat_streams_events,interaction,demo_no_numbers,none,none,True,not_covered,unproven_demo,demo
2101639897232617750,search_rerank_extraction,interaction,demo_no_numbers,none,none,False,not_covered,unproven_demo,demo
2101784771047141727,games_control_loops_simulation,feel,demo_no_numbers,capability,none,True,not_covered,hype,demo
2101710478799954144,games_control_loops_simulation,feel,measured_demo,cost,none,True,not_covered,material,fast_loop
2101618135015059965,classification_routing_triage,unclear,demo_no_numbers,none,none,False,not_covered,unproven_demo,demo
2101646238991159384,games_control_loops_simulation,feel,demo_no_numbers,none,none,True,not_covered,unproven_demo,demo
2101761792703926594,other_or_meta,unclear,demo_no_numbers,none,none,False,noise,noise,noise
2101810034422526226,evals_and_judging,task,measured_demo,cost,frontier_llm,False,not_covered,cost_only,cost_only
2101794915563037023,search_rerank_extraction,interaction,demo_no_numbers,none,none,False,not_covered,unproven_demo,demo
2101636204688974188,other_or_meta,unclear,demo_no_numbers,none,none,False,noise,noise,noise
2101616120621084684,classification_routing_triage,batch,demo_no_numbers,accuracy,frontier_llm,False,not_covered,hype,hype
2101549781160259821,data_and_telemetry,batch,demo_no_numbers,capability,none,False,not_covered,hype,demo
2101641051991937038,games_control_loops_simulation,feel,measured_demo,capability,none,True,not_covered,material,fast_loop
2101689050688024823,data_and_telemetry,batch,measured_demo,cost,none,False,not_covered,cost_only,cost_only
2101658211426144638,other_or_meta,unclear,demo_no_numbers,none,none,False,noise,noise,noise
2101719891740893400,search_rerank_extraction,interaction,measured_demo,latency,none,False,not_covered,cost_only,cost_only
2101741764449051087,classification_routing_triage,interaction,demo_no_numbers,capability,none,False,not_covered,hype,demo
2101620928753131743,search_rerank_extraction,interaction,measured_demo,latency,none,False,not_covered,cost_only,cost_only
2101572540456112449,classification_routing_triage,interaction,demo_no_numbers,latency,none,False,not_covered,hype,hype
2101491068004901342,classification_routing_triage,task,demo_no_numbers,cost,frontier_llm,False,hype,hype,hype
2101549554718195855,classification_routing_triage,batch,measured_demo,accuracy,none,False,not_covered,cost_only,cost_only
2101707945268367436,other_or_meta,unclear,measured_demo,cost,none,False,noise,noise,noise
2101681862795997459,data_and_telemetry,interaction,measured_demo,latency,none,True,material,material,material
2101681063294816452,moderation_and_guardrails,interaction,demo_no_numbers,latency,none,False,not_covered,hype,hype
2101663444265251293,moderation_and_guardrails,interaction,measured_demo,latency,none,True,material,material,material
2101542375617364362,other_or_meta,unclear,demo_no_numbers,none,none,False,noise,noise,noise
2101485892171091997,classification_routing_triage,batch,demo_no_numbers,none,none,False,not_covered,unproven_demo,demo
2101724645598572628,games_control_loops_simulation,feel,measured_demo,capability,none,True,not_covered,material,fast_loop
2101655208560644372,agent_harness_and_tool_gating,interaction,demo_no_numbers,none,none,True,not_covered,unproven_demo,demo
2101674736493408289,classification_routing_triage,interaction,demo_no_numbers,latency,none,False,not_covered,hype,hype
2101637802090004772,other_or_meta,unclear,demo_no_numbers,cost,none,False,noise,noise,noise
2101620213175456053,games_control_loops_simulation,unclear,demo_no_numbers,none,none,False,not_covered,unproven_demo,demo
2101823111188648016,data_and_telemetry,batch,measured_demo,cost,none,False,not_covered,cost_only,cost_only
2101703437574344821,browser_and_computer_use,task,demo_no_numbers,latency,none,True,not_covered,hype,hype
2101778562978042243,trading_and_markets,unclear,demo_no_numbers,none,none,False,not_covered,unproven_demo,demo
2101749334303764549,evals_and_judging,batch,measured_demo,accuracy,small_llm,False,cost_only,cost_only,cost_only
2101624997416517963,other_or_meta,unclear,demo_no_numbers,none,none,False,noise,noise,noise
2101813235972530229,classification_routing_triage,interaction,measured_demo,latency,small_llm,False,not_covered,cost_only,cost_only
2101580463991316806,agent_harness_and_tool_gating,task,demo_no_numbers,none,none,False,not_covered,unproven_demo,demo
2101568159484661948,moderation_and_guardrails,interaction,measured_demo,latency,none,False,not_covered,cost_only,cost_only
2101498725411746098,agent_harness_and_tool_gating,task,demo_no_numbers,none,none,False,not_covered,unproven_demo,demo
2101763161623818340,games_control_loops_simulation,feel,demo_no_numbers,none,none,True,not_covered,unproven_demo,demo
2101647950988669270,games_control_loops_simulation,feel,demo_no_numbers,latency,frontier_llm,True,hype,hype,hype
2101642437928075412,data_and_telemetry,batch,demo_no_numbers,none,none,False,not_covered,unproven_demo,demo
2101481555843809730,classification_routing_triage,unclear,demo_no_numbers,none,none,False,not_covered,unproven_demo,demo
2101510014938624480,games_control_loops_simulation,feel,demo_no_numbers,none,none,True,not_covered,unproven_demo,demo
2101693517022302326,agent_harness_and_tool_gating,task,demo_no_numbers,capability,frontier_llm,False,not_covered,hype,hype
2101810507166687314,evals_and_judging,task,demo_no_numbers,none,none,False,not_covered,unproven_demo,demo
2101751809740017783,trading_and_markets,task,demo_no_numbers,none,none,True,not_covered,unproven_demo,demo
2101798368183992565,voice_and_turn_taking,turn,demo_no_numbers,latency,none,True,not_covered,hype,hype
2101587056652886492,other_or_meta,interaction,demo_no_numbers,none,none,False,noise,noise,noise
2101477126641996119,compaction_and_context,interaction,demo_no_numbers,none,none,False,not_covered,unproven_demo,demo
2101821698756743602,classification_routing_triage,task,demo_no_numbers,none,none,False,not_covered,unproven_demo,demo
2101694757613256746,data_and_telemetry,batch,demo_no_numbers,none,none,False,not_covered,unproven_demo,demo
2101791527580414102,other_or_meta,interaction,measured_demo,latency,none,False,noise,noise,noise
2101705545459638332,compaction_and_context,task,measured_demo,cost,none,False,not_covered,cost_only,cost_only
2101767761236296151,search_rerank_extraction,batch,demo_no_numbers,none,none,False,not_covered,unproven_demo,demo
2101697508413948199,moderation_and_guardrails,interaction,measured_demo,cost,none,True,material,material,material
2101560914101059843,evals_and_judging,batch,measured_demo,accuracy,frontier_llm,False,not_covered,cost_only,cost_only
2101472089823932754,games_control_loops_simulation,feel,measured_demo,latency,frontier_llm,True,not_covered,cost_only,fast_loop
2101676418040266818,search_rerank_extraction,batch,measured_demo,latency,none,False,not_covered,cost_only,cost_only
2101770468944380373,evals_and_judging,task,measured_demo,accuracy,frontier_llm,False,not_covered,cost_only,cost_only
2101793002012221450,other_or_meta,unclear,demo_no_numbers,none,none,False,noise,noise,noise
2101615427243712849,classification_routing_triage,batch,demo_no_numbers,none,none,False,not_covered,unproven_demo,demo
2101794005822361861,agent_harness_and_tool_gating,task,demo_no_numbers,none,none,False,not_covered,unproven_demo,demo
2101626847398175086,games_control_loops_simulation,task,demo_no_numbers,capability,none,True,not_covered,hype,demo
2101529388248367210,agent_harness_and_tool_gating,task,demo_no_numbers,none,none,False,not_covered,unproven_demo,demo
2101714585103348192,moderation_and_guardrails,interaction,demo_no_numbers,capability,none,True,not_covered,hype,demo
2101657469214757297,classification_routing_triage,task,measured_demo,cost,none,False,not_covered,cost_only,cost_only
2101606798323044740,trading_and_markets,task,demo_no_numbers,none,none,True,not_covered,unproven_demo,demo
2101813335910146532,browser_and_computer_use,interaction,measured_demo,latency,none,True,material,material,material
2101614599321841737,classification_routing_triage,interaction,demo_no_numbers,none,none,False,not_covered,unproven_demo,demo
2101788868089729155,other_or_meta,unclear,demo_no_numbers,none,none,False,noise,noise,noise
2101740198623072621,other_or_meta,unclear,demo_no_numbers,none,none,False,noise,noise,noise
2101729211094548769,classification_routing_triage,task,demo_no_numbers,none,none,False,not_covered,unproven_demo,demo
2101660508822647005,other_or_meta,unclear,measured_demo,cost,frontier_llm,False,noise,noise,noise
2101780634423492740,other_or_meta,unclear,measured_demo,latency,frontier_llm,False,noise,noise,noise
2101670209820189108,compaction_and_context,task,demo_no_numbers,none,none,False,not_covered,unproven_demo,demo
2101750500668358684,moderation_and_guardrails,task,demo_no_numbers,none,none,False,not_covered,unproven_demo,demo
2101469874572669283,agent_harness_and_tool_gating,interaction,demo_no_numbers,none,none,True,not_covered,unproven_demo,demo
2101666127353192466,games_control_loops_simulation,feel,demo_no_numbers,none,none,True,not_covered,unproven_demo,demo
2101610225157710013,other_or_meta,unclear,demo_no_numbers,none,none,False,noise,noise,noise
2101695244345765917,trading_and_markets,task,demo_no_numbers,none,none,True,not_covered,unproven_demo,demo
2101799243811876866,games_control_loops_simulation,feel,demo_no_numbers,none,none,True,not_covered,unproven_demo,demo
2101706595067408842,other_or_meta,unclear,measured_demo,latency,none,False,noise,noise,noise
2101651809177837617,search_rerank_extraction,batch,measured_demo,cost,none,False,not_covered,cost_only,cost_only
2101639231601008702,evals_and_judging,task,demo_no_numbers,none,none,False,not_covered,unproven_demo,demo
2101615647625257385,other_or_meta,unclear,demo_no_numbers,none,none,False,noise,noise,noise
2101654596699705433,classification_routing_triage,batch,demo_no_numbers,none,none,False,not_covered,unproven_demo,demo
2101645714904547738,games_control_loops_simulation,feel,demo_no_numbers,latency,frontier_llm,True,hype,hype,hype
2101764387526554008,data_and_telemetry,batch,demo_no_numbers,capability,none,False,not_covered,hype,demo
2101523309158343137,data_and_telemetry,batch,measured_demo,latency,none,False,not_covered,cost_only,cost_only
2101499373125554345,games_control_loops_simulation,feel,demo_no_numbers,none,none,True,not_covered,unproven_demo,demo
2101572049865244839,moderation_and_guardrails,interaction,demo_no_numbers,accuracy,none,False,not_covered,unproven_demo,hype
2101769377242660899,games_control_loops_simulation,feel,demo_no_numbers,none,none,True,not_covered,unproven_demo,demo
2101821065756635146,games_control_loops_simulation,feel,demo_no_numbers,none,none,True,not_covered,unproven_demo,demo
2101526349748011140,voice_and_turn_taking,turn,demo_no_numbers,none,none,True,not_covered,unproven_demo,demo
2101708235158040612,classification_routing_triage,interaction,demo_no_numbers,capability,none,False,not_covered,hype,demo
2101683177257599129,games_control_loops_simulation,feel,demo_no_numbers,none,none,True,not_covered,unproven_demo,demo
2101593232992051557,classification_routing_triage,batch,measured_demo,cost,none,False,not_covered,cost_only,cost_only
2101682084238803080,classification_routing_triage,interaction,demo_no_numbers,latency,frontier_llm,False,hype,hype,hype
2101579088666443983,other_or_meta,unclear,demo_no_numbers,none,none,False,noise,noise,noise
2101552356190208501,other_or_meta,unclear,demo_no_numbers,none,none,False,noise,noise,noise
2101461519519085046,games_control_loops_simulation,feel,demo_no_numbers,capability,none,True,not_covered,hype,demo
2101590864690848168,games_control_loops_simulation,feel,demo_no_numbers,none,none,True,not_covered,unproven_demo,demo
2101750053568491752,browser_and_computer_use,interaction,measured_demo,cost,none,True,material,material,material
2101700574089486485,agent_harness_and_tool_gating,task,demo_no_numbers,none,none,False,not_covered,unproven_demo,demo
2101646622463758479,data_and_telemetry,batch,measured_demo,accuracy,none,False,not_covered,cost_only,cost_only
2101516431708078362,moderation_and_guardrails,task,measured_demo,accuracy,none,False,not_covered,cost_only,cost_only
2101550383109693870,moderation_and_guardrails,interaction,demo_no_numbers,none,none,False,not_covered,unproven_demo,demo
2101506247413411972,classification_routing_triage,interaction,demo_no_numbers,none,none,False,not_covered,unproven_demo,demo
2101599194343784551,browser_and_computer_use,task,demo_no_numbers,none,frontier_llm,False,not_covered,hype,hype
2101768880897007969,classification_routing_triage,batch,measured_demo,cost,none,False,not_covered,cost_only,cost_only
2101697107577180188,classification_routing_triage,interaction,demo_no_numbers,none,none,False,not_covered,unproven_demo,demo
2101708883097948523,other_or_meta,unclear,demo_no_numbers,none,none,False,noise,noise,noise
2101637517359341701,games_control_loops_simulation,feel,demo_no_numbers,none,none,True,not_covered,unproven_demo,demo
2101627122662117852,trading_and_markets,task,demo_no_numbers,latency,none,True,not_covered,hype,hype
2101607180042424716,other_or_meta,interaction,measured_demo,latency,none,False,noise,noise,noise
2101570862508089785,games_control_loops_simulation,feel,measured_demo,latency,frontier_llm,True,not_covered,cost_only,fast_loop
2101778971163517089,other_or_meta,unclear,measured_demo,accuracy,none,False,noise,noise,noise
2101622460818805072,search_rerank_extraction,interaction,measured_demo,none,none,False,not_covered,cost_only,cost_only
2101649606123856310,search_rerank_extraction,task,demo_no_numbers,capability,rules_or_regex,False,not_covered,hype,hype
2101607375421460881,other_or_meta,unclear,demo_no_numbers,none,none,False,noise,noise,noise
2101813425101791357,agent_harness_and_tool_gating,task,measured_demo,cost,small_llm,True,cost_only,cost_only,cost_only
2101674414433771669,agent_harness_and_tool_gating,task,measured_demo,latency,frontier_llm,False,not_covered,cost_only,cost_only
2101797876993273900,other_or_meta,unclear,demo_no_numbers,none,none,False,noise,noise,noise
2101795933465772520,other_or_meta,unclear,measured_demo,accuracy,none,False,noise,noise,noise
2101696586925633952,other_or_meta,unclear,demo_no_numbers,none,none,False,noise,noise,noise
2101776961282408786,moderation_and_guardrails,task,demo_no_numbers,none,none,False,not_covered,unproven_demo,demo
2101794549135716518,other_or_meta,unclear,measured_demo,latency,none,False,noise,noise,noise
2101767030852784340,games_control_loops_simulation,feel,measured_demo,latency,none,True,not_covered,material,fast_loop
2101711372622921748,games_control_loops_simulation,feel,demo_no_numbers,none,none,True,not_covered,unproven_demo,demo
2101490041851953158,search_rerank_extraction,task,demo_no_numbers,none,none,False,not_covered,unproven_demo,demo
2101554522560843855,data_and_telemetry,batch,measured_demo,accuracy,none,False,not_covered,cost_only,cost_only
2101545701083685188,other_or_meta,unclear,demo_no_numbers,none,none,False,noise,noise,noise
2101647541096108155,search_rerank_extraction,interaction,demo_no_numbers,none,none,False,not_covered,unproven_demo,demo
2101630731441107110,classification_routing_triage,task,measured_demo,latency,none,False,not_covered,cost_only,cost_only
2101729630726287871,moderation_and_guardrails,interaction,measured_demo,accuracy,small_llm,False,not_covered,cost_only,cost_only
2101684957899001879,other_or_meta,unclear,demo_no_numbers,none,none,False,noise,noise,noise
2101712148191727701,live_chat_streams_events,interaction,demo_no_numbers,none,none,True,not_covered,unproven_demo,demo
2101618816052568328,voice_and_turn_taking,turn,demo_no_numbers,none,none,True,not_covered,unproven_demo,demo
2101697432937783415,games_control_loops_simulation,feel,demo_no_numbers,none,none,True,not_covered,unproven_demo,demo
2101637075783037391,games_control_loops_simulation,feel,demo_no_numbers,none,none,True,not_covered,unproven_demo,demo
2101801991227798006,trading_and_markets,task,demo_no_numbers,none,none,False,not_covered,unproven_demo,demo
2101610247391732146,classification_routing_triage,interaction,measured_demo,latency,none,False,not_covered,cost_only,cost_only
2101658274349383928,evals_and_judging,task,demo_no_numbers,none,none,False,not_covered,unproven_demo,demo
2101623582560330095,other_or_meta,interaction,demo_no_numbers,none,none,False,noise,noise,noise
2101633018385609039,evals_and_judging,batch,measured_demo,cost,none,False,not_covered,cost_only,cost_only
2101586332803842309,classification_routing_triage,batch,demo_no_numbers,none,frontier_llm,False,not_covered,hype,hype
2101503163337711814,games_control_loops_simulation,feel,demo_no_numbers,capability,none,True,not_covered,hype,demo
2101517214994309505,other_or_meta,unclear,demo_no_numbers,cost,none,False,noise,noise,noise
2101794859249959365,games_control_loops_simulation,feel,demo_no_numbers,none,none,True,not_covered,unproven_demo,demo
2101658652876919216,other_or_meta,interaction,measured_demo,latency,none,False,noise,noise,noise
2101739236118483264,moderation_and_guardrails,interaction,measured_demo,accuracy,frontier_llm,False,not_covered,cost_only,cost_only
2101734696048841037,search_rerank_extraction,interaction,demo_no_numbers,none,none,False,not_covered,unproven_demo,demo
2101809122794488270,other_or_meta,unclear,proposal_or_idea,none,none,False,noise,noise,noise
2101643859126284460,classification_routing_triage,task,demo_no_numbers,none,frontier_llm,False,not_covered,hype,hype
2101576420027687303,evals_and_judging,interaction,demo_no_numbers,none,none,False,not_covered,unproven_demo,demo
2101569295067263161,games_control_loops_simulation,feel,demo_no_numbers,capability,frontier_llm,True,not_covered,hype,hype
2101526616719675793,classification_routing_triage,batch,measured_demo,latency,frontier_llm,False,not_covered,cost_only,cost_only
2101760551642968520,other_or_meta,unclear,demo_no_numbers,latency,none,False,noise,noise,noise
2101728393473499345,other_or_meta,unclear,demo_no_numbers,none,none,False,noise,noise,noise
2101670604021588112,agent_harness_and_tool_gating,task,demo_no_numbers,none,none,False,not_covered,unproven_demo,demo
2101755092177473858,games_control_loops_simulation,feel,demo_no_numbers,none,rules_or_regex,True,not_covered,unproven_demo,hype
2101720860763586642,games_control_loops_simulation,feel,demo_no_numbers,none,none,True,not_covered,unproven_demo,demo
2101814135851720880,evals_and_judging,interaction,measured_demo,cost,frontier_llm,False,not_covered,cost_only,cost_only
2101568319736213952,evals_and_judging,interaction,measured_demo,cost,none,False,not_covered,cost_only,cost_only
2101767097504121072,classification_routing_triage,interaction,measured_demo,latency,none,False,not_covered,cost_only,cost_only
2101693243096478198,other_or_meta,unclear,commentary_or_meme,none,none,False,noise,noise,noise
2101718828879315187,other_or_meta,unclear,measured_demo,cost,small_llm,False,noise,noise,noise
2101550847281021298,data_and_telemetry,batch,demo_no_numbers,none,none,False,not_covered,unproven_demo,demo
2101619711977074727,classification_routing_triage,task,demo_no_numbers,none,none,False,not_covered,unproven_demo,demo
2101788000388583453,search_rerank_extraction,task,measured_demo,cost,none,False,not_covered,cost_only,cost_only
2101611835594354958,moderation_and_guardrails,interaction,measured_demo,latency,frontier_llm,False,not_covered,cost_only,cost_only
2101588171494691163,games_control_loops_simulation,feel,demo_no_numbers,none,none,True,not_covered,unproven_demo,demo
2101480262555103610,other_or_meta,unclear,measured_demo,accuracy,none,False,noise,noise,noise
2101531039185129683,games_control_loops_simulation,feel,measured_demo,capability,none,True,not_covered,material,fast_loop
2101620471326228876,other_or_meta,unclear,demo_no_numbers,none,none,False,noise,noise,noise
2101643061885595737,other_or_meta,unclear,demo_no_numbers,none,none,False,noise,noise,noise
2101760461788033499,browser_and_computer_use,task,measured_demo,latency,none,False,not_covered,cost_only,cost_only
2101756122986422331,other_or_meta,unclear,commentary_or_meme,none,none,False,noise,noise,noise
2101589851191869875,data_and_telemetry,batch,demo_no_numbers,capability,rules_or_regex,False,not_covered,hype,hype
2101510679886725535,classification_routing_triage,task,measured_demo,cost,frontier_llm,False,not_covered,cost_only,cost_only
2101477277443981537,data_and_telemetry,batch,measured_demo,accuracy,frontier_llm,False,not_covered,cost_only,cost_only
2101470541676794347,classification_routing_triage,interaction,demo_no_numbers,none,none,True,not_covered,unproven_demo,demo
2101541085810212912,games_control_loops_simulation,feel,demo_no_numbers,capability,none,True,not_covered,hype,demo
2101550704963797307,trading_and_markets,task,demo_no_numbers,capability,none,False,not_covered,hype,demo
2101597948630987194,evals_and_judging,batch,demo_no_numbers,capability,none,False,not_covered,hype,demo
2101615527755972891,other_or_meta,unclear,demo_no_numbers,none,none,False,noise,noise,noise
2101805981831147530,classification_routing_triage,task,demo_no_numbers,none,none,False,not_covered,unproven_demo,demo
2101712612408897619,other_or_meta,unclear,demo_no_numbers,none,none,False,noise,noise,noise
2101555496922804704,classification_routing_triage,interaction,demo_no_numbers,none,none,False,not_covered,unproven_demo,demo
2101548191179264166,search_rerank_extraction,interaction,demo_no_numbers,none,none,False,not_covered,unproven_demo,demo
2101549596048543843,moderation_and_guardrails,interaction,demo_no_numbers,none,none,False,not_covered,unproven_demo,demo
2101479532515426468,agent_harness_and_tool_gating,task,measured_demo,latency,none,False,not_covered,cost_only,cost_only
2101597047635705987,other_or_meta,unclear,measured_demo,latency,none,False,noise,noise,noise
2101560820740112638,classification_routing_triage,task,measured_demo,cost,small_llm,False,cost_only,cost_only,cost_only
2101723725221572837,classification_routing_triage,task,demo_no_numbers,cost,frontier_llm,False,hype,hype,hype
2101747321184694306,evals_and_judging,batch,measured_demo,cost,frontier_llm,False,not_covered,cost_only,cost_only
2101686156463157714,data_and_telemetry,batch,demo_no_numbers,none,none,False,not_covered,unproven_demo,demo
2101614329640726804,other_or_meta,unclear,demo_no_numbers,none,none,False,noise,noise,noise
2101785784990970155,games_control_loops_simulation,feel,measured_demo,latency,none,True,not_covered,material,fast_loop
2101547865403482540,other_or_meta,unclear,demo_no_numbers,none,none,False,noise,noise,noise
2101462129794797760,trading_and_markets,turn,demo_no_numbers,none,none,True,not_covered,unproven_demo,demo
2101709507055497304,games_control_loops_simulation,feel,demo_no_numbers,none,none,True,not_covered,unproven_demo,demo
2101739621843402898,games_control_loops_simulation,task,demo_no_numbers,capability,none,True,not_covered,hype,demo
2101816581038977336,search_rerank_extraction,task,demo_no_numbers,none,none,False,not_covered,unproven_demo,demo
2101765646249804187,agent_harness_and_tool_gating,task,demo_no_numbers,none,none,False,not_covered,unproven_demo,demo
2101823140582011011,moderation_and_guardrails,interaction,demo_no_numbers,none,none,True,not_covered,unproven_demo,demo
2101468827099799880,agent_harness_and_tool_gating,task,measured_demo,cost,none,False,not_covered,cost_only,cost_only
2101467064422519196,evals_and_judging,interaction,measured_demo,none,none,False,not_covered,cost_only,cost_only
2101509782498587004,other_or_meta,unclear,demo_no_numbers,none,none,False,noise,noise,noise
2101490650034180333,other_or_meta,unclear,measured_demo,cost,frontier_llm,False,noise,noise,noise
2101685312430768422,search_rerank_extraction,task,measured_demo,latency,small_llm,False,cost_only,cost_only,cost_only
2101715168808083661,other_or_meta,unclear,demo_no_numbers,none,none,False,noise,noise,noise
2101701169428988240,other_or_meta,unclear,measured_demo,none,none,False,noise,noise,noise
2101614052220842421,classification_routing_triage,interaction,demo_no_numbers,none,none,False,not_covered,unproven_demo,demo
2101756397629136900,other_or_meta,unclear,measured_demo,cost,none,False,noise,noise,noise
2101512320522363116,classification_routing_triage,task,measured_demo,accuracy,frontier_llm,False,not_covered,cost_only,cost_only
2101639445606703246,collaboration_and_typing,feel,demo_no_numbers,none,none,True,not_covered,unproven_demo,demo
2101757347790049429,agent_harness_and_tool_gating,task,demo_no_numbers,none,none,True,not_covered,unproven_demo,demo
2101676470225756171,classification_routing_triage,batch,demo_no_numbers,none,none,False,not_covered,unproven_demo,demo
2101603073340653780,classification_routing_triage,task,measured_demo,latency,small_llm,False,cost_only,cost_only,cost_only
2101614020021059639,games_control_loops_simulation,feel,demo_no_numbers,none,none,True,not_covered,unproven_demo,demo
2101694996563026404,games_control_loops_simulation,feel,measured_demo,latency,none,True,not_covered,material,fast_loop
2101543034160914914,search_rerank_extraction,interaction,demo_no_numbers,none,none,False,not_covered,unproven_demo,demo
2101549394684441027,classification_routing_triage,batch,measured_demo,cost,none,False,not_covered,cost_only,cost_only
2101522267662373247,compaction_and_context,task,measured_demo,none,none,False,not_covered,cost_only,cost_only
2101468346537439232,classification_routing_triage,batch,measured_demo,accuracy,none,False,not_covered,cost_only,cost_only
2101720143768252583,classification_routing_triage,unclear,demo_no_numbers,none,none,False,not_covered,unproven_demo,demo
2101649035883110490,search_rerank_extraction,batch,measured_demo,cost,none,False,not_covered,cost_only,cost_only
2101664149243666865,classification_routing_triage,interaction,demo_no_numbers,cost,none,False,not_covered,hype,hype
2101729130966553048,moderation_and_guardrails,task,measured_demo,accuracy,frontier_llm,False,not_covered,cost_only,cost_only
2101733590924918915,agent_harness_and_tool_gating,unclear,demo_no_numbers,none,none,False,not_covered,unproven_demo,demo
2101604635983421897,evals_and_judging,interaction,measured_demo,latency,frontier_llm,False,not_covered,cost_only,cost_only
2101551357358666050,other_or_meta,unclear,demo_no_numbers,none,none,False,noise,noise,noise
2101554840904302731,trading_and_markets,task,demo_no_numbers,none,none,True,not_covered,unproven_demo,demo
2101660243017228470,data_and_telemetry,batch,demo_no_numbers,capability,none,False,not_covered,hype,demo
2101600825168773550,other_or_meta,unclear,measured_demo,cost,none,False,noise,noise,noise
2101678141898944864,other_or_meta,unclear,demo_no_numbers,none,none,False,noise,noise,noise
2101663804492787715,classification_routing_triage,task,measured_production,cost,frontier_llm,False,not_covered,cost_only,cost_only
2101588313731977589,other_or_meta,unclear,measured_demo,latency,frontier_llm,False,noise,noise,noise
2101575190350266756,evals_and_judging,interaction,demo_no_numbers,none,none,False,not_covered,unproven_demo,demo
2101586653777477790,other_or_meta,unclear,measured_demo,accuracy,none,False,noise,noise,noise
2101568907366785297,other_or_meta,unclear,measured_demo,latency,none,False,noise,noise,noise
2101479709175410713,agent_harness_and_tool_gating,task,demo_no_numbers,none,none,False,not_covered,unproven_demo,demo
2101684706320548027,browser_and_computer_use,task,demo_no_numbers,none,none,True,not_covered,unproven_demo,demo
2101679258179338407,classification_routing_triage,task,demo_no_numbers,none,frontier_llm,False,not_covered,hype,hype
2101740657614393560,trading_and_markets,interaction,measured_demo,latency,classic_classifier_or_ml,False,not_covered,cost_only,cost_only
2101798706429268037,moderation_and_guardrails,task,demo_no_numbers,cost,small_llm,False,not_covered,hype,hype
2101642427601981842,other_or_meta,unclear,demo_no_numbers,none,none,False,noise,noise,noise
2101545310120288346,other_or_meta,unclear,demo_no_numbers,none,none,False,noise,noise,noise
2101473101775315344,moderation_and_guardrails,task,demo_no_numbers,none,none,True,not_covered,unproven_demo,demo
2101469976930705493,data_and_telemetry,batch,demo_no_numbers,none,none,False,not_covered,unproven_demo,demo
2101598994673922381,classification_routing_triage,task,demo_no_numbers,none,none,False,not_covered,unproven_demo,demo
2101696699358216266,trading_and_markets,unclear,demo_no_numbers,none,none,False,not_covered,unproven_demo,demo
2101584423347220897,data_and_telemetry,batch,measured_demo,latency,frontier_llm,False,not_covered,cost_only,cost_only
2101588131153883329,games_control_loops_simulation,unclear,demo_no_numbers,none,none,False,not_covered,unproven_demo,demo
2101551468775924180,search_rerank_extraction,unclear,proposal_or_idea,none,none,False,not_covered,unproven_demo,demo
2101541946326208587,other_or_meta,unclear,demo_no_numbers,none,none,False,noise,noise,noise
2101599185657098272,games_control_loops_simulation,feel,measured_demo,capability,none,True,not_covered,material,fast_loop
2101806670351683787,data_and_telemetry,batch,demo_no_numbers,none,none,False,not_covered,unproven_demo,demo
2101681022849216606,other_or_meta,unclear,demo_no_numbers,none,none,False,noise,noise,noise
2101789037992247533,browser_and_computer_use,task,measured_demo,latency,frontier_llm,True,not_covered,cost_only,cost_only
2101684736163000690,compaction_and_context,task,measured_demo,latency,frontier_llm,False,not_covered,cost_only,cost_only
2101785634323280238,agent_harness_and_tool_gating,unclear,demo_no_numbers,none,none,False,not_covered,unproven_demo,demo
2101676306857644298,other_or_meta,unclear,measured_demo,none,none,False,noise,noise,noise
2101635039322595415,agent_harness_and_tool_gating,task,measured_demo,latency,none,False,not_covered,cost_only,cost_only
2101616133820526903,classification_routing_triage,interaction,demo_no_numbers,none,none,False,not_covered,unproven_demo,demo
2101791906178969673,evals_and_judging,task,measured_demo,accuracy,frontier_llm,False,not_covered,cost_only,cost_only
2101524281817739684,games_control_loops_simulation,feel,demo_no_numbers,none,none,True,not_covered,unproven_demo,demo
2101468251372781601,evals_and_judging,interaction,demo_no_numbers,capability,rules_or_regex,False,not_covered,hype,hype
2101474692783845870,other_or_meta,unclear,measured_demo,accuracy,none,False,noise,noise,noise
2101569173935534154,trading_and_markets,task,demo_no_numbers,none,none,True,not_covered,unproven_demo,demo
2101763817730437131,data_and_telemetry,batch,measured_demo,cost,none,False,not_covered,cost_only,cost_only
2101799242083995715,games_control_loops_simulation,feel,measured_demo,latency,none,True,not_covered,material,fast_loop
2101576456832721005,games_control_loops_simulation,feel,measured_demo,accuracy,none,True,not_covered,material,fast_loop
2101594038881456181,games_control_loops_simulation,feel,demo_no_numbers,none,none,True,not_covered,unproven_demo,demo
2101593203103187321,other_or_meta,unclear,measured_demo,cost,none,False,noise,noise,noise
2101499037291827232,agent_harness_and_tool_gating,task,proposal_or_idea,cost,none,False,not_covered,hype,hype
2101500043866083472,classification_routing_triage,batch,demo_no_numbers,none,none,False,not_covered,unproven_demo,demo
2101693095457005904,other_or_meta,unclear,demo_no_numbers,none,none,False,noise,noise,noise
2101764947000848845,classification_routing_triage,interaction,demo_no_numbers,none,none,False,not_covered,unproven_demo,demo
2101772210402893985,other_or_meta,unclear,demo_no_numbers,latency,none,False,noise,noise,noise
2101627546165301254,agent_harness_and_tool_gating,task,demo_no_numbers,none,none,False,not_covered,unproven_demo,demo
2101763487865389356,classification_routing_triage,interaction,demo_no_numbers,none,none,False,not_covered,unproven_demo,demo
2101750290399514667,games_control_loops_simulation,feel,demo_no_numbers,none,none,True,not_covered,unproven_demo,demo
2101708919970447703,games_control_loops_simulation,feel,measured_demo,cost,none,True,not_covered,material,fast_loop
2101488262594306175,search_rerank_extraction,interaction,demo_no_numbers,capability,frontier_llm,False,not_covered,hype,hype
2101476735497957683,classification_routing_triage,interaction,demo_no_numbers,none,none,False,not_covered,unproven_demo,demo
2101494302258131050,other_or_meta,unclear,demo_no_numbers,none,none,False,noise,noise,noise
2101572457626763299,compaction_and_context,task,measured_demo,cost,none,False,not_covered,cost_only,cost_only
2101490498376769599,classification_routing_triage,task,measured_demo,latency,none,False,not_covered,cost_only,cost_only
2101775907920969767,other_or_meta,unclear,demo_no_numbers,none,none,False,noise,noise,noise
2101553142802661706,classification_routing_triage,interaction,demo_no_numbers,capability,rules_or_regex,False,not_covered,hype,hype
2101583599946666178,evals_and_judging,task,demo_no_numbers,cost,none,False,not_covered,hype,hype
2101584931835261246,classification_routing_triage,task,demo_no_numbers,accuracy,none,False,not_covered,unproven_demo,hype
2101586939371524206,evals_and_judging,batch,measured_demo,accuracy,none,False,not_covered,cost_only,cost_only
2101491345412038657,games_control_loops_simulation,feel,demo_no_numbers,none,none,True,not_covered,unproven_demo,demo
2101627522324877541,other_or_meta,unclear,demo_no_numbers,none,none,False,noise,noise,noise
2101762669573235154,games_control_loops_simulation,feel,demo_no_numbers,cost,frontier_llm,True,hype,hype,hype
2101714171607822772,classification_routing_triage,task,measured_demo,accuracy,small_llm,False,cost_only,cost_only,cost_only
2101806676919890000,other_or_meta,batch,measured_demo,none,none,False,noise,noise,noise
2101593036660891804,classification_routing_triage,task,measured_demo,accuracy,frontier_llm,False,not_covered,cost_only,cost_only
2101590587552227710,classification_routing_triage,interaction,measured_demo,latency,frontier_llm,False,not_covered,cost_only,cost_only
2101561496417472786,search_rerank_extraction,interaction,demo_no_numbers,none,none,False,not_covered,unproven_demo,demo
2101477350663999521,evals_and_judging,batch,measured_demo,none,none,False,not_covered,cost_only,cost_only
2101706771781824588,classification_routing_triage,interaction,demo_no_numbers,none,none,False,not_covered,unproven_demo,demo
2101759484767219744,classification_routing_triage,task,demo_no_numbers,none,none,False,not_covered,unproven_demo,demo
2101508117737656559,search_rerank_extraction,interaction,demo_no_numbers,none,none,False,not_covered,unproven_demo,demo
2101470017258983482,moderation_and_guardrails,interaction,demo_no_numbers,none,none,False,not_covered,unproven_demo,demo
2101498769275826227,other_or_meta,unclear,demo_no_numbers,none,none,False,noise,noise,noise
2101806504416293202,agent_harness_and_tool_gating,interaction,measured_demo,latency,none,False,not_covered,cost_only,cost_only
2101742624587534719,evals_and_judging,batch,measured_demo,cost,none,False,not_covered,cost_only,cost_only
2101816740342903163,evals_and_judging,batch,measured_demo,accuracy,none,False,not_covered,cost_only,cost_only
2101530059463106854,browser_and_computer_use,task,measured_demo,cost,none,False,not_covered,cost_only,cost_only
2101532597863976966,classification_routing_triage,interaction,demo_no_numbers,capability,none,False,not_covered,hype,demo
2101591273794859486,classification_routing_triage,interaction,measured_demo,latency,none,True,material,material,material
2101483920655081534,data_and_telemetry,batch,measured_demo,latency,none,False,not_covered,cost_only,cost_only
2101570807415886077,browser_and_computer_use,task,demo_no_numbers,latency,none,True,not_covered,hype,hype
2101481483425010012,classification_routing_triage,batch,demo_no_numbers,none,none,False,not_covered,unproven_demo,demo
2101502126857785644,data_and_telemetry,batch,demo_no_numbers,none,none,False,not_covered,unproven_demo,demo
2101648191724949559,other_or_meta,unclear,demo_no_numbers,none,none,False,noise,noise,noise
2101800510844256368,games_control_loops_simulation,feel,measured_demo,latency,none,True,not_covered,material,fast_loop
2101717271760482805,other_or_meta,batch,measured_demo,cost,none,False,noise,noise,noise
2101735642501955861,search_rerank_extraction,batch,demo_no_numbers,none,none,False,not_covered,unproven_demo,demo
2101820466302259448,games_control_loops_simulation,feel,measured_demo,accuracy,none,True,not_covered,material,fast_loop
2101608817155080682,collaboration_and_typing,feel,demo_no_numbers,none,none,True,not_covered,unproven_demo,demo
2101815931030708533,classification_routing_triage,interaction,demo_no_numbers,latency,none,True,not_covered,hype,hype
2101591868375179387,other_or_meta,unclear,demo_no_numbers,none,none,False,noise,noise,noise
2101573768753578489,classification_routing_triage,batch,measured_demo,cost,none,False,not_covered,cost_only,cost_only
2101591461288423442,games_control_loops_simulation,feel,demo_no_numbers,none,none,True,not_covered,unproven_demo,demo
2101594757596131706,classification_routing_triage,task,demo_no_numbers,capability,none,False,not_covered,hype,demo
2101572713185685763,games_control_loops_simulation,feel,demo_no_numbers,none,none,True,not_covered,unproven_demo,demo
2101597624541540764,moderation_and_guardrails,interaction,measured_demo,cost,frontier_llm,False,not_covered,cost_only,cost_only
2101702931057607091,evals_and_judging,task,measured_demo,none,none,False,not_covered,cost_only,cost_only
2101771698949234747,search_rerank_extraction,interaction,demo_no_numbers,none,none,False,not_covered,unproven_demo,demo
2101629754571174059,moderation_and_guardrails,interaction,demo_no_numbers,none,none,False,not_covered,unproven_demo,demo
2101818523106619553,moderation_and_guardrails,interaction,demo_no_numbers,none,none,False,not_covered,unproven_demo,demo
2101505053249110157,classification_routing_triage,interaction,measured_demo,latency,none,False,not_covered,cost_only,cost_only
2101540543075385588,games_control_loops_simulation,feel,demo_no_numbers,none,none,True,not_covered,unproven_demo,demo
2101588968219590726,trading_and_markets,task,measured_demo,accuracy,classic_classifier_or_ml,False,not_covered,cost_only,cost_only
2101472682990518501,other_or_meta,unclear,demo_no_numbers,none,none,False,noise,noise,noise
2101593650593759260,classification_routing_triage,batch,measured_demo,accuracy,none,False,not_covered,cost_only,cost_only
2101565031108550702,other_or_meta,unclear,demo_no_numbers,capability,none,False,noise,noise,noise
2101717604012630105,other_or_meta,unclear,commentary_or_meme,none,none,False,noise,noise,noise
2101816676744405456,games_control_loops_simulation,feel,demo_no_numbers,none,small_llm,True,not_covered,unproven_demo,hype
2101592394206761293,evals_and_judging,unclear,demo_no_numbers,accuracy,frontier_llm,False,not_covered,hype,hype
2101590930075623905,browser_and_computer_use,interaction,demo_no_numbers,capability,none,True,not_covered,hype,demo
2101668846352650402,games_control_loops_simulation,batch,measured_demo,accuracy,none,False,not_covered,cost_only,cost_only
2101591954073305203,other_or_meta,unclear,demo_no_numbers,none,none,False,noise,noise,noise
2101499172700508164,games_control_loops_simulation,feel,demo_no_numbers,none,none,True,not_covered,unproven_demo,demo
2101752260514476203,agent_harness_and_tool_gating,task,measured_demo,latency,none,False,not_covered,cost_only,cost_only
2101591743775093138,trading_and_markets,task,demo_no_numbers,cost,frontier_llm,False,hype,hype,hype
2101574363770413311,other_or_meta,unclear,commentary_or_meme,cost,frontier_llm,False,noise,noise,noise
2101607957083435427,search_rerank_extraction,interaction,measured_production,latency,none,False,not_covered,cost_only,cost_only
2101588650257748059,other_or_meta,unclear,demo_no_numbers,capability,frontier_llm,False,noise,noise,noise
2101569905581851022,moderation_and_guardrails,interaction,demo_no_numbers,none,none,True,not_covered,unproven_demo,demo
2101595948455809265,data_and_telemetry,batch,demo_no_numbers,none,none,False,not_covered,unproven_demo,demo
2101787117294928038,classification_routing_triage,task,demo_no_numbers,none,none,False,not_covered,unproven_demo,demo
2101715333073547420,other_or_meta,unclear,commentary_or_meme,none,frontier_llm,False,noise,noise,noise
2101595466857345208,other_or_meta,unclear,demo_no_numbers,none,none,False,noise,noise,noise
2101594395799916616,classification_routing_triage,task,demo_no_numbers,accuracy,none,False,not_covered,unproven_demo,hype
2101594743344095426,other_or_meta,unclear,demo_no_numbers,none,none,False,noise,noise,noise
2101605513490243702,classification_routing_triage,batch,measured_demo,cost,none,False,not_covered,cost_only,cost_only
2101595413425864883,search_rerank_extraction,interaction,demo_no_numbers,capability,classic_classifier_or_ml,False,not_covered,hype,hype
2101563771282243702,evals_and_judging,interaction,demo_no_numbers,none,none,False,not_covered,unproven_demo,demo
2101589541433802926,other_or_meta,unclear,demo_no_numbers,none,none,False,noise,noise,noise
2101206603240477030,classification_routing_triage,batch,measured_demo,cost,none,False,not_covered,cost_only,cost_only
2101388186916454439,browser_and_computer_use,interaction,measured_demo,latency,none,True,material,material,material
2101320141065609294,trading_and_markets,task,measured_demo,none,none,True,not_covered,cost_only,cost_only
2101433560796467348,agent_harness_and_tool_gating,task,demo_no_numbers,cost,frontier_llm,False,hype,hype,hype
2101152089598791845,browser_and_computer_use,task,demo_no_numbers,latency,none,True,not_covered,hype,hype
2101176629745561686,classification_routing_triage,task,demo_no_numbers,none,none,False,not_covered,unproven_demo,demo
2101260322917306612,other_or_meta,unclear,demo_no_numbers,none,none,False,noise,noise,noise
2101174909942772045,other_or_meta,unclear,demo_no_numbers,capability,frontier_llm,False,noise,noise,noise
2101349181969535431,games_control_loops_simulation,feel,demo_no_numbers,none,none,True,not_covered,unproven_demo,demo
2101156959546450049,browser_and_computer_use,interaction,measured_demo,latency,frontier_llm,True,not_covered,cost_only,material_vs_frontier
2101198713834381716,search_rerank_extraction,interaction,measured_demo,latency,rules_or_regex,False,not_covered,cost_only,cost_only
2101398453578555898,compaction_and_context,unclear,demo_no_numbers,none,none,False,not_covered,unproven_demo,demo
2101130711067431018,data_and_telemetry,interaction,demo_no_numbers,accuracy,vendor_api,True,not_covered,unproven_demo,hype
2101367048223982065,browser_and_computer_use,interaction,demo_no_numbers,capability,frontier_llm,True,not_covered,hype,hype
2101344481400508459,trading_and_markets,feel,demo_no_numbers,none,none,True,not_covered,unproven_demo,demo
2101189571375493239,data_and_telemetry,batch,measured_demo,none,none,False,not_covered,cost_only,cost_only
2101210788489007561,evals_and_judging,interaction,demo_no_numbers,none,none,False,not_covered,unproven_demo,demo
2101184012899537092,classification_routing_triage,batch,measured_demo,cost,none,False,not_covered,cost_only,cost_only
2101446065526632473,collaboration_and_typing,interaction,demo_no_numbers,none,none,True,not_covered,unproven_demo,demo
2101428888874410069,other_or_meta,unclear,proposal_or_idea,capability,none,False,noise,noise,noise
2101199000728944703,games_control_loops_simulation,feel,demo_no_numbers,none,none,True,not_covered,unproven_demo,demo
2101249913099375058,moderation_and_guardrails,interaction,demo_no_numbers,none,none,False,not_covered,unproven_demo,demo
2101265909826609278,classification_routing_triage,task,measured_demo,cost,frontier_llm,False,not_covered,cost_only,cost_only
2101139914419290345,live_chat_streams_events,interaction,demo_no_numbers,none,none,True,not_covered,unproven_demo,demo
2101129152380153930,compaction_and_context,task,measured_demo,capability,none,False,not_covered,cost_only,cost_only
2101260711645372886,browser_and_computer_use,interaction,demo_no_numbers,none,none,True,not_covered,unproven_demo,demo
2101156068814667942,trading_and_markets,task,measured_demo,accuracy,none,True,not_covered,cost_only,cost_only
2101337282607550589,other_or_meta,unclear,demo_no_numbers,latency,none,False,noise,noise,noise
2101257759497089171,browser_and_computer_use,task,demo_no_numbers,none,none,True,not_covered,unproven_demo,demo
2101342939729306081,other_or_meta,unclear,demo_no_numbers,none,none,False,noise,noise,noise
2101231502038339798,data_and_telemetry,batch,measured_demo,cost,none,False,not_covered,cost_only,cost_only
2101310974359941332,games_control_loops_simulation,feel,demo_no_numbers,none,frontier_llm,True,not_covered,hype,hype
2101162590072357286,other_or_meta,unclear,demo_no_numbers,none,none,False,noise,noise,noise
2101223068580643172,agent_harness_and_tool_gating,task,demo_no_numbers,latency,none,False,not_covered,hype,hype
2101285853859545263,games_control_loops_simulation,interaction,demo_no_numbers,cost,none,True,not_covered,hype,hype
2101319684578795577,games_control_loops_simulation,feel,demo_no_numbers,none,none,True,not_covered,unproven_demo,demo
2101235341722317008,evals_and_judging,batch,measured_demo,accuracy,none,False,not_covered,cost_only,cost_only
2101341075684434245,search_rerank_extraction,batch,measured_demo,cost,none,False,not_covered,cost_only,cost_only
2101231206801027398,data_and_telemetry,batch,measured_demo,latency,none,False,not_covered,cost_only,cost_only
2101437008703009051,games_control_loops_simulation,feel,demo_no_numbers,none,none,True,not_covered,unproven_demo,demo
2101426969971916863,other_or_meta,unclear,measured_demo,latency,none,False,noise,noise,noise
2101375463210070361,other_or_meta,unclear,measured_demo,latency,none,False,noise,noise,noise
2101325703635435523,data_and_telemetry,batch,measured_demo,cost,frontier_llm,False,not_covered,cost_only,cost_only
2101387086691467629,search_rerank_extraction,batch,measured_demo,none,none,False,not_covered,cost_only,cost_only
2101315424247820309,other_or_meta,unclear,measured_demo,cost,none,False,noise,noise,noise
2101387371308875794,moderation_and_guardrails,interaction,measured_demo,cost,none,True,material,material,material
2101439340588974096,data_and_telemetry,batch,measured_demo,cost,none,False,not_covered,cost_only,cost_only
2101229558636986463,other_or_meta,batch,demo_no_numbers,none,none,False,noise,noise,noise
2101443311454036477,agent_harness_and_tool_gating,task,demo_no_numbers,capability,none,False,not_covered,hype,demo
2101284346640654362,other_or_meta,interaction,demo_no_numbers,none,none,False,noise,noise,noise
2101185855016886642,other_or_meta,unclear,demo_no_numbers,none,none,False,noise,noise,noise
2101321554130809156,classification_routing_triage,batch,demo_no_numbers,none,small_llm,False,not_covered,unproven_demo,hype
2101362956969922733,games_control_loops_simulation,feel,measured_demo,latency,frontier_llm,True,not_covered,cost_only,fast_loop
2101330997723955279,other_or_meta,interaction,demo_no_numbers,none,none,False,noise,noise,noise
2101451019284820098,live_chat_streams_events,interaction,demo_no_numbers,none,none,True,not_covered,unproven_demo,demo
2101149600044224698,games_control_loops_simulation,task,measured_demo,capability,frontier_llm,True,not_covered,cost_only,cost_only
2101199712015835148,other_or_meta,unclear,demo_no_numbers,none,none,False,noise,noise,noise
2101445977924370858,trading_and_markets,task,demo_no_numbers,capability,none,True,not_covered,hype,demo
2101166460534153250,browser_and_computer_use,task,measured_demo,accuracy,frontier_llm,True,not_covered,cost_only,cost_only
2101294260687409352,other_or_meta,unclear,demo_no_numbers,none,none,False,noise,noise,noise
2101182545375162648,agent_harness_and_tool_gating,task,demo_no_numbers,capability,none,False,not_covered,hype,demo
2101316543317684368,browser_and_computer_use,task,demo_no_numbers,capability,none,True,not_covered,hype,demo
2101293998879150566,classification_routing_triage,task,measured_demo,cost,frontier_llm,False,not_covered,cost_only,cost_only
2101133910919073892,trading_and_markets,interaction,demo_no_numbers,none,none,True,not_covered,unproven_demo,demo
2101362082369470675,data_and_telemetry,batch,measured_demo,cost,frontier_llm,False,not_covered,cost_only,cost_only
2101223164730847529,evals_and_judging,task,demo_no_numbers,capability,none,False,not_covered,hype,demo
2101176704312164717,games_control_loops_simulation,unclear,demo_no_numbers,none,frontier_llm,False,not_covered,hype,hype
2101124023375774073,other_or_meta,interaction,demo_no_numbers,capability,frontier_llm,False,noise,noise,noise
2101460638883315761,games_control_loops_simulation,feel,demo_no_numbers,none,none,True,not_covered,unproven_demo,demo
2101249966899654725,other_or_meta,unclear,commentary_or_meme,none,none,False,noise,noise,noise
2101393861667115437,search_rerank_extraction,batch,measured_demo,cost,frontier_llm,False,not_covered,cost_only,cost_only
2101353890532794667,browser_and_computer_use,task,demo_no_numbers,capability,frontier_llm,True,not_covered,hype,hype
2101218235920314823,agent_harness_and_tool_gating,task,measured_demo,accuracy,classic_classifier_or_ml,False,not_covered,cost_only,cost_only
2101337250533683502,agent_harness_and_tool_gating,task,demo_no_numbers,capability,none,False,not_covered,hype,demo
2101254577794490830,live_chat_streams_events,interaction,demo_no_numbers,none,none,True,not_covered,unproven_demo,demo
2101307857191006463,browser_and_computer_use,task,measured_demo,latency,frontier_llm,True,not_covered,cost_only,cost_only
2101268238516527343,games_control_loops_simulation,feel,measured_demo,cost,none,True,not_covered,material,fast_loop
2101281485596618892,other_or_meta,unclear,demo_no_numbers,none,none,False,noise,noise,noise
2101348194542084116,search_rerank_extraction,batch,measured_demo,latency,none,False,not_covered,cost_only,cost_only
2101155421268402243,agent_harness_and_tool_gating,task,demo_no_numbers,capability,none,False,not_covered,hype,demo
2101206586882720140,classification_routing_triage,task,measured_demo,cost,none,False,not_covered,cost_only,cost_only
2101446890071974173,agent_harness_and_tool_gating,task,demo_no_numbers,latency,none,True,not_covered,hype,hype
2101170044512370721,classification_routing_triage,batch,demo_no_numbers,capability,none,False,not_covered,hype,demo
2101396833247564054,other_or_meta,interaction,demo_no_numbers,accuracy,none,False,noise,noise,noise
2101299111681257926,games_control_loops_simulation,feel,demo_no_numbers,accuracy,rules_or_regex,True,not_covered,unproven_demo,hype
2101134954298032387,other_or_meta,unclear,demo_no_numbers,none,none,False,noise,noise,noise
2101330780702068969,live_chat_streams_events,interaction,demo_no_numbers,none,none,True,not_covered,unproven_demo,demo
2101291214377300230,other_or_meta,task,demo_no_numbers,none,none,False,noise,noise,noise
2101285278782824735,other_or_meta,unclear,measured_demo,capability,small_llm,False,noise,noise,noise
2101241236107542549,other_or_meta,unclear,demo_no_numbers,none,none,False,noise,noise,noise
2101165276532543813,other_or_meta,unclear,demo_no_numbers,capability,none,False,noise,noise,noise
2101321056946446364,moderation_and_guardrails,interaction,measured_demo,latency,none,True,material,material,material
2101137135663554653,games_control_loops_simulation,feel,demo_no_numbers,none,none,True,not_covered,unproven_demo,demo
2101342588368511048,games_control_loops_simulation,feel,measured_demo,latency,none,True,not_covered,material,fast_loop
2101148381913727044,games_control_loops_simulation,feel,measured_demo,none,none,True,not_covered,material,fast_loop
2101325874201325884,collaboration_and_typing,feel,demo_no_numbers,latency,none,True,not_covered,hype,hype
2101294444855050738,agent_harness_and_tool_gating,task,demo_no_numbers,none,none,False,not_covered,unproven_demo,demo
2101176218477604974,evals_and_judging,batch,measured_demo,cost,none,False,not_covered,cost_only,cost_only
2101245396039131631,classification_routing_triage,task,demo_no_numbers,none,none,False,not_covered,unproven_demo,demo
2101177504685822361,other_or_meta,unclear,demo_no_numbers,none,none,False,noise,noise,noise
2101211508286079225,live_chat_streams_events,interaction,demo_no_numbers,latency,none,True,not_covered,hype,hype
2101276366855676227,classification_routing_triage,task,measured_demo,accuracy,none,False,not_covered,cost_only,cost_only
2101420476773912664,data_and_telemetry,batch,measured_demo,cost,none,False,not_covered,cost_only,cost_only
2101233036218298650,data_and_telemetry,batch,measured_demo,cost,frontier_llm,False,not_covered,cost_only,cost_only
2101304951620145454,data_and_telemetry,batch,demo_no_numbers,capability,none,False,not_covered,hype,demo
2101332171525165541,other_or_meta,unclear,demo_no_numbers,none,none,False,noise,noise,noise
2101104999615066445,games_control_loops_simulation,feel,demo_no_numbers,none,none,True,not_covered,unproven_demo,demo
2101354623319626153,agent_harness_and_tool_gating,task,demo_no_numbers,capability,none,True,not_covered,hype,demo
2101196168323875102,other_or_meta,unclear,demo_no_numbers,none,none,False,noise,noise,noise
2101289895624917076,data_and_telemetry,batch,measured_demo,cost,none,False,not_covered,cost_only,cost_only
2101315373366906895,search_rerank_extraction,task,measured_demo,accuracy,none,False,not_covered,cost_only,cost_only
2101236210563985622,agent_harness_and_tool_gating,task,demo_no_numbers,none,none,True,not_covered,unproven_demo,demo
2101330623998886019,moderation_and_guardrails,interaction,demo_no_numbers,accuracy,none,False,not_covered,unproven_demo,hype
2101413427948519740,classification_routing_triage,task,demo_no_numbers,capability,frontier_llm,False,not_covered,hype,hype
2101300938040574218,collaboration_and_typing,feel,demo_no_numbers,none,none,True,not_covered,unproven_demo,demo
2101417298728792134,search_rerank_extraction,task,measured_demo,accuracy,classic_classifier_or_ml,False,not_covered,cost_only,cost_only
2101389998608281849,search_rerank_extraction,task,measured_demo,cost,frontier_llm,False,not_covered,cost_only,cost_only
2101232538413105565,browser_and_computer_use,task,demo_no_numbers,capability,frontier_llm,True,not_covered,hype,hype
2101228302342176877,classification_routing_triage,task,measured_demo,latency,frontier_llm,False,not_covered,cost_only,cost_only
2101233692844695998,classification_routing_triage,task,demo_no_numbers,accuracy,none,False,not_covered,unproven_demo,hype
2101212248954065184,other_or_meta,unclear,measured_demo,latency,frontier_llm,False,noise,noise,noise
2101191780268220764,games_control_loops_simulation,feel,demo_no_numbers,none,none,True,not_covered,unproven_demo,demo
2101434790885142600,agent_harness_and_tool_gating,task,demo_no_numbers,capability,none,False,not_covered,hype,demo
2101106826972422270,search_rerank_extraction,task,demo_no_numbers,latency,none,False,not_covered,hype,hype
2101388316541173982,browser_and_computer_use,task,demo_no_numbers,cost,none,True,not_covered,hype,hype
2101192105398083727,browser_and_computer_use,task,demo_no_numbers,none,frontier_llm,False,not_covered,hype,hype
2101394993957274021,voice_and_turn_taking,turn,measured_demo,accuracy,frontier_llm,True,not_covered,cost_only,material_vs_frontier
2101154217151049923,agent_harness_and_tool_gating,task,demo_no_numbers,cost,none,False,not_covered,hype,hype
2101459218901737709,games_control_loops_simulation,feel,measured_demo,cost,frontier_llm,True,not_covered,cost_only,fast_loop
2101323323947049288,classification_routing_triage,batch,measured_demo,cost,none,False,not_covered,cost_only,cost_only
2101321644782633414,moderation_and_guardrails,unclear,demo_no_numbers,none,none,False,not_covered,unproven_demo,demo
2101294352790348072,other_or_meta,unclear,demo_no_numbers,latency,none,False,noise,noise,noise
2101456270909690202,agent_harness_and_tool_gating,task,measured_demo,cost,frontier_llm,False,not_covered,cost_only,cost_only
2101396335899398237,search_rerank_extraction,batch,demo_no_numbers,cost,frontier_llm,False,hype,hype,hype
2101143460342579331,other_or_meta,unclear,commentary_or_meme,none,none,False,noise,noise,noise
2101309103402623365,other_or_meta,unclear,measured_demo,accuracy,frontier_llm,False,noise,noise,noise
2101300009413361972,games_control_loops_simulation,feel,measured_demo,cost,none,True,not_covered,material,fast_loop
2101191491989148119,other_or_meta,interaction,demo_no_numbers,latency,none,False,noise,noise,noise
2101181875889037363,moderation_and_guardrails,interaction,demo_no_numbers,none,none,False,not_covered,unproven_demo,demo
2101256555668836843,games_control_loops_simulation,feel,demo_no_numbers,none,none,True,not_covered,unproven_demo,demo
2101203274418520379,data_and_telemetry,batch,measured_demo,cost,frontier_llm,False,not_covered,cost_only,cost_only
2101326792715915634,classification_routing_triage,unclear,demo_no_numbers,none,frontier_llm,False,not_covered,hype,hype
2101213026204401921,classification_routing_triage,batch,measured_demo,accuracy,frontier_llm,False,not_covered,cost_only,cost_only
2101256485464383783,games_control_loops_simulation,feel,demo_no_numbers,capability,none,True,not_covered,hype,demo
2101134552005828803,data_and_telemetry,batch,measured_demo,cost,frontier_llm,False,not_covered,cost_only,cost_only
2101156721074774115,classification_routing_triage,unclear,measured_demo,accuracy,classic_classifier_or_ml,False,not_covered,cost_only,cost_only
2101404670488875042,other_or_meta,batch,measured_demo,accuracy,classic_classifier_or_ml,False,noise,noise,noise
2101211342678180236,live_chat_streams_events,interaction,demo_no_numbers,none,none,True,not_covered,unproven_demo,demo
2101247727816651102,games_control_loops_simulation,feel,demo_no_numbers,capability,none,True,not_covered,hype,demo
2101384374646448281,classification_routing_triage,batch,measured_demo,cost,none,False,not_covered,cost_only,cost_only
2101242344322572627,agent_harness_and_tool_gating,task,demo_no_numbers,capability,small_llm,False,not_covered,hype,hype
2101285313079558556,search_rerank_extraction,batch,demo_no_numbers,none,none,False,not_covered,unproven_demo,demo
2101302619759411708,other_or_meta,unclear,demo_no_numbers,none,none,False,noise,noise,noise
2101193127847506257,games_control_loops_simulation,feel,measured_demo,cost,none,True,not_covered,material,fast_loop
2101294513507451268,classification_routing_triage,task,demo_no_numbers,none,none,False,not_covered,unproven_demo,demo
2101302017301909810,classification_routing_triage,task,demo_no_numbers,capability,none,True,not_covered,hype,demo
2101255662970028065,agent_harness_and_tool_gating,task,demo_no_numbers,none,none,True,not_covered,unproven_demo,demo
2101344345857069558,search_rerank_extraction,task,demo_no_numbers,capability,rules_or_regex,False,not_covered,hype,hype
2101171958335643750,moderation_and_guardrails,interaction,measured_demo,cost,none,False,not_covered,cost_only,cost_only
2101404411306061898,other_or_meta,unclear,demo_no_numbers,none,none,False,noise,noise,noise
2101232843276128681,browser_and_computer_use,task,demo_no_numbers,none,none,False,not_covered,unproven_demo,demo
2101319848152502572,games_control_loops_simulation,feel,demo_no_numbers,none,none,True,not_covered,unproven_demo,demo
2101363028692545822,classification_routing_triage,batch,measured_demo,cost,none,False,not_covered,cost_only,cost_only
2101359500934734260,agent_harness_and_tool_gating,task,demo_no_numbers,cost,none,False,not_covered,hype,hype
2101136036990734755,other_or_meta,interaction,demo_no_numbers,capability,none,True,noise,noise,noise
2101390628789625060,games_control_loops_simulation,feel,measured_demo,latency,none,True,not_covered,material,fast_loop
2101455538043212139,other_or_meta,unclear,demo_no_numbers,none,none,False,noise,noise,noise
2101212374955106378,other_or_meta,unclear,demo_no_numbers,none,none,False,noise,noise,noise
2101389360864129359,classification_routing_triage,task,measured_demo,cost,none,False,not_covered,cost_only,cost_only
2101241514492092666,moderation_and_guardrails,interaction,demo_no_numbers,none,none,True,not_covered,unproven_demo,demo
2101337432587427842,compaction_and_context,unclear,demo_no_numbers,none,none,False,not_covered,unproven_demo,demo
2101374009669571045,other_or_meta,unclear,commentary_or_meme,cost,frontier_llm,False,noise,noise,noise
2101259359682756769,other_or_meta,interaction,demo_no_numbers,none,none,False,noise,noise,noise
2101266427529564459,games_control_loops_simulation,feel,measured_demo,latency,none,True,not_covered,material,fast_loop
2101445107941613824,other_or_meta,batch,measured_demo,cost,none,False,noise,noise,noise
2101162940770419129,other_or_meta,unclear,measured_demo,cost,none,False,noise,noise,noise
2101333813842620522,evals_and_judging,task,demo_no_numbers,none,none,False,not_covered,unproven_demo,demo
2101450485438017815,browser_and_computer_use,task,demo_no_numbers,none,none,True,not_covered,unproven_demo,demo
2101170305536524417,moderation_and_guardrails,interaction,demo_no_numbers,none,none,False,not_covered,unproven_demo,demo
2101254668571877438,other_or_meta,unclear,measured_demo,accuracy,none,False,noise,noise,noise
2101391893414465621,classification_routing_triage,task,measured_demo,cost,none,False,not_covered,cost_only,cost_only
2101269589715746833,moderation_and_guardrails,task,demo_no_numbers,capability,rules_or_regex,False,not_covered,hype,hype
2101428297062330489,data_and_telemetry,task,measured_demo,latency,none,False,not_covered,cost_only,cost_only
2101209529681654118,voice_and_turn_taking,turn,demo_no_numbers,latency,none,True,not_covered,hype,hype
2101135945122906350,search_rerank_extraction,interaction,demo_no_numbers,none,none,False,not_covered,unproven_demo,demo
2101141892067156219,games_control_loops_simulation,feel,measured_demo,accuracy,frontier_llm,True,not_covered,cost_only,fast_loop
2101297201469079564,moderation_and_guardrails,interaction,measured_demo,latency,small_llm,True,not_covered,cost_only,cost_only
2101135254849515776,classification_routing_triage,interaction,demo_no_numbers,none,none,False,not_covered,unproven_demo,demo
2101299396411637842,classification_routing_triage,interaction,demo_no_numbers,none,none,False,not_covered,unproven_demo,demo
2101106092897923163,search_rerank_extraction,batch,measured_demo,cost,none,False,not_covered,cost_only,cost_only
2101330437658362038,trading_and_markets,task,measured_demo,latency,frontier_llm,True,not_covered,cost_only,cost_only
2101155598926778552,evals_and_judging,interaction,demo_no_numbers,none,none,False,not_covered,unproven_demo,demo
2101099929905299870,games_control_loops_simulation,feel,demo_no_numbers,none,none,True,not_covered,unproven_demo,demo
2101280082102821045,other_or_meta,interaction,demo_no_numbers,none,none,False,noise,noise,noise
2101299285669425485,classification_routing_triage,batch,measured_demo,cost,rules_or_regex,False,not_covered,cost_only,cost_only
2101323791569727804,search_rerank_extraction,interaction,demo_no_numbers,none,none,False,not_covered,unproven_demo,demo
2101444816395514114,classification_routing_triage,batch,demo_no_numbers,none,none,False,not_covered,unproven_demo,demo
2101419433415581797,agent_harness_and_tool_gating,task,demo_no_numbers,capability,none,True,not_covered,hype,demo
2101256399917560166,other_or_meta,unclear,demo_no_numbers,none,none,False,noise,noise,noise
2101174185209000436,search_rerank_extraction,task,demo_no_numbers,none,none,False,not_covered,unproven_demo,demo
2101447233745117466,games_control_loops_simulation,feel,demo_no_numbers,none,none,True,not_covered,unproven_demo,demo
2101176408584098146,games_control_loops_simulation,feel,demo_no_numbers,capability,frontier_llm,True,not_covered,hype,hype
2101258342534692910,data_and_telemetry,batch,proposal_or_idea,none,none,False,not_covered,unproven_demo,demo
2101317543843491858,moderation_and_guardrails,interaction,demo_no_numbers,none,none,True,not_covered,unproven_demo,demo
2101135833499897915,games_control_loops_simulation,feel,demo_no_numbers,none,none,True,not_covered,unproven_demo,demo
2101141744452841777,search_rerank_extraction,batch,measured_demo,latency,none,False,not_covered,cost_only,cost_only
2101343496879714382,data_and_telemetry,batch,demo_no_numbers,capability,none,False,not_covered,hype,demo
2101149562274562475,classification_routing_triage,interaction,demo_no_numbers,none,none,False,not_covered,unproven_demo,demo
2101431328365535695,browser_and_computer_use,interaction,measured_demo,latency,none,True,material,material,material
2101421682703352218,trading_and_markets,batch,measured_demo,cost,none,False,not_covered,cost_only,cost_only
2101344360323293682,games_control_loops_simulation,feel,demo_no_numbers,none,none,True,not_covered,unproven_demo,demo
2101253528501027128,search_rerank_extraction,batch,measured_demo,none,none,False,not_covered,cost_only,cost_only
2101259333673836866,games_control_loops_simulation,frame,measured_demo,latency,none,True,not_covered,material,fast_loop
2101316231466991755,voice_and_turn_taking,turn,demo_no_numbers,none,none,True,not_covered,unproven_demo,demo
2101118529936519453,classification_routing_triage,task,measured_demo,cost,frontier_llm,False,not_covered,cost_only,cost_only
2101152108858704107,search_rerank_extraction,interaction,measured_demo,latency,none,False,not_covered,cost_only,cost_only
2101393722730553807,games_control_loops_simulation,feel,demo_no_numbers,none,none,True,not_covered,unproven_demo,demo
2101319128229577210,search_rerank_extraction,interaction,demo_no_numbers,latency,none,False,not_covered,hype,hype
2101202979185672626,games_control_loops_simulation,feel,demo_no_numbers,none,none,True,not_covered,unproven_demo,demo
2101357657131233396,games_control_loops_simulation,feel,demo_no_numbers,none,none,True,not_covered,unproven_demo,demo
2101306090931585100,classification_routing_triage,batch,measured_demo,latency,frontier_llm,False,not_covered,cost_only,cost_only
2101174948416848376,evals_and_judging,task,demo_no_numbers,none,none,False,not_covered,unproven_demo,demo
2101173778550268189,other_or_meta,unclear,demo_no_numbers,none,none,False,noise,noise,noise
2101263333374701631,browser_and_computer_use,task,measured_demo,latency,none,False,not_covered,cost_only,cost_only
2101422210275762363,games_control_loops_simulation,feel,measured_demo,latency,none,True,not_covered,material,fast_loop
2101259309506277704,other_or_meta,unclear,demo_no_numbers,none,none,False,noise,noise,noise
2101145304321995212,classification_routing_triage,batch,demo_no_numbers,none,none,False,not_covered,unproven_demo,demo
2101274250141446612,evals_and_judging,batch,measured_demo,cost,none,False,not_covered,cost_only,cost_only
2101233217764569154,evals_and_judging,task,measured_demo,cost,frontier_llm,False,not_covered,cost_only,cost_only
2101150220935700497,other_or_meta,unclear,demo_no_numbers,none,none,False,noise,noise,noise
2101186415891734728,games_control_loops_simulation,task,demo_no_numbers,none,frontier_llm,True,not_covered,hype,hype
2101178556940423673,classification_routing_triage,task,demo_no_numbers,accuracy,frontier_llm,False,not_covered,hype,hype
2101414760323436669,moderation_and_guardrails,interaction,demo_no_numbers,capability,none,False,not_covered,hype,demo
2101250607038464221,other_or_meta,unclear,demo_no_numbers,capability,none,False,noise,noise,noise
2101239322749915587,other_or_meta,unclear,demo_no_numbers,none,none,False,noise,noise,noise
2101393990944014588,trading_and_markets,task,measured_demo,latency,frontier_llm,True,not_covered,cost_only,cost_only
2101236853844377911,search_rerank_extraction,interaction,demo_no_numbers,capability,none,False,not_covered,hype,demo
2101435209774219381,agent_harness_and_tool_gating,task,measured_demo,cost,none,False,not_covered,cost_only,cost_only
2101282209256595463,other_or_meta,unclear,demo_no_numbers,none,none,False,noise,noise,noise
2101329544800075877,search_rerank_extraction,batch,demo_no_numbers,none,none,False,not_covered,unproven_demo,demo
2101152038520529229,games_control_loops_simulation,feel,demo_no_numbers,none,none,True,not_covered,unproven_demo,demo
2101102181193785441,agent_harness_and_tool_gating,task,demo_no_numbers,none,none,False,not_covered,unproven_demo,demo
2101109304296427622,other_or_meta,unclear,measured_demo,accuracy,none,False,noise,noise,noise
2101389575868580099,agent_harness_and_tool_gating,task,measured_demo,latency,none,False,not_covered,cost_only,cost_only
2101326748441039348,search_rerank_extraction,unclear,demo_no_numbers,none,none,False,not_covered,unproven_demo,demo
2101160927718781084,other_or_meta,unclear,demo_no_numbers,none,none,False,noise,noise,noise
2101365801487880590,other_or_meta,unclear,measured_demo,accuracy,none,False,noise,noise,noise
2101263232199713014,voice_and_turn_taking,turn,demo_no_numbers,latency,none,True,not_covered,hype,hype
2101306946443984960,search_rerank_extraction,task,demo_no_numbers,latency,none,False,not_covered,hype,hype
2101459710926880969,other_or_meta,batch,measured_demo,latency,none,False,noise,noise,noise
2101317891295453608,other_or_meta,batch,proposal_or_idea,cost,frontier_llm,False,noise,noise,noise
2101429151219823022,classification_routing_triage,interaction,demo_no_numbers,none,none,False,not_covered,unproven_demo,demo
2101372526513336330,classification_routing_triage,task,measured_demo,latency,frontier_llm,False,not_covered,cost_only,cost_only
2101168720039035359,agent_harness_and_tool_gating,task,demo_no_numbers,none,none,False,not_covered,unproven_demo,demo
2101107781227147679,other_or_meta,interaction,measured_demo,latency,none,False,noise,noise,noise
2101353866725925083,other_or_meta,unclear,commentary_or_meme,none,frontier_llm,False,noise,noise,noise
2101317396049064173,games_control_loops_simulation,feel,demo_no_numbers,none,none,True,not_covered,unproven_demo,demo
2101311698217177385,other_or_meta,batch,measured_demo,cost,none,False,noise,noise,noise
2101303232878235912,trading_and_markets,task,measured_demo,accuracy,none,False,not_covered,cost_only,cost_only
2101199688410312950,moderation_and_guardrails,interaction,demo_no_numbers,latency,frontier_llm,True,hype,hype,hype
2101182341981077954,games_control_loops_simulation,feel,measured_demo,latency,none,True,not_covered,material,fast_loop
2101207939428258013,classification_routing_triage,task,demo_no_numbers,none,none,False,not_covered,unproven_demo,demo
2101443211591848259,classification_routing_triage,task,demo_no_numbers,none,none,False,not_covered,unproven_demo,demo
2101196231355830727,games_control_loops_simulation,feel,demo_no_numbers,latency,none,True,not_covered,hype,hype
2101403967150321745,other_or_meta,unclear,commentary_or_meme,none,none,True,noise,noise,noise
2101347270314614963,live_chat_streams_events,interaction,measured_demo,cost,none,True,material,material,material
2101186822726451329,games_control_loops_simulation,feel,demo_no_numbers,accuracy,none,True,not_covered,unproven_demo,hype
2101318933072715870,games_control_loops_simulation,feel,demo_no_numbers,none,none,True,not_covered,unproven_demo,demo
2101345323343913454,evals_and_judging,interaction,demo_no_numbers,none,none,False,not_covered,unproven_demo,demo
2101229393079111800,games_control_loops_simulation,feel,demo_no_numbers,latency,frontier_llm,True,hype,hype,hype
2101147509683065056,evals_and_judging,task,demo_no_numbers,none,none,False,not_covered,unproven_demo,demo
2101131295061385718,moderation_and_guardrails,interaction,demo_no_numbers,none,none,False,not_covered,unproven_demo,demo
2101106752880341079,other_or_meta,unclear,demo_no_numbers,none,none,False,noise,noise,noise
2101344965469389091,other_or_meta,unclear,demo_no_numbers,capability,rules_or_regex,False,noise,noise,noise
2101172612416348575,classification_routing_triage,batch,measured_demo,accuracy,none,False,not_covered,cost_only,cost_only
2101422385547088082,trading_and_markets,task,demo_no_numbers,none,none,False,not_covered,unproven_demo,demo
2101343304856023424,moderation_and_guardrails,interaction,demo_no_numbers,latency,none,True,not_covered,hype,hype
2101398717370671350,classification_routing_triage,interaction,demo_no_numbers,accuracy,classic_classifier_or_ml,False,not_covered,unproven_demo,hype
2101454809878741498,compaction_and_context,task,demo_no_numbers,none,none,False,not_covered,unproven_demo,demo
2101150667196760346,trading_and_markets,task,demo_no_numbers,none,none,True,not_covered,unproven_demo,demo
2101309585370095735,search_rerank_extraction,interaction,demo_no_numbers,none,none,False,not_covered,unproven_demo,demo
2101129236815946209,other_or_meta,batch,measured_demo,accuracy,classic_classifier_or_ml,False,noise,noise,noise
2101448014896505003,other_or_meta,unclear,demo_no_numbers,none,none,False,noise,noise,noise
2101377035994382357,classification_routing_triage,batch,measured_demo,none,none,False,not_covered,cost_only,cost_only
2101257472019488976,data_and_telemetry,batch,demo_no_numbers,none,none,False,not_covered,unproven_demo,demo
2101316586392928544,voice_and_turn_taking,turn,measured_demo,accuracy,vendor_api,True,not_covered,cost_only,cost_only
2101303124921356682,games_control_loops_simulation,feel,demo_no_numbers,none,none,True,not_covered,unproven_demo,demo
2101332990978600992,agent_harness_and_tool_gating,task,demo_no_numbers,none,none,False,not_covered,unproven_demo,demo
2101209823790711161,other_or_meta,unclear,measured_demo,latency,none,False,noise,noise,noise
2101131448636023058,classification_routing_triage,task,measured_demo,cost,frontier_llm,False,not_covered,cost_only,cost_only
2101132929220964474,games_control_loops_simulation,feel,demo_no_numbers,none,none,True,not_covered,unproven_demo,demo
2101312284308172803,search_rerank_extraction,interaction,measured_demo,cost,none,False,not_covered,cost_only,cost_only
2101340023614578889,evals_and_judging,interaction,measured_demo,latency,none,False,not_covered,cost_only,cost_only
2101155796889293232,moderation_and_guardrails,batch,measured_demo,cost,none,False,not_covered,cost_only,cost_only
2101126279022211135,other_or_meta,unclear,demo_no_numbers,none,none,False,noise,noise,noise
2101190444344328280,agent_harness_and_tool_gating,task,demo_no_numbers,none,none,False,not_covered,unproven_demo,demo
2101196171243098435,games_control_loops_simulation,feel,demo_no_numbers,none,none,True,not_covered,unproven_demo,demo
2101414345096012228,games_control_loops_simulation,feel,demo_no_numbers,none,none,True,not_covered,unproven_demo,demo
2101131296881992141,games_control_loops_simulation,feel,demo_no_numbers,none,none,True,not_covered,unproven_demo,demo
2101178177863500076,other_or_meta,unclear,commentary_or_meme,none,none,False,noise,noise,noise
2101274249319395357,other_or_meta,unclear,demo_no_numbers,none,none,False,noise,noise,noise
2101105660066967951,games_control_loops_simulation,feel,demo_no_numbers,capability,small_llm,True,not_covered,hype,hype
2101217336800034866,browser_and_computer_use,task,demo_no_numbers,none,none,False,not_covered,unproven_demo,demo
2101320127992189080,other_or_meta,unclear,demo_no_numbers,none,none,False,noise,noise,noise
2101372265963110530,other_or_meta,unclear,demo_no_numbers,none,none,False,noise,noise,noise
2101380521687171281,classification_routing_triage,interaction,demo_no_numbers,none,none,False,not_covered,unproven_demo,demo
2101132105342443725,classification_routing_triage,interaction,demo_no_numbers,none,small_llm,True,not_covered,unproven_demo,hype
2101125010857283983,classification_routing_triage,task,measured_demo,accuracy,small_llm,False,cost_only,cost_only,cost_only
2101396850318479825,moderation_and_guardrails,interaction,demo_no_numbers,none,rules_or_regex,False,not_covered,unproven_demo,hype
2101301137295208578,games_control_loops_simulation,feel,demo_no_numbers,capability,none,True,not_covered,hype,demo
2101281302175785463,other_or_meta,unclear,commentary_or_meme,none,none,False,noise,noise,noise
2101235833055686679,games_control_loops_simulation,feel,demo_no_numbers,none,none,True,not_covered,unproven_demo,demo
2101372868961427803,other_or_meta,unclear,demo_no_numbers,none,none,False,noise,noise,noise
2101449255668113785,agent_harness_and_tool_gating,task,demo_no_numbers,capability,none,False,not_covered,hype,demo
2101380541215821857,classification_routing_triage,interaction,measured_demo,latency,small_llm,True,not_covered,cost_only,cost_only
2101293614378926361,other_or_meta,unclear,demo_no_numbers,none,none,False,noise,noise,noise
2101249132669350186,agent_harness_and_tool_gating,task,demo_no_numbers,capability,none,False,not_covered,hype,demo
2101275955788423395,evals_and_judging,task,measured_demo,cost,none,False,not_covered,cost_only,cost_only
2101311544743362845,agent_harness_and_tool_gating,task,demo_no_numbers,capability,none,False,not_covered,hype,demo
2101441810354864392,other_or_meta,unclear,demo_no_numbers,none,none,False,noise,noise,noise
2101296574546739396,other_or_meta,unclear,demo_no_numbers,none,none,False,noise,noise,noise
2101342591086452755,games_control_loops_simulation,feel,measured_demo,latency,none,True,not_covered,material,fast_loop
2101203645551567217,games_control_loops_simulation,feel,demo_no_numbers,capability,none,True,not_covered,hype,demo
2101242687055864088,trading_and_markets,task,demo_no_numbers,none,none,True,not_covered,unproven_demo,demo
2101261489265070315,other_or_meta,unclear,commentary_or_meme,none,none,False,noise,noise,noise
2101279339996168334,search_rerank_extraction,batch,measured_demo,cost,none,False,not_covered,cost_only,cost_only
2101389934095450401,trading_and_markets,task,measured_demo,cost,none,False,not_covered,cost_only,cost_only
2101353740297031840,classification_routing_triage,batch,measured_demo,cost,none,False,not_covered,cost_only,cost_only
2101230637311201509,evals_and_judging,unclear,demo_no_numbers,none,none,False,not_covered,unproven_demo,demo
2101397608224940066,search_rerank_extraction,task,demo_no_numbers,none,none,False,not_covered,unproven_demo,demo
2101335665724305795,classification_routing_triage,interaction,measured_demo,accuracy,rules_or_regex,True,not_covered,material,material
2101264259846205603,games_control_loops_simulation,feel,demo_no_numbers,none,none,True,not_covered,unproven_demo,demo
2101339313870889028,trading_and_markets,task,measured_demo,latency,frontier_llm,True,not_covered,cost_only,cost_only
2101395778686312726,other_or_meta,interaction,measured_demo,latency,none,True,noise,noise,noise
2101302879801975009,other_or_meta,unclear,demo_no_numbers,none,none,False,noise,noise,noise
2101422916026212589,games_control_loops_simulation,feel,demo_no_numbers,none,none,True,not_covered,unproven_demo,demo
2101320048304607341,classification_routing_triage,task,demo_no_numbers,accuracy,none,False,not_covered,unproven_demo,hype
2101369844230758403,search_rerank_extraction,interaction,measured_demo,latency,frontier_llm,True,not_covered,cost_only,material_vs_frontier
2101342671034019972,other_or_meta,unclear,demo_no_numbers,none,none,False,noise,noise,noise
2101346920992039415,agent_harness_and_tool_gating,task,demo_no_numbers,capability,none,False,not_covered,hype,demo
2101407992113410384,search_rerank_extraction,task,measured_demo,cost,frontier_llm,False,not_covered,cost_only,cost_only
2101351914210574734,games_control_loops_simulation,feel,demo_no_numbers,none,none,True,not_covered,unproven_demo,demo
2101392678717907276,agent_harness_and_tool_gating,task,demo_no_numbers,none,none,False,not_covered,unproven_demo,demo
2101326956528800102,data_and_telemetry,batch,demo_no_numbers,none,none,False,not_covered,unproven_demo,demo
2101360891703017785,trading_and_markets,task,measured_demo,cost,frontier_llm,True,not_covered,cost_only,cost_only
2101333059052372442,classification_routing_triage,batch,demo_no_numbers,cost,none,False,not_covered,hype,hype
2101352251847831776,other_or_meta,unclear,measured_demo,latency,frontier_llm,False,noise,noise,noise
2101344575621365958,moderation_and_guardrails,interaction,demo_no_numbers,none,none,True,not_covered,unproven_demo,demo
2101130463037530229,games_control_loops_simulation,feel,demo_no_numbers,capability,none,True,not_covered,hype,demo
2101264479870685518,agent_harness_and_tool_gating,task,demo_no_numbers,none,none,False,not_covered,unproven_demo,demo
2101385158519828752,trading_and_markets,task,measured_demo,accuracy,none,True,not_covered,cost_only,cost_only
2101143337478836293,other_or_meta,interaction,measured_demo,accuracy,frontier_llm,False,noise,noise,noise
2101115419449077974,classification_routing_triage,batch,demo_no_numbers,none,none,False,not_covered,unproven_demo,demo
2101212568249602287,other_or_meta,interaction,demo_no_numbers,latency,frontier_llm,True,noise,noise,noise
2101368226911232406,browser_and_computer_use,task,demo_no_numbers,capability,small_llm,True,not_covered,hype,hype
2101198798982672537,classification_routing_triage,task,demo_no_numbers,none,none,False,not_covered,unproven_demo,demo
2101194008156627056,search_rerank_extraction,interaction,demo_no_numbers,latency,none,False,not_covered,hype,hype
2101144295524679785,data_and_telemetry,batch,measured_demo,accuracy,none,False,not_covered,cost_only,cost_only
2101401201057153086,data_and_telemetry,batch,measured_demo,latency,frontier_llm,False,not_covered,cost_only,cost_only
2101285134259589262,classification_routing_triage,interaction,measured_demo,latency,none,False,not_covered,cost_only,cost_only
2101113424444834059,other_or_meta,unclear,commentary_or_meme,none,none,False,noise,noise,noise
2101268411019915435,other_or_meta,unclear,demo_no_numbers,none,none,False,noise,noise,noise
2101252969198956955,evals_and_judging,task,demo_no_numbers,capability,none,False,not_covered,hype,demo
2101285709583925324,agent_harness_and_tool_gating,task,demo_no_numbers,none,none,False,not_covered,unproven_demo,demo
2101125771821760527,other_or_meta,unclear,demo_no_numbers,capability,none,False,noise,noise,noise
2101164388057292801,search_rerank_extraction,interaction,demo_no_numbers,none,none,False,not_covered,unproven_demo,demo
2101113353196466547,games_control_loops_simulation,feel,demo_no_numbers,none,none,True,not_covered,unproven_demo,demo
2101159378560684252,agent_harness_and_tool_gating,task,demo_no_numbers,none,none,False,not_covered,unproven_demo,demo
2101192254455271741,games_control_loops_simulation,feel,demo_no_numbers,none,none,True,not_covered,unproven_demo,demo
2101442531779346523,games_control_loops_simulation,feel,demo_no_numbers,none,none,True,not_covered,unproven_demo,demo
2101336174656893410,other_or_meta,unclear,measured_demo,accuracy,none,False,noise,noise,noise
2101188249217544477,agent_harness_and_tool_gating,task,demo_no_numbers,none,none,False,not_covered,unproven_demo,demo
2101356058472333590,other_or_meta,unclear,demo_no_numbers,none,none,False,noise,noise,noise
2101106822543544425,search_rerank_extraction,interaction,demo_no_numbers,none,none,False,not_covered,unproven_demo,demo
2101334918144102416,other_or_meta,unclear,demo_no_numbers,none,none,False,noise,noise,noise
2101141131824402765,classification_routing_triage,task,measured_demo,cost,frontier_llm,False,not_covered,cost_only,cost_only
2101147462966907316,classification_routing_triage,interaction,demo_no_numbers,none,none,False,not_covered,unproven_demo,demo
2101188130665800124,other_or_meta,unclear,demo_no_numbers,none,none,False,noise,noise,noise
2101437287842054154,other_or_meta,unclear,demo_no_numbers,cost,frontier_llm,False,noise,noise,noise
2101434275791016156,other_or_meta,unclear,demo_no_numbers,none,none,False,noise,noise,noise
2101174407859511575,voice_and_turn_taking,turn,measured_demo,cost,small_llm,True,not_covered,cost_only,cost_only
2101218656516726979,classification_routing_triage,batch,measured_demo,none,none,False,not_covered,cost_only,cost_only
2101435992809038067,other_or_meta,unclear,measured_demo,cost,frontier_llm,False,noise,noise,noise
2101354190958145764,games_control_loops_simulation,feel,demo_no_numbers,latency,none,True,not_covered,hype,hype
2101429591134851081,browser_and_computer_use,task,demo_no_numbers,latency,none,True,not_covered,hype,hype
2101397998211301846,compaction_and_context,task,demo_no_numbers,cost,none,False,not_covered,hype,hype
2101301125697699962,classification_routing_triage,batch,measured_demo,accuracy,classic_classifier_or_ml,False,not_covered,cost_only,cost_only
2101172790141313167,live_chat_streams_events,turn,demo_no_numbers,latency,frontier_llm,True,hype,hype,hype
2101101905879654894,classification_routing_triage,task,measured_demo,cost,frontier_llm,False,not_covered,cost_only,cost_only
2101413803678105744,data_and_telemetry,batch,measured_demo,cost,frontier_llm,False,not_covered,cost_only,cost_only
2101402501002186777,classification_routing_triage,interaction,measured_demo,latency,frontier_llm,False,not_covered,cost_only,cost_only
2101185462400643559,games_control_loops_simulation,feel,measured_demo,latency,none,True,not_covered,material,fast_loop
2101306033146847458,other_or_meta,unclear,demo_no_numbers,none,none,False,noise,noise,noise
2101212270563115392,evals_and_judging,batch,demo_no_numbers,accuracy,none,False,not_covered,unproven_demo,hype
2101315927593648436,agent_harness_and_tool_gating,task,measured_production,cost,none,False,not_covered,cost_only,cost_only
2101151605408272708,other_or_meta,unclear,demo_no_numbers,none,none,False,noise,noise,noise
2101158125042901229,games_control_loops_simulation,feel,demo_no_numbers,none,none,True,not_covered,unproven_demo,demo
2101292605292392499,classification_routing_triage,interaction,demo_no_numbers,capability,none,False,not_covered,hype,demo
2101290078710456475,other_or_meta,unclear,measured_demo,cost,none,False,noise,noise,noise
2101242447779295558,search_rerank_extraction,task,demo_no_numbers,none,none,False,not_covered,unproven_demo,demo
2101256247760818654,other_or_meta,unclear,demo_no_numbers,none,none,False,noise,noise,noise
2101157548346794059,moderation_and_guardrails,interaction,measured_demo,latency,none,False,not_covered,cost_only,cost_only
2101141613187875219,search_rerank_extraction,interaction,demo_no_numbers,none,none,False,not_covered,unproven_demo,demo
2101388870893937073,other_or_meta,unclear,demo_no_numbers,none,none,False,noise,noise,noise
2101268490535800924,classification_routing_triage,task,demo_no_numbers,none,none,False,not_covered,unproven_demo,demo
2101291679504605389,classification_routing_triage,interaction,demo_no_numbers,none,none,False,not_covered,unproven_demo,demo
2101315196207915489,trading_and_markets,task,demo_no_numbers,none,frontier_llm,True,not_covered,hype,hype
2101356268996931712,other_or_meta,unclear,demo_no_numbers,none,small_llm,False,noise,noise,noise
2101200649736343792,other_or_meta,unclear,demo_no_numbers,capability,none,False,noise,noise,noise
2101409723254002092,agent_harness_and_tool_gating,task,demo_no_numbers,none,frontier_llm,False,not_covered,hype,hype
2101278824046682230,other_or_meta,unclear,demo_no_numbers,none,none,False,noise,noise,noise
2101416939675595152,classification_routing_triage,task,demo_no_numbers,none,none,False,not_covered,unproven_demo,demo
2101336519986536897,classification_routing_triage,interaction,demo_no_numbers,none,none,False,not_covered,unproven_demo,demo
2101306528439664849,data_and_telemetry,batch,measured_demo,latency,frontier_llm,False,not_covered,cost_only,cost_only
2101286161385718091,classification_routing_triage,batch,measured_demo,none,none,False,not_covered,cost_only,cost_only
2101129697086349649,other_or_meta,unclear,demo_no_numbers,none,none,False,noise,noise,noise
2101100682447397075,other_or_meta,unclear,demo_no_numbers,none,none,False,noise,noise,noise
2101233162068349319,other_or_meta,unclear,demo_no_numbers,none,none,False,noise,noise,noise
2101267495697183036,games_control_loops_simulation,feel,demo_no_numbers,latency,none,True,not_covered,hype,hype
2101113626710933523,games_control_loops_simulation,feel,demo_no_numbers,none,none,True,not_covered,unproven_demo,demo
2101267164120691026,classification_routing_triage,batch,measured_demo,none,none,False,not_covered,cost_only,cost_only
2101443109439615356,browser_and_computer_use,interaction,demo_no_numbers,latency,none,False,not_covered,hype,hype
2101426386934075673,games_control_loops_simulation,feel,demo_no_numbers,none,none,True,not_covered,unproven_demo,demo
2101112968708784618,data_and_telemetry,batch,measured_demo,cost,none,True,not_covered,cost_only,cost_only
2101110301693444123,data_and_telemetry,batch,measured_demo,none,none,False,not_covered,cost_only,cost_only
2101446697536876623,classification_routing_triage,batch,measured_demo,none,none,False,not_covered,cost_only,cost_only
2101238379895816512,other_or_meta,unclear,measured_demo,cost,none,False,noise,noise,noise
2101235881843863842,games_control_loops_simulation,feel,demo_no_numbers,latency,none,True,not_covered,hype,hype
2101327974335422525,games_control_loops_simulation,task,measured_demo,latency,frontier_llm,True,not_covered,cost_only,cost_only
2101375249174434214,trading_and_markets,task,measured_demo,latency,none,True,not_covered,cost_only,cost_only
2101243882554233337,games_control_loops_simulation,feel,demo_no_numbers,none,none,True,not_covered,unproven_demo,demo
2101176997145702412,data_and_telemetry,batch,measured_demo,cost,none,False,not_covered,cost_only,cost_only
2101338698742632933,agent_harness_and_tool_gating,task,measured_demo,cost,none,False,not_covered,cost_only,cost_only
2101437413801246815,agent_harness_and_tool_gating,task,demo_no_numbers,none,none,False,not_covered,unproven_demo,demo
2101338153294635151,search_rerank_extraction,interaction,demo_no_numbers,none,none,False,not_covered,unproven_demo,demo
2101191149906235632,other_or_meta,unclear,demo_no_numbers,none,none,False,noise,noise,noise
2101155290674835553,other_or_meta,unclear,demo_no_numbers,none,none,False,noise,noise,noise
2101173182753288489,browser_and_computer_use,task,demo_no_numbers,none,none,False,not_covered,unproven_demo,demo
2101307823800115603,other_or_meta,unclear,demo_no_numbers,none,none,False,noise,noise,noise
2101322871813660721,browser_and_computer_use,task,demo_no_numbers,capability,none,False,not_covered,hype,demo
2101152953125961868,games_control_loops_simulation,feel,demo_no_numbers,none,none,True,not_covered,unproven_demo,demo
2101179338897207602,other_or_meta,unclear,demo_no_numbers,none,none,False,noise,noise,noise
2101126098603888862,browser_and_computer_use,task,demo_no_numbers,latency,none,False,not_covered,hype,hype
2101186798919774470,classification_routing_triage,task,demo_no_numbers,none,none,False,not_covered,unproven_demo,demo
2101170381377954006,classification_routing_triage,task,demo_no_numbers,none,none,False,not_covered,unproven_demo,demo
2101209643683107086,classification_routing_triage,batch,measured_demo,cost,none,False,not_covered,cost_only,cost_only
2101335377671782901,trading_and_markets,task,measured_demo,latency,frontier_llm,True,not_covered,cost_only,cost_only
2101110255254110301,evals_and_judging,task,measured_demo,cost,none,False,not_covered,cost_only,cost_only
2101357410157724032,classification_routing_triage,task,measured_demo,accuracy,none,False,not_covered,cost_only,cost_only
2101434265393062378,other_or_meta,unclear,measured_demo,latency,small_llm,False,noise,noise,noise
2101180907822719468,games_control_loops_simulation,feel,demo_no_numbers,none,none,True,not_covered,unproven_demo,demo
2101247093662953934,data_and_telemetry,batch,measured_demo,accuracy,none,False,not_covered,cost_only,cost_only
2101245413227741646,data_and_telemetry,batch,measured_demo,latency,none,False,not_covered,cost_only,cost_only
2101391291057602923,other_or_meta,unclear,demo_no_numbers,none,none,False,noise,noise,noise
2101379811080036459,games_control_loops_simulation,feel,demo_no_numbers,none,none,True,not_covered,unproven_demo,demo
2101357762923884852,games_control_loops_simulation,feel,demo_no_numbers,none,none,True,not_covered,unproven_demo,demo
2101212301076414660,games_control_loops_simulation,feel,demo_no_numbers,none,none,True,not_covered,unproven_demo,demo
2101272879409053944,games_control_loops_simulation,feel,measured_demo,latency,none,True,not_covered,material,fast_loop
2101280824025030759,other_or_meta,unclear,demo_no_numbers,capability,frontier_llm,False,noise,noise,noise
2101344243453468795,data_and_telemetry,batch,demo_no_numbers,none,none,False,not_covered,unproven_demo,demo
2101221724507529244,browser_and_computer_use,task,measured_demo,latency,none,False,not_covered,cost_only,cost_only
2101270961219891704,other_or_meta,unclear,demo_no_numbers,latency,small_llm,False,noise,noise,noise
2101326054577336541,other_or_meta,unclear,demo_no_numbers,none,none,False,noise,noise,noise
2101288082246934571,games_control_loops_simulation,feel,demo_no_numbers,none,none,True,not_covered,unproven_demo,demo
2101413954211758226,browser_and_computer_use,task,measured_demo,latency,none,False,not_covered,cost_only,cost_only
2101431190024827234,classification_routing_triage,task,demo_no_numbers,none,classic_classifier_or_ml,False,not_covered,unproven_demo,hype
2101119726256837089,other_or_meta,unclear,demo_no_numbers,none,none,False,noise,noise,noise
2101242838587502643,trading_and_markets,task,demo_no_numbers,none,none,False,not_covered,unproven_demo,demo
2101415970179051981,classification_routing_triage,task,measured_demo,cost,frontier_llm,False,not_covered,cost_only,cost_only
2101343009510244605,classification_routing_triage,interaction,demo_no_numbers,none,rules_or_regex,False,not_covered,unproven_demo,hype
2101239159562338461,evals_and_judging,interaction,demo_no_numbers,none,none,False,not_covered,unproven_demo,demo
2101333573597003821,games_control_loops_simulation,feel,demo_no_numbers,none,none,True,not_covered,unproven_demo,demo
2101366861535342685,moderation_and_guardrails,batch,measured_demo,cost,frontier_llm,False,not_covered,cost_only,cost_only
2101270430103290365,agent_harness_and_tool_gating,task,demo_no_numbers,capability,none,False,not_covered,hype,demo
2101198692237586684,classification_routing_triage,task,demo_no_numbers,none,none,False,not_covered,unproven_demo,demo
2101313906459242910,live_chat_streams_events,interaction,demo_no_numbers,none,none,True,not_covered,unproven_demo,demo
2101301130924081425,games_control_loops_simulation,feel,demo_no_numbers,none,none,True,not_covered,unproven_demo,demo
2101371206217634101,other_or_meta,unclear,demo_no_numbers,none,classic_classifier_or_ml,False,noise,noise,noise
2101321144179831047,games_control_loops_simulation,feel,measured_demo,latency,none,True,not_covered,material,fast_loop
2101281818846564556,other_or_meta,unclear,demo_no_numbers,none,none,False,noise,noise,noise
2101117203060019431,data_and_telemetry,batch,measured_demo,latency,none,False,not_covered,cost_only,cost_only
2101362156092752285,other_or_meta,unclear,demo_no_numbers,none,none,False,noise,noise,noise
2101275691308470686,classification_routing_triage,interaction,measured_demo,latency,none,False,not_covered,cost_only,cost_only
2101139025860194369,games_control_loops_simulation,feel,demo_no_numbers,capability,none,True,not_covered,hype,demo
2101441102960300100,other_or_meta,unclear,demo_no_numbers,none,none,False,noise,noise,noise
2101355906793635973,evals_and_judging,interaction,demo_no_numbers,none,none,False,not_covered,unproven_demo,demo
2101398886153953770,other_or_meta,unclear,measured_demo,accuracy,none,False,noise,noise,noise
2101100994566226406,other_or_meta,unclear,demo_no_numbers,none,none,False,noise,noise,noise
2101383497403302125,classification_routing_triage,task,measured_demo,cost,classic_classifier_or_ml,False,not_covered,cost_only,cost_only
2101201347639120072,data_and_telemetry,batch,demo_no_numbers,none,none,False,not_covered,unproven_demo,demo
2101386629789233450,search_rerank_extraction,batch,measured_demo,none,none,False,not_covered,cost_only,cost_only
2101128446453907816,evals_and_judging,interaction,demo_no_numbers,none,none,False,not_covered,unproven_demo,demo
2101259652512043035,other_or_meta,unclear,measured_demo,accuracy,classic_classifier_or_ml,False,noise,noise,noise
2101221041830027290,search_rerank_extraction,interaction,demo_no_numbers,none,none,False,not_covered,unproven_demo,demo
2101122291958763879,agent_harness_and_tool_gating,task,measured_demo,cost,frontier_llm,False,not_covered,cost_only,cost_only
2101108114112356496,classification_routing_triage,interaction,demo_no_numbers,none,none,False,not_covered,unproven_demo,demo
2101424882315669818,classification_routing_triage,interaction,measured_demo,accuracy,none,False,not_covered,cost_only,cost_only
2101235354141692080,games_control_loops_simulation,feel,demo_no_numbers,none,none,True,not_covered,unproven_demo,demo
2101396852885303550,moderation_and_guardrails,interaction,demo_no_numbers,none,none,False,not_covered,unproven_demo,demo
2101108774463275333,moderation_and_guardrails,interaction,demo_no_numbers,none,none,False,not_covered,unproven_demo,demo
2101261014457364687,moderation_and_guardrails,interaction,measured_demo,accuracy,frontier_llm,False,not_covered,cost_only,cost_only
2101238730224726526,classification_routing_triage,interaction,measured_demo,latency,none,False,not_covered,cost_only,cost_only
2101370956426211707,moderation_and_guardrails,task,demo_no_numbers,capability,none,False,not_covered,hype,demo
2101461206787612751,other_or_meta,unclear,demo_no_numbers,none,none,True,noise,noise,noise
2101291155883282624,games_control_loops_simulation,feel,measured_demo,cost,none,True,not_covered,material,fast_loop
2101131359066677415,compaction_and_context,task,measured_demo,capability,none,False,not_covered,cost_only,cost_only
2101408139501555934,games_control_loops_simulation,interaction,demo_no_numbers,none,none,False,not_covered,unproven_demo,demo
2101129046860157117,games_control_loops_simulation,feel,demo_no_numbers,none,none,True,not_covered,unproven_demo,demo
2101331257447633055,games_control_loops_simulation,feel,demo_no_numbers,none,none,True,not_covered,unproven_demo,demo
2101390208373530747,classification_routing_triage,interaction,demo_no_numbers,none,none,True,not_covered,unproven_demo,demo
2101371188668670049,other_or_meta,unclear,demo_no_numbers,none,none,False,noise,noise,noise
2101282866072084944,moderation_and_guardrails,interaction,demo_no_numbers,none,none,False,not_covered,unproven_demo,demo
2101180068814860549,other_or_meta,unclear,demo_no_numbers,none,none,False,noise,noise,noise
2101232326239756368,games_control_loops_simulation,feel,demo_no_numbers,none,none,True,not_covered,unproven_demo,demo
2101405039671800087,moderation_and_guardrails,interaction,measured_demo,accuracy,none,False,not_covered,cost_only,cost_only
2101290433825714180,classification_routing_triage,interaction,demo_no_numbers,none,none,False,not_covered,unproven_demo,demo
2101197255172600114,games_control_loops_simulation,feel,demo_no_numbers,none,none,True,not_covered,unproven_demo,demo
2101106390269940038,moderation_and_guardrails,interaction,demo_no_numbers,none,none,False,not_covered,unproven_demo,demo
2101265912670105745,other_or_meta,unclear,demo_no_numbers,capability,frontier_llm,False,noise,noise,noise
2101366309875548252,agent_harness_and_tool_gating,task,demo_no_numbers,none,none,False,not_covered,unproven_demo,demo
2101378219404316954,games_control_loops_simulation,feel,measured_demo,accuracy,none,True,not_covered,material,fast_loop
2101371361486676134,search_rerank_extraction,interaction,measured_demo,latency,none,False,not_covered,cost_only,cost_only
2101159380364534088,search_rerank_extraction,interaction,demo_no_numbers,latency,none,False,not_covered,hype,hype
2101396307977937361,other_or_meta,unclear,demo_no_numbers,none,none,False,noise,noise,noise
2101207914556055951,live_chat_streams_events,interaction,demo_no_numbers,none,none,True,not_covered,unproven_demo,demo
2101241552215671028,games_control_loops_simulation,feel,demo_no_numbers,capability,none,True,not_covered,hype,demo
2101255997910335549,agent_harness_and_tool_gating,task,demo_no_numbers,none,none,False,not_covered,unproven_demo,demo
2101325710287913083,games_control_loops_simulation,feel,measured_demo,accuracy,rules_or_regex,True,not_covered,material,fast_loop
2101331708662698304,moderation_and_guardrails,interaction,demo_no_numbers,capability,none,False,not_covered,hype,demo
2101138696238150119,agent_harness_and_tool_gating,task,demo_no_numbers,capability,none,False,not_covered,hype,demo
2101350728467894613,other_or_meta,unclear,demo_no_numbers,none,none,False,noise,noise,noise
2101298831153635810,games_control_loops_simulation,feel,measured_demo,accuracy,none,True,not_covered,material,fast_loop
2101177824921215026,games_control_loops_simulation,feel,demo_no_numbers,none,none,True,not_covered,unproven_demo,demo
2101451526460047562,voice_and_turn_taking,turn,demo_no_numbers,capability,none,True,not_covered,hype,demo
2101422519391555867,agent_harness_and_tool_gating,task,measured_demo,accuracy,none,False,not_covered,cost_only,cost_only
2101400400922333270,data_and_telemetry,batch,demo_no_numbers,none,none,False,not_covered,unproven_demo,demo
2101359413957177377,search_rerank_extraction,task,measured_demo,accuracy,rules_or_regex,False,not_covered,cost_only,cost_only
2101108417331142863,games_control_loops_simulation,feel,measured_demo,latency,none,True,not_covered,material,fast_loop
2101261981114142871,search_rerank_extraction,interaction,measured_demo,accuracy,rules_or_regex,False,not_covered,cost_only,cost_only
2101202479765713269,games_control_loops_simulation,feel,demo_no_numbers,none,none,True,not_covered,unproven_demo,demo
2101389370322502101,moderation_and_guardrails,interaction,demo_no_numbers,none,none,False,not_covered,unproven_demo,demo
2101343503099797860,classification_routing_triage,task,demo_no_numbers,latency,none,False,not_covered,hype,hype
2101421618056622436,games_control_loops_simulation,feel,measured_demo,none,none,True,not_covered,material,fast_loop
2101325548874092544,evals_and_judging,task,measured_demo,accuracy,none,False,not_covered,cost_only,cost_only
2101301265326289272,agent_harness_and_tool_gating,task,measured_demo,cost,frontier_llm,True,not_covered,cost_only,cost_only
2101242586040357158,classification_routing_triage,interaction,demo_no_numbers,latency,none,False,not_covered,hype,hype
2101419960308298090,search_rerank_extraction,task,measured_demo,accuracy,none,False,not_covered,cost_only,cost_only
2101277651780452542,classification_routing_triage,interaction,measured_demo,latency,none,True,material,material,material
2101265578417955109,other_or_meta,interaction,demo_no_numbers,none,none,False,noise,noise,noise
2101239669174497281,classification_routing_triage,task,measured_demo,cost,frontier_llm,False,not_covered,cost_only,cost_only
2101429152935297384,evals_and_judging,task,measured_demo,accuracy,none,False,not_covered,cost_only,cost_only
2101350488348512514,classification_routing_triage,interaction,demo_no_numbers,latency,none,False,not_covered,hype,hype
2101455591873147363,evals_and_judging,task,demo_no_numbers,accuracy,none,False,not_covered,unproven_demo,hype
2101400628295581930,data_and_telemetry,batch,demo_no_numbers,accuracy,frontier_llm,False,not_covered,hype,hype
2101365138901336415,classification_routing_triage,task,demo_no_numbers,capability,none,False,not_covered,hype,demo
2101292506222584099,other_or_meta,interaction,measured_demo,cost,none,False,noise,noise,noise
2101344826243637357,other_or_meta,unclear,demo_no_numbers,none,none,False,noise,noise,noise
2101280430381240783,classification_routing_triage,batch,demo_no_numbers,none,none,False,not_covered,unproven_demo,demo
2101349735940633037,games_control_loops_simulation,feel,demo_no_numbers,none,none,True,not_covered,unproven_demo,demo
2101365293402534216,other_or_meta,interaction,demo_no_numbers,none,none,False,noise,noise,noise
2101244999220486536,other_or_meta,unclear,demo_no_numbers,none,none,False,noise,noise,noise
2101131500653609312,classification_routing_triage,batch,measured_demo,cost,none,False,not_covered,cost_only,cost_only
2101263765241020524,games_control_loops_simulation,feel,demo_no_numbers,none,none,True,not_covered,unproven_demo,demo
2101315654896730495,games_control_loops_simulation,feel,measured_demo,none,none,True,not_covered,material,fast_loop
2101293864413970444,search_rerank_extraction,batch,demo_no_numbers,none,none,False,not_covered,unproven_demo,demo
2101296272808530401,games_control_loops_simulation,feel,demo_no_numbers,none,none,True,not_covered,unproven_demo,demo
2101265117996622175,games_control_loops_simulation,feel,demo_no_numbers,none,none,True,not_covered,unproven_demo,demo
2101298755504890053,other_or_meta,unclear,demo_no_numbers,none,none,False,noise,noise,noise
2101247925829468549,games_control_loops_simulation,feel,demo_no_numbers,none,none,True,not_covered,unproven_demo,demo
2101218934594629792,browser_and_computer_use,task,demo_no_numbers,capability,frontier_llm,False,not_covered,hype,hype
2101302792849674447,classification_routing_triage,task,demo_no_numbers,latency,none,False,not_covered,hype,hype
2101393396762128525,compaction_and_context,unclear,demo_no_numbers,none,none,False,not_covered,unproven_demo,demo
2101311135030878558,games_control_loops_simulation,feel,measured_demo,accuracy,none,True,not_covered,material,fast_loop
2101322169590698050,other_or_meta,interaction,demo_no_numbers,none,none,False,noise,noise,noise
2101270905670291536,games_control_loops_simulation,feel,demo_no_numbers,none,none,True,not_covered,unproven_demo,demo
2101204131612688395,games_control_loops_simulation,feel,demo_no_numbers,none,none,True,not_covered,unproven_demo,demo
2101297208091939101,games_control_loops_simulation,feel,demo_no_numbers,none,none,True,not_covered,unproven_demo,demo
2101132900594852118,evals_and_judging,task,measured_demo,latency,small_llm,False,cost_only,cost_only,cost_only
2101140692927913999,classification_routing_triage,batch,measured_demo,latency,frontier_llm,False,not_covered,cost_only,cost_only
2101281129773010977,other_or_meta,interaction,demo_no_numbers,none,none,False,noise,noise,noise
2101382613332381914,classification_routing_triage,batch,measured_demo,cost,none,False,not_covered,cost_only,cost_only
2101332057385222205,games_control_loops_simulation,feel,demo_no_numbers,none,none,True,not_covered,unproven_demo,demo
2101273305844154486,games_control_loops_simulation,feel,demo_no_numbers,latency,none,True,not_covered,hype,hype
2101348861549912332,classification_routing_triage,task,demo_no_numbers,cost,none,False,not_covered,hype,hype
2101231159032041903,games_control_loops_simulation,feel,measured_demo,accuracy,none,True,not_covered,material,fast_loop
2101283822742442026,other_or_meta,unclear,demo_no_numbers,none,none,False,noise,noise,noise
2101186440025842154,other_or_meta,unclear,demo_no_numbers,none,none,False,noise,noise,noise
2101314108184478029,classification_routing_triage,task,demo_no_numbers,none,none,False,not_covered,unproven_demo,demo
2101309957383856577,browser_and_computer_use,task,measured_demo,accuracy,none,False,not_covered,cost_only,cost_only
2101278179868754075,games_control_loops_simulation,feel,demo_no_numbers,none,none,True,not_covered,unproven_demo,demo
2101413903578120494,games_control_loops_simulation,feel,demo_no_numbers,accuracy,none,True,not_covered,unproven_demo,hype
2101248079701872739,trading_and_markets,batch,measured_demo,cost,none,False,not_covered,cost_only,cost_only
2101116073055514849,classification_routing_triage,task,demo_no_numbers,capability,frontier_llm,False,not_covered,hype,hype
2101414888891662834,voice_and_turn_taking,turn,demo_no_numbers,none,none,True,not_covered,unproven_demo,demo
2101419436292923662,agent_harness_and_tool_gating,task,demo_no_numbers,none,none,False,not_covered,unproven_demo,demo
2101405415384764633,agent_harness_and_tool_gating,task,measured_demo,latency,none,False,not_covered,cost_only,cost_only
2101246982979310022,browser_and_computer_use,interaction,demo_no_numbers,latency,none,False,not_covered,hype,hype
2101209069176357243,voice_and_turn_taking,turn,demo_no_numbers,cost,small_llm,True,not_covered,hype,hype
2101440047601873244,other_or_meta,unclear,measured_demo,cost,rules_or_regex,False,noise,noise,noise
2101181929299038625,classification_routing_triage,task,demo_no_numbers,none,none,False,not_covered,unproven_demo,demo
2101247238559154422,other_or_meta,unclear,measured_demo,none,none,False,noise,noise,noise
2101114999980564950,games_control_loops_simulation,feel,demo_no_numbers,none,none,True,not_covered,unproven_demo,demo
2101446185542119794,classification_routing_triage,task,demo_no_numbers,cost,none,False,not_covered,hype,hype
2101419720763207986,other_or_meta,unclear,demo_no_numbers,none,none,False,noise,noise,noise
2101298509286867342,moderation_and_guardrails,interaction,measured_demo,cost,none,False,not_covered,cost_only,cost_only
2101176316733382657,games_control_loops_simulation,unclear,demo_no_numbers,none,none,False,not_covered,unproven_demo,demo
2101203564408488366,other_or_meta,unclear,demo_no_numbers,none,none,False,noise,noise,noise
2101221736519712782,games_control_loops_simulation,feel,demo_no_numbers,latency,none,True,not_covered,hype,hype
2101190895160946738,live_chat_streams_events,interaction,demo_no_numbers,latency,none,True,not_covered,hype,hype
2101176408538316896,agent_harness_and_tool_gating,task,demo_no_numbers,none,none,False,not_covered,unproven_demo,demo
2101164286865224162,evals_and_judging,batch,measured_demo,cost,none,False,not_covered,cost_only,cost_only
2101159595397829041,moderation_and_guardrails,interaction,demo_no_numbers,none,none,False,not_covered,unproven_demo,demo
2101234339514396693,evals_and_judging,interaction,demo_no_numbers,accuracy,none,False,not_covered,unproven_demo,hype
2101217951089402347,classification_routing_triage,batch,measured_demo,cost,frontier_llm,False,not_covered,cost_only,cost_only
2101305062228111468,search_rerank_extraction,interaction,demo_no_numbers,none,none,False,not_covered,unproven_demo,demo
2101230393546457489,games_control_loops_simulation,task,measured_demo,latency,frontier_llm,True,not_covered,cost_only,cost_only
2101171327050858874,search_rerank_extraction,task,measured_demo,latency,none,False,not_covered,cost_only,cost_only
2101210604216213930,classification_routing_triage,task,demo_no_numbers,capability,none,False,not_covered,hype,demo
2101248891555324047,games_control_loops_simulation,feel,measured_demo,latency,none,True,not_covered,material,fast_loop
2101181643155501409,evals_and_judging,batch,measured_demo,accuracy,none,False,not_covered,cost_only,cost_only
2101394753208074383,evals_and_judging,batch,measured_demo,none,none,False,not_covered,cost_only,cost_only
2101446086644601284,classification_routing_triage,interaction,demo_no_numbers,none,none,False,not_covered,unproven_demo,demo
2101356673432465738,agent_harness_and_tool_gating,task,demo_no_numbers,cost,none,False,not_covered,hype,hype
2101330692219043954,games_control_loops_simulation,feel,demo_no_numbers,none,none,True,not_covered,unproven_demo,demo
2101288257518813321,other_or_meta,unclear,demo_no_numbers,none,none,False,noise,noise,noise
2101397946654720394,search_rerank_extraction,task,demo_no_numbers,none,none,False,not_covered,unproven_demo,demo
2101345668623216863,agent_harness_and_tool_gating,interaction,measured_demo,latency,small_llm,False,not_covered,cost_only,cost_only
2101453426341138771,other_or_meta,unclear,demo_no_numbers,none,none,False,noise,noise,noise
2101325959765078331,games_control_loops_simulation,feel,demo_no_numbers,none,none,True,not_covered,unproven_demo,demo
2101212380697100439,classification_routing_triage,task,demo_no_numbers,accuracy,frontier_llm,False,not_covered,hype,hype
2101216650947367129,other_or_meta,unclear,measured_demo,none,none,False,noise,noise,noise
2101415401347313705,other_or_meta,unclear,measured_demo,cost,none,False,noise,noise,noise
2101387796623573071,browser_and_computer_use,interaction,demo_no_numbers,capability,none,False,not_covered,hype,demo
2101376066959061402,games_control_loops_simulation,feel,demo_no_numbers,none,none,True,not_covered,unproven_demo,demo
2101369223423701239,other_or_meta,unclear,demo_no_numbers,none,none,True,noise,noise,noise
2101368392347513268,evals_and_judging,batch,demo_no_numbers,accuracy,frontier_llm,False,not_covered,hype,hype
2101146645383533013,evals_and_judging,batch,measured_demo,accuracy,frontier_llm,False,not_covered,cost_only,cost_only
2101303285168664622,classification_routing_triage,task,measured_demo,cost,none,False,not_covered,cost_only,cost_only
2101276996978229687,other_or_meta,interaction,demo_no_numbers,latency,none,False,noise,noise,noise
2101149152457748821,agent_harness_and_tool_gating,task,measured_demo,latency,frontier_llm,False,not_covered,cost_only,cost_only
2101194639948787818,browser_and_computer_use,task,demo_no_numbers,none,none,False,not_covered,unproven_demo,demo
2101198024844443955,evals_and_judging,interaction,demo_no_numbers,none,none,False,not_covered,unproven_demo,demo
2101262006640857109,moderation_and_guardrails,interaction,demo_no_numbers,latency,frontier_llm,False,hype,hype,hype
2101226457343427001,classification_routing_triage,task,demo_no_numbers,none,none,False,not_covered,unproven_demo,demo
2101130224360419631,browser_and_computer_use,task,demo_no_numbers,none,none,False,not_covered,unproven_demo,demo
2101162104174874669,other_or_meta,unclear,demo_no_numbers,none,none,False,noise,noise,noise
2101156757108294139,other_or_meta,unclear,demo_no_numbers,none,none,False,noise,noise,noise
2101250598209556829,classification_routing_triage,task,demo_no_numbers,none,none,False,not_covered,unproven_demo,demo
2101347632706998441,other_or_meta,unclear,demo_no_numbers,none,none,False,noise,noise,noise
2101438195238162648,data_and_telemetry,batch,measured_demo,cost,none,False,not_covered,cost_only,cost_only
2101173030605201480,agent_harness_and_tool_gating,task,demo_no_numbers,none,none,False,not_covered,unproven_demo,demo
2101322060136132788,other_or_meta,unclear,demo_no_numbers,none,none,False,noise,noise,noise
2101407357154537979,search_rerank_extraction,batch,demo_no_numbers,none,none,False,not_covered,unproven_demo,demo
2101318044077146615,browser_and_computer_use,unclear,demo_no_numbers,capability,none,False,not_covered,hype,demo
2101288764987289827,other_or_meta,unclear,measured_demo,latency,frontier_llm,False,noise,noise,noise
2101348296438771879,classification_routing_triage,task,demo_no_numbers,none,none,False,not_covered,unproven_demo,demo
2101356449507291608,other_or_meta,unclear,commentary_or_meme,capability,none,False,noise,noise,noise
2101299805217493390,trading_and_markets,turn,demo_no_numbers,capability,frontier_llm,True,not_covered,hype,hype
2101121421472825726,other_or_meta,interaction,demo_no_numbers,none,none,False,noise,noise,noise
2101291471315906703,games_control_loops_simulation,task,demo_no_numbers,none,frontier_llm,True,not_covered,hype,hype
2101367304886047084,other_or_meta,unclear,demo_no_numbers,none,none,False,noise,noise,noise
2101424587980648647,other_or_meta,unclear,demo_no_numbers,cost,none,False,noise,noise,noise
2101363129548783973,trading_and_markets,turn,demo_no_numbers,cost,none,True,not_covered,hype,hype
2101316892048961594,other_or_meta,unclear,commentary_or_meme,none,none,False,noise,noise,noise
2101250432526119272,classification_routing_triage,interaction,demo_no_numbers,none,none,False,not_covered,unproven_demo,demo
2101341086127919484,moderation_and_guardrails,interaction,measured_demo,accuracy,none,True,material,material,material
2101202802383237275,data_and_telemetry,batch,measured_demo,cost,none,False,not_covered,cost_only,cost_only
2101439150109130866,classification_routing_triage,interaction,measured_demo,accuracy,none,False,not_covered,cost_only,cost_only
2101384498827108587,other_or_meta,unclear,demo_no_numbers,none,none,False,noise,noise,noise
2101242934758871194,compaction_and_context,task,measured_demo,latency,none,False,not_covered,cost_only,cost_only
2101277345336463807,classification_routing_triage,task,demo_no_numbers,accuracy,small_llm,False,not_covered,unproven_demo,hype
2101145670354956592,games_control_loops_simulation,task,demo_no_numbers,none,none,False,not_covered,unproven_demo,demo
2101459933523038335,moderation_and_guardrails,interaction,demo_no_numbers,none,none,True,not_covered,unproven_demo,demo
2101149754663280972,other_or_meta,unclear,demo_no_numbers,none,none,False,noise,noise,noise
2101246572273230265,games_control_loops_simulation,feel,demo_no_numbers,capability,none,True,not_covered,hype,demo
2101370330719686836,agent_harness_and_tool_gating,task,demo_no_numbers,none,none,False,not_covered,unproven_demo,demo
2101257870989987957,other_or_meta,unclear,measured_demo,accuracy,none,False,noise,noise,noise
2101338077855891568,games_control_loops_simulation,feel,demo_no_numbers,none,none,True,not_covered,unproven_demo,demo
2101133831969681815,search_rerank_extraction,interaction,demo_no_numbers,cost,frontier_llm,False,hype,hype,hype
2101260117081518573,other_or_meta,unclear,proposal_or_idea,capability,none,False,noise,noise,noise
2101379264985907551,agent_harness_and_tool_gating,task,demo_no_numbers,latency,none,False,not_covered,hype,hype
2101284758705844511,other_or_meta,unclear,demo_no_numbers,none,none,False,noise,noise,noise
2101383016123904343,classification_routing_triage,task,demo_no_numbers,none,rules_or_regex,False,not_covered,unproven_demo,hype
2101354672540045531,classification_routing_triage,batch,measured_demo,cost,small_llm,False,cost_only,cost_only,cost_only
2101418098746376327,trading_and_markets,task,demo_no_numbers,capability,frontier_llm,True,not_covered,hype,hype
2101301592636936243,games_control_loops_simulation,feel,measured_demo,latency,none,True,not_covered,material,fast_loop
2101436322233618773,browser_and_computer_use,task,measured_demo,latency,none,True,not_covered,cost_only,cost_only
2101174472396955967,trading_and_markets,task,measured_demo,none,none,True,not_covered,cost_only,cost_only
2101435082762297511,classification_routing_triage,batch,measured_demo,cost,none,False,not_covered,cost_only,cost_only
2101154654239543681,search_rerank_extraction,interaction,demo_no_numbers,none,none,True,not_covered,unproven_demo,demo
2101356062955995152,other_or_meta,unclear,demo_no_numbers,latency,none,False,noise,noise,noise
2101288084235076059,games_control_loops_simulation,feel,measured_demo,latency,none,True,not_covered,material,fast_loop
2101233656530641144,classification_routing_triage,task,demo_no_numbers,capability,classic_classifier_or_ml,False,not_covered,hype,hype
2101162862475632730,agent_harness_and_tool_gating,unclear,demo_no_numbers,none,none,False,not_covered,unproven_demo,demo
2101366870645293192,moderation_and_guardrails,batch,measured_demo,accuracy,frontier_llm,False,not_covered,cost_only,cost_only
2101442431409356829,games_control_loops_simulation,feel,demo_no_numbers,none,none,True,not_covered,unproven_demo,demo
2101357048902418689,evals_and_judging,unclear,demo_no_numbers,none,none,False,not_covered,unproven_demo,demo
2101350062656045089,search_rerank_extraction,interaction,measured_demo,latency,none,False,not_covered,cost_only,cost_only
2101276458396131480,moderation_and_guardrails,batch,measured_demo,accuracy,none,False,not_covered,cost_only,cost_only
2101146104628973698,games_control_loops_simulation,interaction,demo_no_numbers,none,none,True,not_covered,unproven_demo,demo
2101242244552626581,compaction_and_context,task,measured_demo,latency,none,False,not_covered,cost_only,cost_only
2101279337425125560,agent_harness_and_tool_gating,task,demo_no_numbers,capability,none,False,not_covered,hype,demo
2101113545362747860,classification_routing_triage,task,demo_no_numbers,none,none,False,not_covered,unproven_demo,demo
2101434169654182337,other_or_meta,interaction,demo_no_numbers,none,none,False,noise,noise,noise
2101374609388102095,compaction_and_context,task,demo_no_numbers,none,none,False,not_covered,unproven_demo,demo
2101326432773550280,moderation_and_guardrails,interaction,demo_no_numbers,latency,none,False,not_covered,hype,hype
2101442165432090766,other_or_meta,interaction,demo_no_numbers,none,none,False,noise,noise,noise
2101201491575124476,agent_harness_and_tool_gating,task,demo_no_numbers,cost,none,False,not_covered,hype,hype
2101336207171150025,evals_and_judging,batch,demo_no_numbers,none,none,False,not_covered,unproven_demo,demo
2101333219316813990,games_control_loops_simulation,feel,demo_no_numbers,latency,none,True,not_covered,hype,hype
2101376016593883279,classification_routing_triage,task,demo_no_numbers,none,none,False,not_covered,unproven_demo,demo
2101291365053407353,evals_and_judging,interaction,measured_demo,latency,frontier_llm,False,not_covered,cost_only,cost_only
2101148322685657213,search_rerank_extraction,task,measured_demo,accuracy,none,False,not_covered,cost_only,cost_only
2101302815562113039,moderation_and_guardrails,batch,demo_no_numbers,none,none,False,not_covered,unproven_demo,demo
2101355981028381038,classification_routing_triage,batch,measured_demo,cost,none,False,not_covered,cost_only,cost_only
2101348532234121401,games_control_loops_simulation,feel,demo_no_numbers,none,none,True,not_covered,unproven_demo,demo
2101143499194151288,moderation_and_guardrails,interaction,measured_demo,latency,none,False,not_covered,cost_only,cost_only
2101457749854896506,agent_harness_and_tool_gating,interaction,demo_no_numbers,latency,none,True,not_covered,hype,hype
2101411176441577646,other_or_meta,unclear,demo_no_numbers,none,none,False,noise,noise,noise
2101308008240177586,classification_routing_triage,batch,demo_no_numbers,none,none,False,not_covered,unproven_demo,demo
2101201518821294341,search_rerank_extraction,task,measured_demo,cost,frontier_llm,False,not_covered,cost_only,cost_only
2101143198370582764,other_or_meta,unclear,demo_no_numbers,accuracy,frontier_llm,False,noise,noise,noise
2101363518486225167,other_or_meta,unclear,demo_no_numbers,none,none,False,noise,noise,noise
2101152803775205665,classification_routing_triage,task,demo_no_numbers,none,none,False,not_covered,unproven_demo,demo
2101322376159822333,classification_routing_triage,task,measured_production,cost,frontier_llm,False,not_covered,cost_only,cost_only
2101316662926377190,evals_and_judging,unclear,measured_demo,accuracy,none,False,not_covered,cost_only,cost_only
2101213602753458249,other_or_meta,unclear,demo_no_numbers,none,none,False,noise,noise,noise
2101211234490015846,other_or_meta,unclear,demo_no_numbers,none,none,False,noise,noise,noise
2101354335573770574,games_control_loops_simulation,feel,measured_demo,accuracy,none,True,not_covered,material,fast_loop
2101333262807278012,other_or_meta,unclear,demo_no_numbers,none,none,False,noise,noise,noise
2101249155876450375,trading_and_markets,task,demo_no_numbers,none,none,True,not_covered,unproven_demo,demo
2101321095332982931,evals_and_judging,interaction,measured_demo,none,none,False,not_covered,cost_only,cost_only
2101342271723786320,browser_and_computer_use,task,measured_demo,capability,none,True,not_covered,cost_only,cost_only
2101314761556426893,classification_routing_triage,task,demo_no_numbers,none,none,False,not_covered,unproven_demo,demo
2101392052219228496,games_control_loops_simulation,feel,measured_demo,latency,small_llm,True,not_covered,cost_only,fast_loop
2101311005695287758,other_or_meta,unclear,measured_demo,latency,none,False,noise,noise,noise
2101102431149158907,search_rerank_extraction,interaction,demo_no_numbers,latency,none,True,not_covered,hype,hype
2101129689788018785,compaction_and_context,unclear,demo_no_numbers,none,none,False,not_covered,unproven_demo,demo
2101213202264547729,other_or_meta,unclear,measured_demo,capability,small_llm,False,noise,noise,noise
2101366849606979864,other_or_meta,unclear,measured_demo,cost,frontier_llm,False,noise,noise,noise
2101227893120553458,other_or_meta,unclear,measured_demo,capability,frontier_llm,False,noise,noise,noise
2101102234784428374,classification_routing_triage,interaction,demo_no_numbers,capability,none,True,not_covered,hype,demo
2101139894303412697,moderation_and_guardrails,interaction,demo_no_numbers,capability,classic_classifier_or_ml,False,not_covered,hype,hype
2101200998786335202,classification_routing_triage,batch,demo_no_numbers,cost,frontier_llm,False,hype,hype,hype
2101321665393099141,games_control_loops_simulation,feel,measured_demo,accuracy,frontier_llm,True,not_covered,cost_only,fast_loop
2101452880104333532,other_or_meta,unclear,demo_no_numbers,capability,none,False,noise,noise,noise
2101153525149430019,data_and_telemetry,batch,demo_no_numbers,capability,none,False,not_covered,hype,demo
2101431295310168141,other_or_meta,unclear,commentary_or_meme,none,none,False,noise,noise,noise
2101121900789256644,games_control_loops_simulation,feel,demo_no_numbers,capability,none,True,not_covered,hype,demo
2101158061792743627,other_or_meta,unclear,demo_no_numbers,accuracy,none,False,noise,noise,noise
2101215769765802053,browser_and_computer_use,task,demo_no_numbers,capability,none,True,not_covered,hype,demo
2101457846231584902,data_and_telemetry,batch,measured_demo,cost,frontier_llm,False,not_covered,cost_only,cost_only
2101365774073868746,classification_routing_triage,task,demo_no_numbers,capability,none,False,not_covered,hype,demo
2101410809201197131,collaboration_and_typing,interaction,demo_no_numbers,none,none,True,not_covered,unproven_demo,demo
2101339367423787056,evals_and_judging,batch,demo_no_numbers,none,none,False,not_covered,unproven_demo,demo
2101249350601171378,agent_harness_and_tool_gating,feel,measured_demo,latency,small_llm,False,not_covered,cost_only,fast_loop
2101207967500497181,other_or_meta,unclear,demo_no_numbers,cost,none,False,noise,noise,noise
2101371744703730155,games_control_loops_simulation,feel,demo_no_numbers,none,none,True,not_covered,unproven_demo,demo
2101332047281459240,other_or_meta,task,measured_demo,latency,none,False,noise,noise,noise
2101324063742235026,other_or_meta,interaction,measured_demo,cost,none,False,noise,noise,noise
2101451183001129382,classification_routing_triage,task,demo_no_numbers,none,none,False,not_covered,unproven_demo,demo
2101277928491249704,games_control_loops_simulation,feel,measured_demo,latency,none,True,not_covered,material,fast_loop
2101376072323645623,search_rerank_extraction,interaction,demo_no_numbers,none,none,False,not_covered,unproven_demo,demo
2101424645211828703,search_rerank_extraction,batch,measured_demo,cost,frontier_llm,False,not_covered,cost_only,cost_only
2101362143148843182,data_and_telemetry,batch,measured_demo,cost,none,False,not_covered,cost_only,cost_only
2101338076547104919,games_control_loops_simulation,feel,demo_no_numbers,none,none,True,not_covered,unproven_demo,demo
2101392975712416011,agent_harness_and_tool_gating,task,measured_demo,accuracy,none,False,not_covered,cost_only,cost_only
2101219094695669976,games_control_loops_simulation,feel,demo_no_numbers,none,none,True,not_covered,unproven_demo,demo
2101255672738578559,classification_routing_triage,interaction,demo_no_numbers,none,none,False,not_covered,unproven_demo,demo
2101452749670076503,browser_and_computer_use,task,measured_demo,latency,none,False,not_covered,cost_only,cost_only
2101438084491452730,other_or_meta,unclear,demo_no_numbers,none,none,False,noise,noise,noise
2101319794243092695,live_chat_streams_events,interaction,demo_no_numbers,none,none,True,not_covered,unproven_demo,demo
2101185650129092648,other_or_meta,unclear,demo_no_numbers,none,none,False,noise,noise,noise
2101167870764007479,classification_routing_triage,task,demo_no_numbers,none,none,False,not_covered,unproven_demo,demo
2101269167286476867,games_control_loops_simulation,feel,demo_no_numbers,none,none,True,not_covered,unproven_demo,demo
2101349706739720197,evals_and_judging,batch,measured_demo,accuracy,classic_classifier_or_ml,False,not_covered,cost_only,cost_only
2101258253493760177,data_and_telemetry,batch,measured_demo,cost,none,False,not_covered,cost_only,cost_only
2101352055369810118,search_rerank_extraction,interaction,demo_no_numbers,none,none,False,not_covered,unproven_demo,demo
2101294201333744064,other_or_meta,unclear,demo_no_numbers,none,none,False,noise,noise,noise
2101376080116396215,browser_and_computer_use,task,demo_no_numbers,latency,none,False,not_covered,hype,hype
2101316158024815075,live_chat_streams_events,interaction,demo_no_numbers,none,none,True,not_covered,unproven_demo,demo
2101228766513238126,agent_harness_and_tool_gating,task,demo_no_numbers,none,none,False,not_covered,unproven_demo,demo
2101327159113494652,agent_harness_and_tool_gating,task,demo_no_numbers,none,none,False,not_covered,unproven_demo,demo
2101440366511796249,classification_routing_triage,batch,measured_demo,accuracy,none,False,not_covered,cost_only,cost_only
2101292287649030475,games_control_loops_simulation,feel,demo_no_numbers,none,none,True,not_covered,unproven_demo,demo
2101419555226853456,other_or_meta,unclear,demo_no_numbers,none,none,False,noise,noise,noise
2101114457661337972,other_or_meta,unclear,demo_no_numbers,none,small_llm,False,noise,noise,noise
2101458469878722617,classification_routing_triage,interaction,demo_no_numbers,none,none,False,not_covered,unproven_demo,demo
2101329133066244209,search_rerank_extraction,interaction,demo_no_numbers,latency,rules_or_regex,False,not_covered,hype,hype
2101287068093809072,other_or_meta,unclear,demo_no_numbers,none,none,False,noise,noise,noise
2101327161042895250,classification_routing_triage,batch,measured_demo,cost,none,False,not_covered,cost_only,cost_only
2101377808643576149,classification_routing_triage,batch,measured_demo,cost,none,False,not_covered,cost_only,cost_only
2101371674855977255,classification_routing_triage,batch,measured_demo,accuracy,frontier_llm,False,not_covered,cost_only,cost_only
2101140664742457482,classification_routing_triage,interaction,demo_no_numbers,none,none,False,not_covered,unproven_demo,demo
2101204625579733266,other_or_meta,unclear,demo_no_numbers,none,none,False,noise,noise,noise
2101333048898036015,trading_and_markets,task,measured_demo,accuracy,none,True,not_covered,cost_only,cost_only
2101307773950525905,other_or_meta,unclear,demo_no_numbers,none,none,False,noise,noise,noise
2101113752779165916,search_rerank_extraction,batch,measured_demo,none,none,False,not_covered,cost_only,cost_only
2101108459647472000,other_or_meta,unclear,demo_no_numbers,none,none,False,noise,noise,noise
2101298957863506359,games_control_loops_simulation,interaction,demo_no_numbers,none,none,False,not_covered,unproven_demo,demo
2101309135262208501,trading_and_markets,task,measured_demo,latency,none,True,not_covered,cost_only,cost_only
2101332612220346763,other_or_meta,unclear,demo_no_numbers,none,none,False,noise,noise,noise
2101405077575508052,agent_harness_and_tool_gating,task,measured_demo,none,none,False,not_covered,cost_only,cost_only
2101133889322283086,classification_routing_triage,task,measured_demo,cost,none,False,not_covered,cost_only,cost_only
2101111331256504456,search_rerank_extraction,interaction,demo_no_numbers,none,none,False,not_covered,unproven_demo,demo
2101352615091253727,games_control_loops_simulation,feel,demo_no_numbers,none,none,True,not_covered,unproven_demo,demo
2101344792844079298,evals_and_judging,interaction,demo_no_numbers,none,none,False,not_covered,unproven_demo,demo
2101135649793507527,collaboration_and_typing,interaction,demo_no_numbers,capability,none,True,not_covered,hype,demo
2101137265053532302,data_and_telemetry,batch,measured_demo,cost,frontier_llm,False,not_covered,cost_only,cost_only
2101121552263844005,other_or_meta,unclear,demo_no_numbers,none,none,False,noise,noise,noise
2101144353024647531,search_rerank_extraction,task,demo_no_numbers,latency,none,False,not_covered,hype,hype
2101172851508117976,moderation_and_guardrails,interaction,measured_demo,cost,none,False,not_covered,cost_only,cost_only
2101450790019993922,other_or_meta,unclear,measured_demo,cost,frontier_llm,False,noise,noise,noise
2101274438708989985,browser_and_computer_use,task,demo_no_numbers,none,frontier_llm,True,not_covered,hype,hype
2101439626028458120,search_rerank_extraction,batch,demo_no_numbers,none,none,False,not_covered,unproven_demo,demo
2101394884456255804,games_control_loops_simulation,feel,demo_no_numbers,capability,none,False,not_covered,hype,demo
2101381833430839433,compaction_and_context,task,demo_no_numbers,none,none,False,not_covered,unproven_demo,demo
2101321853990273354,browser_and_computer_use,task,demo_no_numbers,latency,none,True,not_covered,hype,hype
2101321666219381082,games_control_loops_simulation,feel,measured_demo,cost,frontier_llm,True,not_covered,cost_only,fast_loop
2101232387304640807,games_control_loops_simulation,feel,demo_no_numbers,none,none,True,not_covered,unproven_demo,demo
2101171952819851588,agent_harness_and_tool_gating,task,demo_no_numbers,capability,classic_classifier_or_ml,False,not_covered,hype,hype
2101129105676861621,agent_harness_and_tool_gating,interaction,measured_demo,latency,none,False,not_covered,cost_only,cost_only
2101384695204511927,evals_and_judging,batch,demo_no_numbers,accuracy,frontier_llm,False,not_covered,hype,hype
2101406588875821519,games_control_loops_simulation,feel,demo_no_numbers,none,none,True,not_covered,unproven_demo,demo
2101142446008639831,classification_routing_triage,interaction,demo_no_numbers,none,none,False,not_covered,unproven_demo,demo
2101451785298645438,agent_harness_and_tool_gating,interaction,demo_no_numbers,capability,none,True,not_covered,hype,demo
2101379259310739878,search_rerank_extraction,batch,measured_demo,none,none,False,not_covered,cost_only,cost_only
2101450867576852887,classification_routing_triage,interaction,measured_demo,latency,none,False,not_covered,cost_only,cost_only
2101295528822628478,other_or_meta,unclear,measured_demo,cost,none,False,noise,noise,noise
2101402382584467695,search_rerank_extraction,task,measured_demo,cost,none,False,not_covered,cost_only,cost_only
2101305337601016178,data_and_telemetry,batch,measured_demo,none,none,False,not_covered,cost_only,cost_only
2101299699345240438,moderation_and_guardrails,interaction,demo_no_numbers,none,none,False,not_covered,unproven_demo,demo
2101260664341996031,classification_routing_triage,batch,measured_demo,cost,none,False,not_covered,cost_only,cost_only
2101319411265315124,other_or_meta,unclear,demo_no_numbers,accuracy,frontier_llm,False,noise,noise,noise
2101416029431714128,classification_routing_triage,batch,measured_demo,accuracy,frontier_llm,False,not_covered,cost_only,cost_only
2101138098239447130,moderation_and_guardrails,interaction,demo_no_numbers,none,none,False,not_covered,unproven_demo,demo
2101108866713063804,search_rerank_extraction,interaction,measured_demo,capability,rules_or_regex,False,not_covered,cost_only,cost_only
2101166114386444414,games_control_loops_simulation,feel,demo_no_numbers,none,none,False,not_covered,unproven_demo,demo
2101250194364907653,trading_and_markets,batch,measured_demo,accuracy,none,False,not_covered,cost_only,cost_only
2101303389225439383,other_or_meta,unclear,demo_no_numbers,none,none,False,noise,noise,noise
2101395908319723577,moderation_and_guardrails,interaction,demo_no_numbers,none,none,False,not_covered,unproven_demo,demo
2101324093446635958,classification_routing_triage,interaction,demo_no_numbers,none,none,False,not_covered,unproven_demo,demo
2101201064880157111,other_or_meta,unclear,demo_no_numbers,none,none,False,noise,noise,noise
2101459386787156207,other_or_meta,unclear,demo_no_numbers,none,none,False,noise,noise,noise
2101294457794748445,classification_routing_triage,batch,demo_no_numbers,none,none,False,not_covered,unproven_demo,demo
2101454430231265692,other_or_meta,unclear,demo_no_numbers,none,none,False,noise,noise,noise
2101309961351684475,other_or_meta,unclear,measured_demo,latency,frontier_llm,False,noise,noise,noise
2101416025438793804,other_or_meta,unclear,measured_demo,cost,frontier_llm,False,noise,noise,noise
2101333228808499692,games_control_loops_simulation,feel,demo_no_numbers,none,none,True,not_covered,unproven_demo,demo
2101297789334356468,data_and_telemetry,batch,measured_demo,none,none,False,not_covered,cost_only,cost_only
2101241092691591236,other_or_meta,unclear,demo_no_numbers,none,none,False,noise,noise,noise
2101337686141505721,classification_routing_triage,batch,measured_demo,cost,none,False,not_covered,cost_only,cost_only
2101459884378304844,other_or_meta,unclear,demo_no_numbers,none,none,False,noise,noise,noise
2101190707604062679,games_control_loops_simulation,feel,demo_no_numbers,cost,none,True,not_covered,hype,hype
2101332761936372041,other_or_meta,unclear,demo_no_numbers,accuracy,none,False,noise,noise,noise
2101445646163353648,other_or_meta,unclear,demo_no_numbers,none,none,False,noise,noise,noise
2101444001798779258,data_and_telemetry,batch,demo_no_numbers,none,none,False,not_covered,unproven_demo,demo
2101444829393654239,evals_and_judging,task,demo_no_numbers,none,none,False,not_covered,unproven_demo,demo
2101320917179933020,classification_routing_triage,interaction,measured_demo,latency,none,False,not_covered,cost_only,cost_only
2101248586793341057,other_or_meta,interaction,measured_demo,latency,frontier_llm,False,noise,noise,noise
2101390179504451724,games_control_loops_simulation,feel,measured_demo,latency,frontier_llm,True,not_covered,cost_only,fast_loop
2101304101565018248,games_control_loops_simulation,feel,demo_no_numbers,none,none,True,not_covered,unproven_demo,demo
2101415848510660976,games_control_loops_simulation,feel,demo_no_numbers,none,classic_classifier_or_ml,True,not_covered,unproven_demo,hype
2101118496906051685,other_or_meta,unclear,commentary_or_meme,none,none,False,noise,noise,noise
2101104687827050984,other_or_meta,unclear,demo_no_numbers,cost,frontier_llm,False,noise,noise,noise
2101314158612672740,browser_and_computer_use,task,measured_demo,latency,none,True,not_covered,cost_only,cost_only
2101217491263569923,other_or_meta,unclear,demo_no_numbers,cost,none,False,noise,noise,noise
2101367991011103110,games_control_loops_simulation,feel,demo_no_numbers,none,none,True,not_covered,unproven_demo,demo
2101439046606361011,games_control_loops_simulation,feel,measured_demo,latency,frontier_llm,True,not_covered,cost_only,fast_loop
2101398880852062396,classification_routing_triage,batch,demo_no_numbers,none,none,False,not_covered,unproven_demo,demo
2101202663425642687,compaction_and_context,task,demo_no_numbers,none,none,False,not_covered,unproven_demo,demo
2101143279505162551,agent_harness_and_tool_gating,task,measured_demo,cost,none,False,not_covered,cost_only,cost_only
2101193484820775188,data_and_telemetry,batch,demo_no_numbers,none,none,False,not_covered,unproven_demo,demo
2101169297695580575,games_control_loops_simulation,feel,demo_no_numbers,none,none,True,not_covered,unproven_demo,demo
2101302456038658302,games_control_loops_simulation,feel,demo_no_numbers,none,none,True,not_covered,unproven_demo,demo
2101298956097716455,classification_routing_triage,batch,demo_no_numbers,none,none,False,not_covered,unproven_demo,demo
2101415402194796784,voice_and_turn_taking,turn,demo_no_numbers,none,none,True,not_covered,unproven_demo,demo
2101377387082420544,other_or_meta,unclear,demo_no_numbers,none,none,False,noise,noise,noise
2101300865915027629,browser_and_computer_use,task,demo_no_numbers,none,none,True,not_covered,unproven_demo,demo
2101126289910349944,games_control_loops_simulation,feel,measured_demo,latency,none,True,not_covered,material,fast_loop
2101199052478304645,other_or_meta,unclear,demo_no_numbers,none,none,False,noise,noise,noise
2101414486837952560,evals_and_judging,interaction,measured_demo,cost,none,True,material,material,material
2101361098498671073,other_or_meta,unclear,measured_demo,cost,none,False,noise,noise,noise
2101297032744849502,games_control_loops_simulation,feel,demo_no_numbers,capability,none,True,not_covered,hype,demo
2101386297310908502,moderation_and_guardrails,interaction,demo_no_numbers,none,none,False,not_covered,unproven_demo,demo
2101285120992821515,other_or_meta,unclear,demo_no_numbers,none,none,False,noise,noise,noise
2101116220061958528,games_control_loops_simulation,feel,demo_no_numbers,latency,none,True,not_covered,hype,hype
2101181267442323653,games_control_loops_simulation,feel,demo_no_numbers,none,none,True,not_covered,unproven_demo,demo
2101159800109466005,moderation_and_guardrails,interaction,demo_no_numbers,none,none,False,not_covered,unproven_demo,demo
2101150437672136747,agent_harness_and_tool_gating,task,demo_no_numbers,none,none,True,not_covered,unproven_demo,demo
2101178280762392962,classification_routing_triage,interaction,demo_no_numbers,latency,none,True,not_covered,hype,hype
2101201087399428361,classification_routing_triage,batch,demo_no_numbers,none,small_llm,False,not_covered,unproven_demo,hype
2101384163626807788,data_and_telemetry,batch,measured_demo,accuracy,none,False,not_covered,cost_only,cost_only
2101304557699727596,other_or_meta,unclear,demo_no_numbers,none,none,False,noise,noise,noise
2101268144069521645,evals_and_judging,task,demo_no_numbers,none,none,False,not_covered,unproven_demo,demo
2101453955809390703,other_or_meta,unclear,demo_no_numbers,none,none,True,noise,noise,noise
2101407856230867009,games_control_loops_simulation,feel,demo_no_numbers,none,none,True,not_covered,unproven_demo,demo
2101362755601346611,other_or_meta,unclear,demo_no_numbers,none,none,False,noise,noise,noise
2101226546325242248,other_or_meta,unclear,measured_demo,latency,frontier_llm,False,noise,noise,noise
2101237825882763319,other_or_meta,unclear,demo_no_numbers,none,none,False,noise,noise,noise
2101327267058106824,collaboration_and_typing,interaction,demo_no_numbers,capability,rules_or_regex,True,not_covered,hype,hype
2101120021447483402,live_chat_streams_events,interaction,demo_no_numbers,none,none,True,not_covered,unproven_demo,demo
2101252635982537033,trading_and_markets,batch,measured_demo,accuracy,none,False,not_covered,cost_only,cost_only
2101295905257443501,other_or_meta,interaction,measured_demo,latency,none,False,noise,noise,noise
2101370897818955978,other_or_meta,unclear,demo_no_numbers,none,none,False,noise,noise,noise
2101340417975353439,data_and_telemetry,batch,measured_demo,cost,none,False,not_covered,cost_only,cost_only
2101106046869921871,games_control_loops_simulation,feel,demo_no_numbers,none,none,True,not_covered,unproven_demo,demo
2101118268585234832,other_or_meta,unclear,measured_demo,none,none,False,noise,noise,noise
2101237870778257774,classification_routing_triage,task,demo_no_numbers,capability,classic_classifier_or_ml,False,not_covered,hype,hype
2101409537932902781,data_and_telemetry,batch,measured_demo,cost,none,False,not_covered,cost_only,cost_only
2101310627792769209,agent_harness_and_tool_gating,task,demo_no_numbers,none,none,False,not_covered,unproven_demo,demo
2101454111011188976,moderation_and_guardrails,interaction,measured_demo,accuracy,none,False,not_covered,cost_only,cost_only
2101408460701134978,other_or_meta,unclear,demo_no_numbers,none,none,False,noise,noise,noise
2101334084098338933,other_or_meta,batch,demo_no_numbers,none,none,False,noise,noise,noise
2101377578896650501,other_or_meta,unclear,demo_no_numbers,none,none,False,noise,noise,noise
2101263321739456629,classification_routing_triage,task,demo_no_numbers,none,none,False,not_covered,unproven_demo,demo
2101341881070391714,search_rerank_extraction,task,demo_no_numbers,none,none,False,not_covered,unproven_demo,demo
2101282018575392997,classification_routing_triage,batch,measured_demo,none,none,False,not_covered,cost_only,cost_only
2101352285037281625,moderation_and_guardrails,interaction,demo_no_numbers,latency,none,False,not_covered,hype,hype
2101234306551283922,browser_and_computer_use,task,demo_no_numbers,latency,none,False,not_covered,hype,hype
2101336797426979047,other_or_meta,unclear,demo_no_numbers,none,none,False,noise,noise,noise
2101452744699556209,other_or_meta,batch,measured_demo,cost,none,False,noise,noise,noise
2101379713696407564,search_rerank_extraction,task,demo_no_numbers,none,none,False,not_covered,unproven_demo,demo
2101197258981363896,other_or_meta,unclear,demo_no_numbers,none,none,False,noise,noise,noise
2101136882994470992,other_or_meta,unclear,demo_no_numbers,latency,frontier_llm,False,noise,noise,noise
2101107218452033843,moderation_and_guardrails,unclear,demo_no_numbers,accuracy,rules_or_regex,False,not_covered,unproven_demo,hype
2101447274123645169,evals_and_judging,unclear,demo_no_numbers,accuracy,none,False,not_covered,unproven_demo,hype
2101317234941710617,moderation_and_guardrails,interaction,demo_no_numbers,none,none,False,not_covered,unproven_demo,demo
2101366772653846709,games_control_loops_simulation,feel,measured_demo,latency,frontier_llm,True,not_covered,cost_only,fast_loop
2101452214590173661,agent_harness_and_tool_gating,task,demo_no_numbers,none,none,False,not_covered,unproven_demo,demo
2101354194842128776,games_control_loops_simulation,feel,demo_no_numbers,none,none,True,not_covered,unproven_demo,demo
2101334340353318993,games_control_loops_simulation,feel,measured_demo,latency,frontier_llm,True,not_covered,cost_only,fast_loop
2101313052591202732,trading_and_markets,task,measured_demo,latency,none,True,not_covered,cost_only,cost_only
2101329193720217811,agent_harness_and_tool_gating,task,measured_demo,accuracy,none,False,not_covered,cost_only,cost_only
2101421569990160622,agent_harness_and_tool_gating,task,measured_demo,latency,frontier_llm,False,not_covered,cost_only,cost_only
2101432250411667617,games_control_loops_simulation,feel,demo_no_numbers,none,none,True,not_covered,unproven_demo,demo
2101350018300916155,other_or_meta,unclear,measured_demo,latency,none,False,noise,noise,noise
2101357512964346304,search_rerank_extraction,task,measured_demo,latency,none,True,not_covered,cost_only,cost_only
2101208204466327929,evals_and_judging,task,demo_no_numbers,none,none,False,not_covered,unproven_demo,demo
2101387293135077469,agent_harness_and_tool_gating,task,measured_demo,cost,none,False,not_covered,cost_only,cost_only
2101376442508382674,other_or_meta,unclear,demo_no_numbers,none,none,False,noise,noise,noise
2101348383512293844,classification_routing_triage,task,demo_no_numbers,none,none,False,not_covered,unproven_demo,demo
2101378089779339366,evals_and_judging,task,demo_no_numbers,none,none,False,not_covered,unproven_demo,demo
2101290508429763030,other_or_meta,unclear,demo_no_numbers,latency,frontier_llm,False,noise,noise,noise
2101254136583114917,classification_routing_triage,interaction,measured_demo,cost,frontier_llm,False,not_covered,cost_only,cost_only
2101099226197352800,other_or_meta,unclear,measured_demo,latency,vendor_api,False,noise,noise,noise
2101125246543966427,browser_and_computer_use,task,measured_demo,latency,none,True,not_covered,cost_only,cost_only
2101172231321608469,games_control_loops_simulation,task,measured_demo,cost,none,True,not_covered,cost_only,cost_only
2101313680440807908,moderation_and_guardrails,interaction,demo_no_numbers,none,none,True,not_covered,unproven_demo,demo
2101425294460834128,data_and_telemetry,batch,measured_demo,latency,none,False,not_covered,cost_only,cost_only
2101368591522164917,other_or_meta,unclear,measured_demo,latency,none,False,noise,noise,noise
2101354021009137789,other_or_meta,unclear,measured_demo,latency,frontier_llm,False,noise,noise,noise
2101385273376690333,data_and_telemetry,batch,measured_demo,accuracy,none,False,not_covered,cost_only,cost_only
2101366132099658108,data_and_telemetry,batch,measured_demo,accuracy,none,False,not_covered,cost_only,cost_only
2101203886505648638,other_or_meta,unclear,measured_demo,latency,none,False,noise,noise,noise
2101352369518944323,browser_and_computer_use,task,measured_demo,accuracy,none,False,not_covered,cost_only,cost_only
2101446700023808264,other_or_meta,unclear,demo_no_numbers,none,none,True,noise,noise,noise
2101307068036633080,classification_routing_triage,interaction,measured_demo,latency,none,False,not_covered,cost_only,cost_only
2101350631252562184,agent_harness_and_tool_gating,task,demo_no_numbers,cost,none,False,not_covered,hype,hype
2101436775235203114,classification_routing_triage,interaction,demo_no_numbers,cost,none,False,not_covered,hype,hype
2101434289917149615,browser_and_computer_use,interaction,demo_no_numbers,capability,frontier_llm,True,not_covered,hype,hype
2101394744723259678,data_and_telemetry,batch,measured_demo,cost,none,False,not_covered,cost_only,cost_only
2101330788767658403,other_or_meta,unclear,measured_demo,cost,none,False,noise,noise,noise
2101293979556106585,games_control_loops_simulation,feel,demo_no_numbers,none,none,True,not_covered,unproven_demo,demo
2101435688881451053,browser_and_computer_use,interaction,demo_no_numbers,capability,frontier_llm,False,not_covered,hype,hype
2101436002409873809,other_or_meta,unclear,measured_demo,cost,frontier_llm,False,noise,noise,noise
2101212268440723895,search_rerank_extraction,task,measured_demo,accuracy,none,False,not_covered,cost_only,cost_only
2101213751492100518,other_or_meta,unclear,demo_no_numbers,none,none,False,noise,noise,noise
2101212822005031414,other_or_meta,unclear,demo_no_numbers,none,none,False,noise,noise,noise
2101393803496067325,other_or_meta,unclear,measured_demo,none,none,False,noise,noise,noise
2101373844179275874,agent_harness_and_tool_gating,task,measured_demo,latency,frontier_llm,False,not_covered,cost_only,cost_only
2101337535427604981,games_control_loops_simulation,feel,demo_no_numbers,capability,none,True,not_covered,hype,demo
2101238006812443040,games_control_loops_simulation,feel,demo_no_numbers,none,none,True,not_covered,unproven_demo,demo
2101433906918461458,other_or_meta,unclear,demo_no_numbers,none,none,False,noise,noise,noise
2101282951103443267,classification_routing_triage,interaction,demo_no_numbers,none,none,False,not_covered,unproven_demo,demo
2101298342042988865,other_or_meta,unclear,demo_no_numbers,none,none,False,noise,noise,noise
2101332390652047560,agent_harness_and_tool_gating,task,demo_no_numbers,none,none,False,not_covered,unproven_demo,demo
2101108199990739303,data_and_telemetry,batch,measured_demo,cost,none,False,not_covered,cost_only,cost_only
2101195668744294582,classification_routing_triage,task,demo_no_numbers,capability,none,False,not_covered,hype,demo
2101193979995779161,other_or_meta,unclear,demo_no_numbers,none,none,False,noise,noise,noise
2101195663321215349,moderation_and_guardrails,task,measured_demo,accuracy,none,False,not_covered,cost_only,cost_only
2101355546247106823,browser_and_computer_use,task,measured_demo,latency,frontier_llm,True,not_covered,cost_only,cost_only
2101329320866374096,other_or_meta,unclear,demo_no_numbers,none,none,False,noise,noise,noise
2101270749977694648,classification_routing_triage,task,demo_no_numbers,capability,none,False,not_covered,hype,demo
2101361916983828892,games_control_loops_simulation,feel,demo_no_numbers,none,none,True,not_covered,unproven_demo,demo
2101250886257569884,other_or_meta,unclear,demo_no_numbers,none,none,False,noise,noise,noise
2101448370241884470,games_control_loops_simulation,feel,demo_no_numbers,none,none,True,not_covered,unproven_demo,demo
2101430917835206994,evals_and_judging,task,demo_no_numbers,none,none,False,not_covered,unproven_demo,demo
2101106056533586133,games_control_loops_simulation,feel,measured_demo,none,none,True,not_covered,material,fast_loop
2101189516979822671,classification_routing_triage,task,measured_demo,latency,none,False,not_covered,cost_only,cost_only
2101405199827149139,other_or_meta,unclear,demo_no_numbers,none,none,False,noise,noise,noise
2101267034252484610,search_rerank_extraction,unclear,demo_no_numbers,none,none,False,not_covered,unproven_demo,demo
2101335489923977304,classification_routing_triage,batch,measured_demo,latency,none,False,not_covered,cost_only,cost_only
2101128651953565893,evals_and_judging,task,demo_no_numbers,none,none,False,not_covered,unproven_demo,demo
2101375168593776657,other_or_meta,batch,measured_demo,latency,frontier_llm,False,noise,noise,noise
2101318777635799324,other_or_meta,unclear,demo_no_numbers,none,none,False,noise,noise,noise
2101440706199851158,data_and_telemetry,batch,measured_demo,accuracy,none,False,not_covered,cost_only,cost_only
2101285294649524553,live_chat_streams_events,turn,demo_no_numbers,latency,frontier_llm,True,hype,hype,hype
2101230239300845759,other_or_meta,unclear,demo_no_numbers,none,none,False,noise,noise,noise
2101177745770496111,agent_harness_and_tool_gating,task,demo_no_numbers,capability,none,False,not_covered,hype,demo
2101166290354221498,classification_routing_triage,batch,demo_no_numbers,latency,none,True,not_covered,hype,hype
2101270336436306087,other_or_meta,unclear,demo_no_numbers,none,none,False,noise,noise,noise
2101318132694389177,classification_routing_triage,task,measured_demo,accuracy,none,False,not_covered,cost_only,cost_only
2101375886239097087,other_or_meta,batch,measured_demo,cost,none,False,noise,noise,noise
2101320524479582671,search_rerank_extraction,interaction,measured_demo,accuracy,none,False,not_covered,cost_only,cost_only
2101139990491353548,games_control_loops_simulation,task,demo_no_numbers,none,none,True,not_covered,unproven_demo,demo
2101296275190857774,games_control_loops_simulation,feel,demo_no_numbers,none,none,True,not_covered,unproven_demo,demo
2101223520273354981,classification_routing_triage,batch,measured_demo,accuracy,none,False,not_covered,cost_only,cost_only
2101305064736403680,other_or_meta,unclear,demo_no_numbers,none,none,False,noise,noise,noise
2101363225094926676,evals_and_judging,task,demo_no_numbers,none,none,False,not_covered,unproven_demo,demo
2101208468262900208,other_or_meta,unclear,demo_no_numbers,none,none,False,noise,noise,noise
2101395556681556297,other_or_meta,unclear,demo_no_numbers,none,none,False,noise,noise,noise
2101280013526163904,other_or_meta,unclear,measured_demo,cost,none,False,noise,noise,noise
2101457144319189006,other_or_meta,unclear,demo_no_numbers,none,none,False,noise,noise,noise
2101405627817898051,compaction_and_context,task,demo_no_numbers,none,none,False,not_covered,unproven_demo,demo
2101366314917114112,moderation_and_guardrails,task,measured_demo,accuracy,none,False,not_covered,cost_only,cost_only
2101418728051314972,classification_routing_triage,interaction,measured_demo,latency,frontier_llm,False,not_covered,cost_only,cost_only
2101366346290454915,moderation_and_guardrails,task,demo_no_numbers,none,none,False,not_covered,unproven_demo,demo
2101397657172267469,moderation_and_guardrails,interaction,measured_demo,cost,none,False,not_covered,cost_only,cost_only
2101421186546544783,agent_harness_and_tool_gating,task,measured_demo,none,none,False,not_covered,cost_only,cost_only
2101370772317258091,classification_routing_triage,batch,measured_demo,cost,none,False,not_covered,cost_only,cost_only
2101392136700821741,trading_and_markets,batch,demo_no_numbers,none,none,False,not_covered,unproven_demo,demo
2101455086689931285,classification_routing_triage,batch,measured_demo,none,none,False,not_covered,cost_only,cost_only
2101107153675104381,classification_routing_triage,task,demo_no_numbers,none,none,False,not_covered,unproven_demo,demo
2101145706207822318,other_or_meta,task,demo_no_numbers,latency,frontier_llm,False,noise,noise,noise
2101207533243544038,evals_and_judging,task,demo_no_numbers,none,none,False,not_covered,unproven_demo,demo
2101377610043597083,agent_harness_and_tool_gating,task,measured_demo,accuracy,none,False,not_covered,cost_only,cost_only
2101302218120941962,games_control_loops_simulation,feel,measured_demo,none,none,True,not_covered,material,fast_loop
2101172315614584917,other_or_meta,unclear,measured_demo,none,none,False,noise,noise,noise
2101363764566102251,classification_routing_triage,task,demo_no_numbers,capability,none,False,not_covered,hype,demo
2101330567224561724,other_or_meta,unclear,measured_demo,cost,frontier_llm,False,noise,noise,noise
2101279031916138646,other_or_meta,unclear,demo_no_numbers,none,none,False,noise,noise,noise
2101202361821909070,games_control_loops_simulation,feel,demo_no_numbers,none,none,True,not_covered,unproven_demo,demo
2101207498674053211,other_or_meta,unclear,measured_demo,cost,none,False,noise,noise,noise
2101415247231828034,games_control_loops_simulation,feel,demo_no_numbers,none,none,True,not_covered,unproven_demo,demo
2101440434346315873,search_rerank_extraction,interaction,demo_no_numbers,capability,frontier_llm,False,not_covered,hype,hype
2101336559333384593,evals_and_judging,interaction,demo_no_numbers,none,none,False,not_covered,unproven_demo,demo
2101322848338096566,search_rerank_extraction,task,measured_demo,none,none,False,not_covered,cost_only,cost_only
2101450190179950860,evals_and_judging,task,demo_no_numbers,none,none,False,not_covered,unproven_demo,demo
2101116222352023690,games_control_loops_simulation,feel,demo_no_numbers,none,none,True,not_covered,unproven_demo,demo
2101260710697214110,games_control_loops_simulation,feel,demo_no_numbers,none,none,True,not_covered,unproven_demo,demo
2101150239810097350,data_and_telemetry,batch,demo_no_numbers,none,none,False,not_covered,unproven_demo,demo
2101440258814431740,games_control_loops_simulation,task,demo_no_numbers,none,none,True,not_covered,unproven_demo,demo
2101389140571075059,browser_and_computer_use,task,demo_no_numbers,none,none,True,not_covered,unproven_demo,demo
2101334894173467061,other_or_meta,unclear,demo_no_numbers,none,none,False,noise,noise,noise
2101195945404989880,games_control_loops_simulation,feel,demo_no_numbers,none,none,True,not_covered,unproven_demo,demo
2100739055923425589,compaction_and_context,task,measured_demo,latency,none,False,not_covered,cost_only,cost_only
2100767781868150938,agent_harness_and_tool_gating,task,demo_no_numbers,capability,none,False,not_covered,hype,demo
2101018783976722479,search_rerank_extraction,task,measured_demo,cost,frontier_llm,False,not_covered,cost_only,cost_only
2100814590300889426,browser_and_computer_use,task,demo_no_numbers,latency,none,True,not_covered,hype,hype
2100951347080421409,classification_routing_triage,task,measured_demo,cost,frontier_llm,False,not_covered,cost_only,cost_only
2101095644467511578,other_or_meta,unclear,commentary_or_meme,none,none,False,noise,noise,noise
2100864907046768890,browser_and_computer_use,task,demo_no_numbers,latency,none,True,not_covered,hype,hype
2100829343954173965,classification_routing_triage,interaction,demo_no_numbers,latency,small_llm,False,not_covered,hype,hype
2100882207879434359,agent_harness_and_tool_gating,task,demo_no_numbers,cost,none,True,not_covered,hype,hype
2101000339948282090,live_chat_streams_events,task,measured_demo,latency,small_llm,True,cost_only,cost_only,cost_only
2100780008193020049,collaboration_and_typing,interaction,measured_demo,latency,none,True,material,material,material
2100973868324417852,classification_routing_triage,batch,measured_demo,cost,frontier_llm,False,not_covered,cost_only,cost_only
2100891604735099103,classification_routing_triage,task,measured_demo,cost,none,False,not_covered,cost_only,cost_only
2100738237237002706,games_control_loops_simulation,feel,measured_demo,latency,frontier_llm,True,not_covered,cost_only,fast_loop
2100939189869002819,data_and_telemetry,batch,measured_demo,cost,none,False,not_covered,cost_only,cost_only
2100879695017632025,data_and_telemetry,batch,measured_demo,cost,none,False,not_covered,cost_only,cost_only
2100880007774032150,compaction_and_context,task,measured_demo,cost,none,False,not_covered,cost_only,cost_only
2100939646653903063,trading_and_markets,batch,measured_demo,cost,none,False,not_covered,cost_only,cost_only
2100740717454954548,live_chat_streams_events,interaction,demo_no_numbers,none,none,True,not_covered,unproven_demo,demo
2100986774742765991,agent_harness_and_tool_gating,task,demo_no_numbers,capability,frontier_llm,False,not_covered,hype,hype
2101019513676345555,games_control_loops_simulation,interaction,demo_no_numbers,none,none,True,not_covered,unproven_demo,demo
2100935620231418287,other_or_meta,unclear,demo_no_numbers,latency,none,False,noise,noise,noise
2101007708044574906,classification_routing_triage,task,demo_no_numbers,none,none,False,not_covered,unproven_demo,demo
2100764465235194192,other_or_meta,unclear,demo_no_numbers,none,none,False,noise,noise,noise
2100911111327613104,browser_and_computer_use,task,demo_no_numbers,latency,frontier_llm,True,hype,hype,hype
2100871075743859182,classification_routing_triage,interaction,demo_no_numbers,none,none,False,not_covered,unproven_demo,demo
2100959848623899005,trading_and_markets,task,demo_no_numbers,latency,frontier_llm,False,hype,hype,hype
2100887995524272232,games_control_loops_simulation,interaction,demo_no_numbers,none,none,True,not_covered,unproven_demo,demo
2100757989212754085,browser_and_computer_use,task,measured_demo,cost,none,True,not_covered,cost_only,cost_only
2101080178617471088,other_or_meta,unclear,demo_no_numbers,none,none,False,noise,noise,noise
2101024623370567913,classification_routing_triage,interaction,demo_no_numbers,none,none,False,not_covered,unproven_demo,demo
2100929105382564113,trading_and_markets,task,measured_demo,none,none,True,not_covered,cost_only,cost_only
2101006585481073093,data_and_telemetry,batch,measured_demo,cost,none,False,not_covered,cost_only,cost_only
2100793777103466615,live_chat_streams_events,interaction,measured_demo,cost,none,True,material,material,material
2100966529470713892,classification_routing_triage,interaction,measured_demo,latency,none,False,not_covered,cost_only,cost_only
2101046780989215005,browser_and_computer_use,task,demo_no_numbers,none,none,True,not_covered,unproven_demo,demo
2100906882365788167,classification_routing_triage,task,demo_no_numbers,capability,none,False,not_covered,hype,demo
2101034822760288452,agent_harness_and_tool_gating,task,demo_no_numbers,capability,none,False,not_covered,hype,demo
2101057880640127230,agent_harness_and_tool_gating,task,proposal_or_idea,cost,frontier_llm,False,hype,hype,hype
2101022473248727177,classification_routing_triage,interaction,demo_no_numbers,cost,none,False,not_covered,hype,hype
2100765201385869434,evals_and_judging,interaction,measured_demo,accuracy,none,False,not_covered,cost_only,cost_only
2100861912590205411,other_or_meta,unclear,demo_no_numbers,none,none,False,noise,noise,noise
2100778083108204580,data_and_telemetry,batch,measured_demo,latency,none,False,not_covered,cost_only,cost_only
2100793182438985991,classification_routing_triage,batch,measured_demo,cost,none,False,not_covered,cost_only,cost_only
2101090579127951694,data_and_telemetry,batch,measured_demo,cost,frontier_llm,False,not_covered,cost_only,cost_only
2100896177931636774,search_rerank_extraction,task,demo_no_numbers,none,none,False,not_covered,unproven_demo,demo
2100982446221373644,other_or_meta,unclear,demo_no_numbers,latency,none,False,noise,noise,noise
2100738087584481657,games_control_loops_simulation,feel,demo_no_numbers,none,none,True,not_covered,unproven_demo,demo
2101040309522121072,other_or_meta,unclear,demo_no_numbers,capability,none,False,noise,noise,noise
2100749640866165092,voice_and_turn_taking,turn,demo_no_numbers,capability,none,True,not_covered,hype,demo
2100937437325205568,browser_and_computer_use,task,measured_demo,cost,frontier_llm,True,not_covered,cost_only,cost_only
2101074194260000982,moderation_and_guardrails,task,measured_demo,cost,none,False,not_covered,cost_only,cost_only
2101018760371171420,games_control_loops_simulation,feel,demo_no_numbers,none,none,True,not_covered,unproven_demo,demo
2101010773157761481,games_control_loops_simulation,feel,measured_demo,cost,frontier_llm,True,not_covered,cost_only,fast_loop
2100857642566758849,other_or_meta,unclear,demo_no_numbers,latency,none,False,noise,noise,noise
2100953838891192789,search_rerank_extraction,batch,measured_demo,latency,none,False,not_covered,cost_only,cost_only
2100759235407884762,agent_harness_and_tool_gating,task,measured_demo,none,none,False,not_covered,cost_only,cost_only
2101032677940117875,compaction_and_context,task,demo_no_numbers,none,none,False,not_covered,unproven_demo,demo
2100868868197712225,other_or_meta,unclear,demo_no_numbers,none,none,False,noise,noise,noise
2100987661926252737,agent_harness_and_tool_gating,task,measured_demo,latency,frontier_llm,False,not_covered,cost_only,cost_only
2100941251478458871,data_and_telemetry,batch,measured_demo,cost,none,False,not_covered,cost_only,cost_only
2100979174953611724,classification_routing_triage,batch,measured_demo,cost,none,False,not_covered,cost_only,cost_only
2101043617649340678,classification_routing_triage,batch,measured_demo,cost,none,False,not_covered,cost_only,cost_only
2101077053567332618,other_or_meta,unclear,demo_no_numbers,none,none,False,noise,noise,noise
2100873520951808403,other_or_meta,unclear,demo_no_numbers,none,none,False,noise,noise,noise
2101047036863037753,browser_and_computer_use,task,demo_no_numbers,capability,none,True,not_covered,hype,demo
2101070906852298910,classification_routing_triage,batch,measured_demo,none,none,True,not_covered,cost_only,cost_only
2101040416300630033,games_control_loops_simulation,feel,measured_demo,latency,none,True,not_covered,material,fast_loop
2100959617585164425,compaction_and_context,task,measured_demo,capability,none,False,not_covered,cost_only,cost_only
2100802986826166763,other_or_meta,unclear,measured_demo,accuracy,none,False,noise,noise,noise
2100744500876320868,compaction_and_context,task,measured_demo,capability,none,False,not_covered,cost_only,cost_only
2100948504596398276,moderation_and_guardrails,interaction,demo_no_numbers,none,none,False,not_covered,unproven_demo,demo
2100849182127149335,search_rerank_extraction,batch,measured_demo,latency,none,False,not_covered,cost_only,cost_only
2101022590722810271,games_control_loops_simulation,feel,measured_demo,latency,none,True,not_covered,material,fast_loop
2100962091498684848,games_control_loops_simulation,feel,demo_no_numbers,capability,none,False,not_covered,hype,demo
2100851116498186415,games_control_loops_simulation,feel,measured_demo,latency,none,True,not_covered,material,fast_loop
2100979972194369925,classification_routing_triage,task,demo_no_numbers,cost,none,False,not_covered,hype,hype
2101015355133227348,moderation_and_guardrails,interaction,measured_demo,none,frontier_llm,False,not_covered,cost_only,cost_only
2100884132272181594,search_rerank_extraction,interaction,measured_demo,latency,classic_classifier_or_ml,False,not_covered,cost_only,cost_only
2100984923926728920,data_and_telemetry,batch,measured_demo,accuracy,small_llm,False,cost_only,cost_only,cost_only
2100857767393361928,compaction_and_context,task,demo_no_numbers,capability,none,False,not_covered,hype,demo
2100902217515454507,moderation_and_guardrails,interaction,measured_demo,accuracy,none,True,material,material,material
2100983031138042155,other_or_meta,unclear,demo_no_numbers,none,none,True,noise,noise,noise
2101091398447505567,games_control_loops_simulation,feel,measured_demo,latency,none,True,not_covered,material,fast_loop
2101013253606551777,data_and_telemetry,batch,demo_no_numbers,capability,none,False,not_covered,hype,demo
2100845388655960112,browser_and_computer_use,interaction,measured_demo,cost,none,True,material,material,material
2100827131219775498,evals_and_judging,task,demo_no_numbers,none,none,False,not_covered,unproven_demo,demo
2100938653979508826,classification_routing_triage,task,demo_no_numbers,none,none,False,not_covered,unproven_demo,demo
2100864234523685146,classification_routing_triage,interaction,demo_no_numbers,latency,frontier_llm,True,hype,hype,hype
2100777327005511709,games_control_loops_simulation,feel,demo_no_numbers,none,none,True,not_covered,unproven_demo,demo
2100813615410634997,browser_and_computer_use,task,measured_demo,cost,small_llm,False,cost_only,cost_only,cost_only
2101001041903009987,other_or_meta,unclear,measured_demo,capability,none,False,noise,noise,noise
2100953553917313180,other_or_meta,interaction,measured_demo,cost,none,False,noise,noise,noise
2100810121953837404,agent_harness_and_tool_gating,task,demo_no_numbers,none,none,False,not_covered,unproven_demo,demo
2100840581526389247,classification_routing_triage,batch,measured_demo,cost,none,False,not_covered,cost_only,cost_only
2100994779291259187,classification_routing_triage,interaction,demo_no_numbers,capability,none,False,not_covered,hype,demo
2100870244004683886,data_and_telemetry,batch,measured_demo,latency,none,False,not_covered,cost_only,cost_only
2100933183931900346,search_rerank_extraction,task,measured_demo,latency,frontier_llm,False,not_covered,cost_only,cost_only
2100769446457647532,other_or_meta,unclear,demo_no_numbers,none,none,False,noise,noise,noise
2101094189694099738,games_control_loops_simulation,feel,demo_no_numbers,capability,small_llm,True,not_covered,hype,hype
2100806712169300144,classification_routing_triage,task,demo_no_numbers,none,none,False,not_covered,unproven_demo,demo
2100785155191550016,games_control_loops_simulation,feel,demo_no_numbers,none,none,True,not_covered,unproven_demo,demo
2100833556469833867,other_or_meta,unclear,measured_production,none,none,False,noise,noise,noise
2101086064098279894,search_rerank_extraction,task,measured_demo,latency,none,False,not_covered,cost_only,cost_only
2100898729880666505,classification_routing_triage,task,demo_no_numbers,accuracy,frontier_llm,False,not_covered,hype,hype
2101028303175901540,evals_and_judging,interaction,demo_no_numbers,latency,none,False,not_covered,hype,hype
2101061200402690503,games_control_loops_simulation,feel,demo_no_numbers,none,none,True,not_covered,unproven_demo,demo
2100791658346676691,games_control_loops_simulation,feel,measured_demo,latency,small_llm,True,not_covered,cost_only,fast_loop
2100833538224668699,games_control_loops_simulation,feel,measured_demo,latency,none,True,not_covered,material,fast_loop
2101096502747943401,other_or_meta,unclear,demo_no_numbers,none,none,False,noise,noise,noise
2100857674468614616,games_control_loops_simulation,feel,demo_no_numbers,none,none,True,not_covered,unproven_demo,demo
2100965562977300548,evals_and_judging,interaction,measured_demo,accuracy,small_llm,False,not_covered,cost_only,cost_only
2101040658236506548,games_control_loops_simulation,feel,demo_no_numbers,none,none,True,not_covered,unproven_demo,demo
2100907261593829675,classification_routing_triage,interaction,demo_no_numbers,none,none,True,not_covered,unproven_demo,demo
2101009668655272243,classification_routing_triage,task,measured_demo,accuracy,small_llm,False,cost_only,cost_only,cost_only
2100895571062218978,agent_harness_and_tool_gating,task,demo_no_numbers,none,none,False,not_covered,unproven_demo,demo
2100847239438508478,search_rerank_extraction,task,measured_demo,latency,none,False,not_covered,cost_only,cost_only
2100762173719052424,moderation_and_guardrails,interaction,demo_no_numbers,none,none,False,not_covered,unproven_demo,demo
2100985031703269425,search_rerank_extraction,task,demo_no_numbers,none,none,False,not_covered,unproven_demo,demo
2100912453999587657,data_and_telemetry,batch,measured_demo,cost,none,False,not_covered,cost_only,cost_only
2100781601705939251,browser_and_computer_use,task,measured_demo,cost,small_llm,True,cost_only,cost_only,cost_only
2101098655872938206,evals_and_judging,unclear,demo_no_numbers,none,none,False,not_covered,unproven_demo,demo
2100807349363741132,search_rerank_extraction,interaction,demo_no_numbers,capability,none,False,not_covered,hype,demo
2101029816975663312,other_or_meta,unclear,demo_no_numbers,none,none,False,noise,noise,noise
2100917936806678916,other_or_meta,unclear,commentary_or_meme,capability,frontier_llm,False,noise,noise,noise
2100965455506628834,trading_and_markets,task,demo_no_numbers,capability,frontier_llm,False,not_covered,hype,hype
2100951738606035176,games_control_loops_simulation,feel,demo_no_numbers,latency,none,True,not_covered,hype,hype
2100803060432073078,games_control_loops_simulation,feel,demo_no_numbers,none,none,True,not_covered,unproven_demo,demo
2100762694223618177,browser_and_computer_use,interaction,demo_no_numbers,none,none,True,not_covered,unproven_demo,demo
2100760976006021371,games_control_loops_simulation,feel,demo_no_numbers,none,none,True,not_covered,unproven_demo,demo
2100781603966632021,other_or_meta,interaction,measured_demo,latency,none,True,noise,noise,noise
2100878555047514390,games_control_loops_simulation,task,measured_demo,capability,none,True,not_covered,cost_only,cost_only
2101017732913529326,other_or_meta,interaction,measured_demo,latency,none,True,noise,noise,noise
2100988433552584995,games_control_loops_simulation,feel,measured_demo,accuracy,none,True,not_covered,material,fast_loop
2100801746977399203,other_or_meta,task,measured_demo,cost,none,False,noise,noise,noise
2100929272680726744,classification_routing_triage,interaction,demo_no_numbers,accuracy,none,False,not_covered,unproven_demo,hype
2100903883153473751,other_or_meta,unclear,demo_no_numbers,none,none,False,noise,noise,noise
2100807832643977219,games_control_loops_simulation,feel,demo_no_numbers,none,none,True,not_covered,unproven_demo,demo
2101087134459306356,classification_routing_triage,task,measured_demo,cost,frontier_llm,False,not_covered,cost_only,cost_only
2100974901909983621,other_or_meta,unclear,demo_no_numbers,none,none,False,noise,noise,noise
2101028527978020920,games_control_loops_simulation,feel,demo_no_numbers,none,none,True,not_covered,unproven_demo,demo
2100777414305657293,moderation_and_guardrails,interaction,demo_no_numbers,none,none,False,not_covered,unproven_demo,demo
2100918151848636474,classification_routing_triage,interaction,demo_no_numbers,latency,none,False,not_covered,hype,hype
2101056417129959670,classification_routing_triage,batch,measured_demo,cost,none,False,not_covered,cost_only,cost_only
2100876647922868383,compaction_and_context,task,demo_no_numbers,capability,none,False,not_covered,hype,demo
2100842364248178833,games_control_loops_simulation,feel,measured_demo,cost,none,True,not_covered,material,fast_loop
2100750049152278747,games_control_loops_simulation,feel,demo_no_numbers,latency,none,True,not_covered,hype,hype
2100756715197043122,games_control_loops_simulation,feel,demo_no_numbers,none,none,True,not_covered,unproven_demo,demo
2100858880548864358,search_rerank_extraction,batch,measured_demo,cost,none,False,not_covered,cost_only,cost_only
2101041218251559032,browser_and_computer_use,interaction,demo_no_numbers,none,none,True,not_covered,unproven_demo,demo
2100970015977804008,classification_routing_triage,task,measured_demo,latency,frontier_llm,False,not_covered,cost_only,cost_only
2100744752861970666,other_or_meta,task,demo_no_numbers,none,none,False,noise,noise,noise
2101040157541736662,other_or_meta,unclear,measured_demo,accuracy,none,False,noise,noise,noise
2101016334385434882,other_or_meta,unclear,measured_demo,cost,frontier_llm,False,noise,noise,noise
2100767639769620559,evals_and_judging,batch,measured_demo,accuracy,frontier_llm,False,not_covered,cost_only,cost_only
2100923067375767562,games_control_loops_simulation,feel,demo_no_numbers,none,none,True,not_covered,unproven_demo,demo
2100946643109421457,games_control_loops_simulation,feel,measured_demo,latency,none,True,not_covered,material,fast_loop
2100795484441112710,games_control_loops_simulation,feel,demo_no_numbers,none,small_llm,True,not_covered,unproven_demo,hype
2101094558839034283,other_or_meta,unclear,demo_no_numbers,capability,none,False,noise,noise,noise
2101023805283983683,other_or_meta,unclear,demo_no_numbers,none,none,False,noise,noise,noise
2100824939540660357,evals_and_judging,task,demo_no_numbers,cost,frontier_llm,False,hype,hype,hype
2100913728820482144,search_rerank_extraction,interaction,demo_no_numbers,none,none,False,not_covered,unproven_demo,demo
2101045740135194908,data_and_telemetry,batch,measured_demo,cost,small_llm,False,cost_only,cost_only,cost_only
2100822849787420862,trading_and_markets,task,demo_no_numbers,cost,none,True,not_covered,hype,hype
2101037078528090535,other_or_meta,unclear,demo_no_numbers,capability,none,False,noise,noise,noise
2100799799398441056,games_control_loops_simulation,feel,demo_no_numbers,none,none,True,not_covered,unproven_demo,demo
2100869351293513806,games_control_loops_simulation,feel,demo_no_numbers,none,none,True,not_covered,unproven_demo,demo
2100925308400808077,agent_harness_and_tool_gating,task,measured_demo,accuracy,small_llm,False,cost_only,cost_only,cost_only
2101073889266925822,games_control_loops_simulation,feel,demo_no_numbers,capability,none,True,not_covered,hype,demo
2100770166619652330,trading_and_markets,task,demo_no_numbers,none,none,False,not_covered,unproven_demo,demo
2100759308451340770,other_or_meta,task,demo_no_numbers,none,none,False,noise,noise,noise
2100867674901561697,other_or_meta,unclear,demo_no_numbers,none,none,False,noise,noise,noise
2101046005869478037,games_control_loops_simulation,feel,demo_no_numbers,capability,none,True,not_covered,hype,demo
2100850610962919551,other_or_meta,unclear,demo_no_numbers,none,none,False,noise,noise,noise
2100914367785234655,evals_and_judging,batch,demo_no_numbers,latency,none,False,not_covered,hype,hype
2101095181382721998,games_control_loops_simulation,feel,demo_no_numbers,capability,none,True,not_covered,hype,demo
2101050075279712613,other_or_meta,task,demo_no_numbers,none,none,False,noise,noise,noise
2100907300932219347,classification_routing_triage,interaction,measured_production,latency,none,True,material,material,material
2100817733692891646,data_and_telemetry,batch,measured_demo,accuracy,classic_classifier_or_ml,False,not_covered,cost_only,cost_only
2100788979759231192,classification_routing_triage,task,measured_demo,latency,small_llm,False,cost_only,cost_only,cost_only
2100766795661758642,games_control_loops_simulation,feel,demo_no_numbers,latency,none,True,not_covered,hype,hype
2100895670198530172,games_control_loops_simulation,feel,demo_no_numbers,none,none,True,not_covered,unproven_demo,demo
2101021471644733867,games_control_loops_simulation,feel,demo_no_numbers,none,none,True,not_covered,unproven_demo,demo
2100958438406955394,data_and_telemetry,batch,measured_demo,accuracy,small_llm,False,cost_only,cost_only,cost_only
2100845784619012388,games_control_loops_simulation,feel,demo_no_numbers,none,none,True,not_covered,unproven_demo,demo
2100906203396337686,games_control_loops_simulation,feel,demo_no_numbers,none,none,True,not_covered,unproven_demo,demo
2100778387451347051,compaction_and_context,task,demo_no_numbers,none,none,False,not_covered,unproven_demo,demo
2101084515942965590,evals_and_judging,interaction,demo_no_numbers,latency,none,False,not_covered,hype,hype
2100879342729363881,classification_routing_triage,task,demo_no_numbers,none,none,False,not_covered,unproven_demo,demo
2100832108855857325,games_control_loops_simulation,feel,demo_no_numbers,capability,none,True,not_covered,hype,demo
2100927101327028484,compaction_and_context,task,demo_no_numbers,capability,none,False,not_covered,hype,demo
2101051229249929516,other_or_meta,interaction,demo_no_numbers,none,none,False,noise,noise,noise
2100770687254499572,agent_harness_and_tool_gating,task,demo_no_numbers,none,none,False,not_covered,unproven_demo,demo
2100854899076710521,games_control_loops_simulation,interaction,measured_demo,cost,none,False,not_covered,cost_only,cost_only
2101079101997982037,other_or_meta,interaction,demo_no_numbers,capability,rules_or_regex,False,noise,noise,noise
2100858278742028324,classification_routing_triage,interaction,demo_no_numbers,latency,none,False,not_covered,hype,hype
2100752206601560198,games_control_loops_simulation,feel,demo_no_numbers,capability,none,True,not_covered,hype,demo
2100944650945298529,search_rerank_extraction,task,measured_demo,latency,none,False,not_covered,cost_only,cost_only
2100833655518367871,classification_routing_triage,task,demo_no_numbers,none,none,False,not_covered,unproven_demo,demo
2101066294816920063,games_control_loops_simulation,feel,demo_no_numbers,capability,none,True,not_covered,hype,demo
2100817199686619348,games_control_loops_simulation,feel,measured_demo,latency,none,True,not_covered,material,fast_loop
2101060749770514843,moderation_and_guardrails,task,demo_no_numbers,none,none,False,not_covered,unproven_demo,demo
2100830436176064597,games_control_loops_simulation,feel,demo_no_numbers,none,none,False,not_covered,unproven_demo,demo
2100988663114907720,classification_routing_triage,batch,measured_demo,cost,frontier_llm,False,not_covered,cost_only,cost_only
2100745151622664392,games_control_loops_simulation,feel,measured_demo,capability,none,True,not_covered,material,fast_loop
2100949194064425433,other_or_meta,unclear,demo_no_numbers,none,none,False,noise,noise,noise
2100993782619754610,classification_routing_triage,interaction,measured_demo,latency,frontier_llm,False,not_covered,cost_only,cost_only
2100748797722664975,classification_routing_triage,interaction,demo_no_numbers,latency,none,False,not_covered,hype,hype
2100846091281506370,games_control_loops_simulation,feel,demo_no_numbers,none,none,True,not_covered,unproven_demo,demo
2100962426439000484,classification_routing_triage,task,demo_no_numbers,cost,frontier_llm,False,hype,hype,hype
2100748404791923130,games_control_loops_simulation,feel,demo_no_numbers,none,none,True,not_covered,unproven_demo,demo
2100939003302412757,other_or_meta,unclear,demo_no_numbers,none,none,False,noise,noise,noise
2101042918412697874,classification_routing_triage,task,demo_no_numbers,none,none,False,not_covered,unproven_demo,demo
2100743311703339424,browser_and_computer_use,task,measured_demo,latency,none,False,not_covered,cost_only,cost_only
2101035975694483914,classification_routing_triage,batch,measured_demo,cost,frontier_llm,False,not_covered,cost_only,cost_only
2101085486031012250,agent_harness_and_tool_gating,task,demo_no_numbers,latency,none,False,not_covered,hype,hype
2100946207530955145,agent_harness_and_tool_gating,task,demo_no_numbers,none,none,False,not_covered,unproven_demo,demo
2100979973905592387,search_rerank_extraction,task,measured_demo,cost,none,False,not_covered,cost_only,cost_only
2100961111319429403,other_or_meta,unclear,demo_no_numbers,latency,none,False,noise,noise,noise
2100881974780993668,search_rerank_extraction,task,measured_demo,cost,none,False,not_covered,cost_only,cost_only
2100965547454374316,games_control_loops_simulation,feel,demo_no_numbers,none,none,True,not_covered,unproven_demo,demo
2101032931456168098,browser_and_computer_use,task,measured_demo,latency,small_llm,False,cost_only,cost_only,cost_only
2100762670064353662,other_or_meta,unclear,demo_no_numbers,none,none,False,noise,noise,noise
2100940521598320753,classification_routing_triage,batch,demo_no_numbers,latency,frontier_llm,False,hype,hype,hype
2100834561995493476,browser_and_computer_use,task,demo_no_numbers,none,none,False,not_covered,unproven_demo,demo
2101057280653574300,agent_harness_and_tool_gating,task,demo_no_numbers,none,none,False,not_covered,unproven_demo,demo
2101030098866454822,other_or_meta,unclear,demo_no_numbers,none,none,False,noise,noise,noise
2100928490367230201,agent_harness_and_tool_gating,task,demo_no_numbers,none,none,False,not_covered,unproven_demo,demo
2100946286136406421,evals_and_judging,interaction,demo_no_numbers,none,none,False,not_covered,unproven_demo,demo
2100788608383025251,other_or_meta,unclear,demo_no_numbers,none,none,False,noise,noise,noise
2100913636034388218,games_control_loops_simulation,feel,demo_no_numbers,none,none,True,not_covered,unproven_demo,demo
2100992973290758501,classification_routing_triage,interaction,demo_no_numbers,latency,frontier_llm,False,hype,hype,hype
2100970810483823086,games_control_loops_simulation,feel,measured_demo,latency,none,True,not_covered,material,fast_loop
2100917647856812134,classification_routing_triage,interaction,demo_no_numbers,none,none,False,not_covered,unproven_demo,demo
2101057277566599230,other_or_meta,interaction,demo_no_numbers,cost,none,False,noise,noise,noise
2101040177414062305,other_or_meta,unclear,demo_no_numbers,accuracy,none,False,noise,noise,noise
2101035220044542421,other_or_meta,interaction,measured_demo,latency,none,False,noise,noise,noise
2100948299448774882,classification_routing_triage,interaction,demo_no_numbers,none,none,False,not_covered,unproven_demo,demo
2101058974670000421,evals_and_judging,task,demo_no_numbers,none,none,False,not_covered,unproven_demo,demo
2101025059909353718,games_control_loops_simulation,feel,demo_no_numbers,none,none,True,not_covered,unproven_demo,demo
2101053413546963056,evals_and_judging,interaction,demo_no_numbers,none,rules_or_regex,False,not_covered,unproven_demo,hype
2101064273187274838,games_control_loops_simulation,feel,demo_no_numbers,none,none,True,not_covered,unproven_demo,demo
2101019519091151061,games_control_loops_simulation,feel,demo_no_numbers,none,none,True,not_covered,unproven_demo,demo
2100745305801302377,search_rerank_extraction,batch,demo_no_numbers,none,none,False,not_covered,unproven_demo,demo
2100933101966758250,other_or_meta,unclear,demo_no_numbers,none,none,False,noise,noise,noise
2100780526969692451,games_control_loops_simulation,feel,measured_demo,cost,none,True,not_covered,material,fast_loop
2100934084503519325,moderation_and_guardrails,interaction,demo_no_numbers,none,none,False,not_covered,unproven_demo,demo
2100937627973415340,data_and_telemetry,batch,measured_demo,cost,none,False,not_covered,cost_only,cost_only
2100749397864681735,live_chat_streams_events,interaction,measured_demo,cost,none,True,material,material,material
2100987079488409741,compaction_and_context,task,measured_demo,cost,none,False,not_covered,cost_only,cost_only
2100824771588227292,agent_harness_and_tool_gating,task,demo_no_numbers,cost,frontier_llm,False,hype,hype,hype
2100940830471061661,games_control_loops_simulation,feel,demo_no_numbers,none,none,True,not_covered,unproven_demo,demo
2101023899265692100,collaboration_and_typing,interaction,measured_demo,latency,none,True,material,material,material
2100984628811084144,games_control_loops_simulation,feel,measured_demo,cost,none,True,not_covered,material,fast_loop
2100903520425677027,games_control_loops_simulation,feel,demo_no_numbers,none,none,True,not_covered,unproven_demo,demo
2100854873550196962,data_and_telemetry,batch,measured_demo,cost,none,False,not_covered,cost_only,cost_only
2101062935158350307,search_rerank_extraction,batch,demo_no_numbers,none,none,True,not_covered,unproven_demo,demo
2100746693293867192,agent_harness_and_tool_gating,task,demo_no_numbers,cost,none,False,not_covered,hype,hype
2100929909829120371,other_or_meta,unclear,demo_no_numbers,none,none,False,noise,noise,noise
2100951412570218926,classification_routing_triage,task,measured_demo,latency,small_llm,False,cost_only,cost_only,cost_only
2101096030641238236,trading_and_markets,turn,demo_no_numbers,none,none,True,not_covered,unproven_demo,demo
2101064363931250717,evals_and_judging,interaction,measured_demo,accuracy,none,False,not_covered,cost_only,cost_only
2100820581444980736,live_chat_streams_events,interaction,demo_no_numbers,none,none,True,not_covered,unproven_demo,demo
2101094328370155921,other_or_meta,unclear,measured_demo,accuracy,classic_classifier_or_ml,False,noise,noise,noise
2101016673109016622,other_or_meta,unclear,demo_no_numbers,latency,none,False,noise,noise,noise
2100763000517054968,classification_routing_triage,task,measured_demo,accuracy,vendor_api,False,cost_only,cost_only,cost_only
2100746693033816557,games_control_loops_simulation,feel,demo_no_numbers,capability,none,False,not_covered,hype,demo
2100768849528586320,games_control_loops_simulation,feel,demo_no_numbers,none,none,True,not_covered,unproven_demo,demo
2101078288307478861,games_control_loops_simulation,feel,demo_no_numbers,none,none,True,not_covered,unproven_demo,demo
2100885119573901395,other_or_meta,unclear,demo_no_numbers,none,none,False,noise,noise,noise
2101057935115997471,other_or_meta,unclear,demo_no_numbers,capability,none,False,noise,noise,noise
2101005361457115343,evals_and_judging,task,measured_demo,cost,none,False,not_covered,cost_only,cost_only
2100823962179805333,other_or_meta,unclear,demo_no_numbers,none,small_llm,False,noise,noise,noise
2100959743875649632,other_or_meta,unclear,demo_no_numbers,none,none,False,noise,noise,noise
2100983340602179953,evals_and_judging,batch,measured_demo,accuracy,frontier_llm,False,not_covered,cost_only,cost_only
2100962406344409190,voice_and_turn_taking,turn,measured_demo,latency,none,True,material,material,material
2101021128156201288,classification_routing_triage,task,demo_no_numbers,capability,frontier_llm,False,not_covered,hype,hype
2100990605308441076,evals_and_judging,task,demo_no_numbers,none,none,False,not_covered,unproven_demo,demo
2100832383797019077,games_control_loops_simulation,feel,demo_no_numbers,none,none,True,not_covered,unproven_demo,demo
2101039090737303992,compaction_and_context,task,measured_demo,accuracy,small_llm,False,cost_only,cost_only,cost_only
2100753906607468947,collaboration_and_typing,interaction,demo_no_numbers,none,none,True,not_covered,unproven_demo,demo
2100844705588347238,games_control_loops_simulation,feel,demo_no_numbers,none,none,True,not_covered,unproven_demo,demo
2100812326668587233,evals_and_judging,task,measured_demo,latency,frontier_llm,False,not_covered,cost_only,cost_only
2100924825300836836,classification_routing_triage,task,demo_no_numbers,none,none,False,not_covered,unproven_demo,demo
2100856883481608481,other_or_meta,unclear,demo_no_numbers,none,none,False,noise,noise,noise
2100908216867508606,moderation_and_guardrails,interaction,demo_no_numbers,capability,rules_or_regex,True,not_covered,hype,hype
2100951639469474000,evals_and_judging,interaction,demo_no_numbers,none,none,True,not_covered,unproven_demo,demo
2101021237417787819,browser_and_computer_use,task,demo_no_numbers,latency,none,True,not_covered,hype,hype
2100914580394307857,search_rerank_extraction,batch,measured_demo,latency,none,False,not_covered,cost_only,cost_only
2100923448050815257,other_or_meta,unclear,demo_no_numbers,none,none,False,noise,noise,noise
2100894473085489510,classification_routing_triage,batch,measured_demo,cost,none,False,not_covered,cost_only,cost_only
2100854492770214358,other_or_meta,unclear,demo_no_numbers,none,none,False,noise,noise,noise
2101060704128348618,games_control_loops_simulation,feel,measured_demo,cost,none,True,not_covered,material,fast_loop
2101084662793666618,games_control_loops_simulation,feel,demo_no_numbers,none,none,True,not_covered,unproven_demo,demo
2101005086348488797,search_rerank_extraction,interaction,demo_no_numbers,none,none,False,not_covered,unproven_demo,demo
2100882724068491471,moderation_and_guardrails,interaction,measured_demo,latency,frontier_llm,False,not_covered,cost_only,cost_only
2101035345643221239,browser_and_computer_use,task,measured_demo,latency,none,False,not_covered,cost_only,cost_only
2100909012367634772,evals_and_judging,unclear,measured_demo,accuracy,none,False,not_covered,cost_only,cost_only
2101025013243555971,data_and_telemetry,batch,demo_no_numbers,none,none,False,not_covered,unproven_demo,demo
2101065506652319854,games_control_loops_simulation,feel,measured_demo,cost,none,True,not_covered,material,fast_loop
2101030005060853800,games_control_loops_simulation,feel,demo_no_numbers,none,none,True,not_covered,unproven_demo,demo
2100762277846921611,search_rerank_extraction,interaction,measured_demo,latency,none,False,not_covered,cost_only,cost_only
2100968892591968320,other_or_meta,unclear,demo_no_numbers,none,none,False,noise,noise,noise
2100963424163307712,games_control_loops_simulation,feel,measured_demo,latency,none,True,not_covered,material,fast_loop
2100938146175152323,games_control_loops_simulation,feel,measured_demo,cost,none,True,not_covered,material,fast_loop
2101045790470799697,classification_routing_triage,interaction,demo_no_numbers,capability,none,False,not_covered,hype,demo
2100795422922924119,games_control_loops_simulation,feel,demo_no_numbers,capability,none,True,not_covered,hype,demo
2101001879039639730,other_or_meta,unclear,demo_no_numbers,none,none,False,noise,noise,noise
2100955502075388250,moderation_and_guardrails,interaction,demo_no_numbers,latency,none,False,not_covered,hype,hype
2100894565905670222,other_or_meta,unclear,demo_no_numbers,none,none,False,noise,noise,noise
2100882320945520778,games_control_loops_simulation,feel,demo_no_numbers,none,none,True,not_covered,unproven_demo,demo
2101009335601987674,other_or_meta,interaction,demo_no_numbers,none,none,False,noise,noise,noise
2101053797279666303,trading_and_markets,task,demo_no_numbers,none,none,True,not_covered,unproven_demo,demo
2100992526417031678,classification_routing_triage,interaction,demo_no_numbers,capability,none,True,not_covered,hype,demo
2100741618345406903,evals_and_judging,interaction,demo_no_numbers,none,none,False,not_covered,unproven_demo,demo
2100756529653633249,evals_and_judging,task,demo_no_numbers,none,none,False,not_covered,unproven_demo,demo
2100882503242227937,games_control_loops_simulation,feel,demo_no_numbers,none,none,True,not_covered,unproven_demo,demo
2100946109308748079,games_control_loops_simulation,feel,demo_no_numbers,none,none,True,not_covered,unproven_demo,demo
2100852540900520097,agent_harness_and_tool_gating,task,measured_demo,capability,none,False,not_covered,cost_only,cost_only
2101037081719902327,classification_routing_triage,interaction,demo_no_numbers,capability,none,False,not_covered,hype,demo
2101084432585134169,classification_routing_triage,batch,measured_demo,accuracy,classic_classifier_or_ml,False,not_covered,cost_only,cost_only
2101009088310366268,evals_and_judging,batch,measured_demo,accuracy,none,False,not_covered,cost_only,cost_only
2100848760381395317,other_or_meta,unclear,demo_no_numbers,latency,none,False,noise,noise,noise
2101088709710103036,other_or_meta,unclear,demo_no_numbers,none,none,False,noise,noise,noise
2100948769823211542,classification_routing_triage,task,demo_no_numbers,capability,none,False,not_covered,hype,demo
2101058122634666079,search_rerank_extraction,task,demo_no_numbers,none,none,False,not_covered,unproven_demo,demo
2101012727896363222,classification_routing_triage,batch,measured_demo,cost,frontier_llm,False,not_covered,cost_only,cost_only
2100949713138729135,games_control_loops_simulation,feel,demo_no_numbers,capability,none,True,not_covered,hype,demo
2100749962682458366,classification_routing_triage,batch,measured_demo,cost,frontier_llm,False,not_covered,cost_only,cost_only
2101032394480398400,games_control_loops_simulation,feel,measured_demo,cost,none,True,not_covered,material,fast_loop
2100968037117780130,other_or_meta,unclear,measured_demo,cost,none,False,noise,noise,noise
2101078507531223130,browser_and_computer_use,interaction,measured_demo,latency,vendor_api,False,not_covered,cost_only,cost_only
2101068150091485574,moderation_and_guardrails,interaction,measured_demo,cost,none,True,material,material,material
2101076982373191927,voice_and_turn_taking,task,demo_no_numbers,none,none,True,not_covered,unproven_demo,demo
2101050585021886597,live_chat_streams_events,turn,measured_demo,latency,frontier_llm,True,not_covered,cost_only,material_vs_frontier
2100971640184074565,moderation_and_guardrails,turn,measured_demo,latency,none,True,material,material,material
2100969346004852747,games_control_loops_simulation,feel,demo_no_numbers,none,none,True,not_covered,unproven_demo,demo
2100804974762762386,other_or_meta,unclear,demo_no_numbers,none,none,False,noise,noise,noise
2101098459940212934,classification_routing_triage,task,demo_no_numbers,none,none,False,not_covered,unproven_demo,demo
2100924568013615354,search_rerank_extraction,interaction,demo_no_numbers,none,none,False,not_covered,unproven_demo,demo
2101029487853051960,search_rerank_extraction,task,demo_no_numbers,none,none,False,not_covered,unproven_demo,demo
2101028319722676581,agent_harness_and_tool_gating,interaction,demo_no_numbers,none,none,False,not_covered,unproven_demo,demo
2100938813707366848,moderation_and_guardrails,interaction,demo_no_numbers,latency,none,True,not_covered,hype,hype
2100970398611595535,agent_harness_and_tool_gating,task,demo_no_numbers,cost,none,False,not_covered,hype,hype
2100898307186864593,moderation_and_guardrails,interaction,demo_no_numbers,none,none,True,not_covered,unproven_demo,demo
2100999211450089940,agent_harness_and_tool_gating,task,demo_no_numbers,capability,none,False,not_covered,hype,demo
2101068441478422703,moderation_and_guardrails,interaction,demo_no_numbers,cost,frontier_llm,True,hype,hype,hype
2100943422873911416,collaboration_and_typing,feel,demo_no_numbers,capability,frontier_llm,True,not_covered,hype,hype
2101087098862457086,browser_and_computer_use,task,demo_no_numbers,cost,none,False,not_covered,hype,hype
2100743688628683228,other_or_meta,unclear,measured_demo,cost,none,False,noise,noise,noise
2101081490603786358,moderation_and_guardrails,interaction,demo_no_numbers,none,none,True,not_covered,unproven_demo,demo
2100740085188853850,data_and_telemetry,batch,measured_demo,cost,none,False,not_covered,cost_only,cost_only
2101020602115228123,other_or_meta,unclear,demo_no_numbers,none,none,False,noise,noise,noise
2100766495240270157,evals_and_judging,task,measured_demo,latency,frontier_llm,False,not_covered,cost_only,cost_only
2100948536523096370,evals_and_judging,interaction,demo_no_numbers,none,none,False,not_covered,unproven_demo,demo
2100965898903228888,other_or_meta,unclear,demo_no_numbers,none,none,False,noise,noise,noise
2100867827670687814,classification_routing_triage,task,demo_no_numbers,cost,frontier_llm,False,hype,hype,hype
2100980770206879849,classification_routing_triage,task,measured_demo,cost,none,False,not_covered,cost_only,cost_only
2101001043626860829,agent_harness_and_tool_gating,task,measured_demo,latency,none,False,not_covered,cost_only,cost_only
2100895104055836914,games_control_loops_simulation,feel,measured_demo,cost,none,True,not_covered,material,fast_loop
2100897652342988901,trading_and_markets,task,measured_demo,cost,none,True,not_covered,cost_only,cost_only
2100900686687052276,other_or_meta,unclear,demo_no_numbers,none,none,False,noise,noise,noise
2100942434389897453,games_control_loops_simulation,feel,demo_no_numbers,none,none,True,not_covered,unproven_demo,demo
2100892996330016896,games_control_loops_simulation,feel,demo_no_numbers,none,none,True,not_covered,unproven_demo,demo
2100960923993375020,games_control_loops_simulation,feel,demo_no_numbers,none,none,True,not_covered,unproven_demo,demo
2100911311274291644,data_and_telemetry,batch,measured_demo,none,none,False,not_covered,cost_only,cost_only
2100900967990354130,classification_routing_triage,interaction,measured_demo,accuracy,frontier_llm,False,not_covered,cost_only,cost_only
2101085913866809652,evals_and_judging,batch,measured_demo,accuracy,small_llm,False,cost_only,cost_only,cost_only
2100963005764919517,games_control_loops_simulation,feel,demo_no_numbers,none,none,True,not_covered,unproven_demo,demo
2100875112044269642,classification_routing_triage,interaction,measured_demo,latency,none,False,not_covered,cost_only,cost_only
2101043821161177381,games_control_loops_simulation,task,measured_demo,latency,frontier_llm,False,not_covered,cost_only,cost_only
2100824770074063017,classification_routing_triage,interaction,measured_demo,accuracy,frontier_llm,False,not_covered,cost_only,cost_only
2100827050374488350,classification_routing_triage,interaction,measured_demo,latency,frontier_llm,False,not_covered,cost_only,cost_only
2100842764602933492,classification_routing_triage,interaction,demo_no_numbers,none,none,False,not_covered,unproven_demo,demo
2100893095147565523,evals_and_judging,task,demo_no_numbers,none,none,False,not_covered,unproven_demo,demo
2100949729081512314,trading_and_markets,task,demo_no_numbers,none,none,True,not_covered,unproven_demo,demo
2100769478522884339,browser_and_computer_use,task,demo_no_numbers,none,none,False,not_covered,unproven_demo,demo
2100969755318370699,games_control_loops_simulation,feel,demo_no_numbers,none,none,True,not_covered,unproven_demo,demo
2100949987571974537,games_control_loops_simulation,feel,demo_no_numbers,capability,none,True,not_covered,hype,demo
2101059796049010892,other_or_meta,batch,measured_demo,cost,small_llm,False,noise,noise,noise
2100889064874393778,evals_and_judging,unclear,proposal_or_idea,capability,none,False,not_covered,hype,demo
2100815575232745643,evals_and_judging,interaction,demo_no_numbers,none,none,False,not_covered,unproven_demo,demo
2100805054060269974,games_control_loops_simulation,feel,demo_no_numbers,none,none,True,not_covered,unproven_demo,demo
2100941309511098578,search_rerank_extraction,interaction,demo_no_numbers,none,none,False,not_covered,unproven_demo,demo
2100844775650025745,classification_routing_triage,batch,measured_demo,latency,none,False,not_covered,cost_only,cost_only
2101026380611985710,games_control_loops_simulation,feel,demo_no_numbers,none,none,True,not_covered,unproven_demo,demo
2100813467884343469,search_rerank_extraction,batch,measured_demo,accuracy,none,False,not_covered,cost_only,cost_only
2101062313516347491,data_and_telemetry,batch,measured_demo,cost,frontier_llm,False,not_covered,cost_only,cost_only
2101013671400878088,other_or_meta,unclear,commentary_or_meme,none,none,False,noise,noise,noise
2100866957281280090,other_or_meta,unclear,demo_no_numbers,none,none,False,noise,noise,noise
2100954555081253354,other_or_meta,unclear,demo_no_numbers,none,frontier_llm,False,noise,noise,noise
2100810954674212969,data_and_telemetry,batch,measured_demo,latency,frontier_llm,False,not_covered,cost_only,cost_only
2100986176370786768,evals_and_judging,task,demo_no_numbers,capability,none,False,not_covered,hype,demo
2101001045526872143,data_and_telemetry,task,demo_no_numbers,accuracy,classic_classifier_or_ml,False,not_covered,unproven_demo,hype
2100995268133146698,agent_harness_and_tool_gating,task,measured_demo,cost,frontier_llm,False,not_covered,cost_only,cost_only
2100888486547190206,evals_and_judging,task,demo_no_numbers,none,none,False,not_covered,unproven_demo,demo
2100933685289853234,classification_routing_triage,interaction,demo_no_numbers,none,none,False,not_covered,unproven_demo,demo
2100925308975161549,evals_and_judging,task,measured_demo,cost,none,False,not_covered,cost_only,cost_only
2101059487398342660,other_or_meta,unclear,demo_no_numbers,none,none,False,noise,noise,noise
2101087674186821699,classification_routing_triage,task,demo_no_numbers,cost,frontier_llm,False,hype,hype,hype
2101000954828992875,agent_harness_and_tool_gating,task,measured_demo,latency,none,False,not_covered,cost_only,cost_only
2100973875072733288,other_or_meta,unclear,demo_no_numbers,none,none,False,noise,noise,noise
2100838679996772751,other_or_meta,unclear,demo_no_numbers,none,none,False,noise,noise,noise
2100982538739335661,classification_routing_triage,task,demo_no_numbers,none,none,False,not_covered,unproven_demo,demo
2100759608025333763,search_rerank_extraction,interaction,demo_no_numbers,latency,none,False,not_covered,hype,hype
2100917533083587040,other_or_meta,task,measured_demo,cost,frontier_llm,False,noise,noise,noise
2100937995637673986,trading_and_markets,task,measured_demo,cost,none,True,not_covered,cost_only,cost_only
2101013867627159592,live_chat_streams_events,interaction,demo_no_numbers,none,none,True,not_covered,unproven_demo,demo
2100824325221703700,games_control_loops_simulation,feel,measured_demo,none,none,True,not_covered,material,fast_loop
2100954087605113072,games_control_loops_simulation,feel,demo_no_numbers,none,none,True,not_covered,unproven_demo,demo
2100948651678081372,moderation_and_guardrails,unclear,demo_no_numbers,none,none,False,not_covered,unproven_demo,demo
2101055509088420350,search_rerank_extraction,batch,demo_no_numbers,none,none,False,not_covered,unproven_demo,demo
2101042368980058259,evals_and_judging,task,measured_demo,accuracy,frontier_llm,False,not_covered,cost_only,cost_only
2101048015720951975,evals_and_judging,unclear,demo_no_numbers,none,none,False,not_covered,unproven_demo,demo
2100858233996898404,trading_and_markets,task,measured_demo,latency,none,True,not_covered,cost_only,cost_only
2101033942589788393,other_or_meta,unclear,demo_no_numbers,none,none,False,noise,noise,noise
2100942373291258076,games_control_loops_simulation,feel,demo_no_numbers,none,none,True,not_covered,unproven_demo,demo
2100802078990032997,games_control_loops_simulation,feel,measured_demo,latency,none,True,not_covered,material,fast_loop
2101059313410228527,agent_harness_and_tool_gating,task,demo_no_numbers,none,rules_or_regex,False,not_covered,unproven_demo,hype
2101095353697357921,evals_and_judging,batch,measured_demo,latency,none,False,not_covered,cost_only,cost_only
2100850609805209753,classification_routing_triage,interaction,measured_demo,latency,small_llm,False,not_covered,cost_only,cost_only
2100973211009888481,evals_and_judging,batch,demo_no_numbers,none,none,False,not_covered,unproven_demo,demo
2100919256963756055,browser_and_computer_use,task,measured_demo,latency,frontier_llm,False,not_covered,cost_only,cost_only
2101042229720793104,games_control_loops_simulation,feel,demo_no_numbers,none,none,False,not_covered,unproven_demo,demo
2101020844092756072,games_control_loops_simulation,feel,demo_no_numbers,none,none,True,not_covered,unproven_demo,demo
2100965636314746999,other_or_meta,unclear,demo_no_numbers,none,none,False,noise,noise,noise
2101009439054512558,other_or_meta,unclear,demo_no_numbers,none,none,False,noise,noise,noise
2100890989280039176,data_and_telemetry,batch,measured_demo,latency,none,False,not_covered,cost_only,cost_only
2100891201339609217,games_control_loops_simulation,feel,demo_no_numbers,none,none,True,not_covered,unproven_demo,demo
2101064388308299912,other_or_meta,batch,measured_demo,accuracy,none,False,noise,noise,noise
2100783584084664454,games_control_loops_simulation,feel,demo_no_numbers,none,none,True,not_covered,unproven_demo,demo
2100848310148120920,evals_and_judging,task,demo_no_numbers,none,frontier_llm,False,not_covered,hype,hype
2100928655153144253,data_and_telemetry,batch,demo_no_numbers,none,none,False,not_covered,unproven_demo,demo
2101083855193301236,live_chat_streams_events,interaction,measured_demo,cost,none,True,material,material,material
2101008004082774074,other_or_meta,unclear,demo_no_numbers,none,none,False,noise,noise,noise
2100975114753892550,search_rerank_extraction,interaction,measured_demo,latency,none,False,not_covered,cost_only,cost_only
2100958337483350049,search_rerank_extraction,interaction,demo_no_numbers,none,none,False,not_covered,unproven_demo,demo
2101050625962221614,games_control_loops_simulation,feel,demo_no_numbers,none,none,True,not_covered,unproven_demo,demo
2100918499593842867,search_rerank_extraction,interaction,demo_no_numbers,none,none,False,not_covered,unproven_demo,demo
2101071858951172120,other_or_meta,unclear,demo_no_numbers,none,none,False,noise,noise,noise
2100817301348262301,classification_routing_triage,interaction,measured_demo,cost,none,False,not_covered,cost_only,cost_only
2101085488665014685,other_or_meta,task,measured_demo,latency,none,False,noise,noise,noise
2101090226856931776,browser_and_computer_use,interaction,demo_no_numbers,capability,none,True,not_covered,hype,demo
2100843620056416703,games_control_loops_simulation,feel,measured_demo,none,none,True,not_covered,material,fast_loop
2100887152217202719,data_and_telemetry,batch,demo_no_numbers,none,none,False,not_covered,unproven_demo,demo
2101047345496617218,search_rerank_extraction,interaction,demo_no_numbers,none,none,False,not_covered,unproven_demo,demo
2100743152542130517,classification_routing_triage,batch,measured_demo,accuracy,small_llm,False,cost_only,cost_only,cost_only
2100958020075196720,other_or_meta,unclear,demo_no_numbers,none,none,False,noise,noise,noise
2100964585595687128,voice_and_turn_taking,turn,measured_demo,latency,frontier_llm,True,not_covered,cost_only,material_vs_frontier
2100807715509424452,moderation_and_guardrails,interaction,demo_no_numbers,none,none,True,not_covered,unproven_demo,demo
2101052524098879597,classification_routing_triage,task,demo_no_numbers,none,none,False,not_covered,unproven_demo,demo
2100752134929354967,evals_and_judging,batch,demo_no_numbers,accuracy,none,False,not_covered,unproven_demo,hype
2101054115141083209,classification_routing_triage,interaction,measured_demo,cost,frontier_llm,False,not_covered,cost_only,cost_only
2100777227033944114,other_or_meta,unclear,demo_no_numbers,none,none,False,noise,noise,noise
2100916369407496320,evals_and_judging,interaction,demo_no_numbers,accuracy,none,False,not_covered,unproven_demo,hype
2100798480793080242,search_rerank_extraction,batch,demo_no_numbers,cost,none,False,not_covered,hype,hype
2100763340985532900,data_and_telemetry,batch,demo_no_numbers,none,none,False,not_covered,unproven_demo,demo
2101014737383206914,games_control_loops_simulation,feel,demo_no_numbers,none,none,True,not_covered,unproven_demo,demo
2101084015113744591,other_or_meta,unclear,demo_no_numbers,capability,none,False,noise,noise,noise
2100867853054280123,games_control_loops_simulation,feel,demo_no_numbers,none,none,True,not_covered,unproven_demo,demo
2101019803364499933,search_rerank_extraction,interaction,demo_no_numbers,none,none,False,not_covered,unproven_demo,demo
2100921927241998496,trading_and_markets,task,demo_no_numbers,none,none,True,not_covered,unproven_demo,demo
2100860630508953988,other_or_meta,unclear,demo_no_numbers,none,none,False,noise,noise,noise
2100901849695920132,moderation_and_guardrails,interaction,demo_no_numbers,accuracy,none,False,not_covered,unproven_demo,hype
2100888977771258293,compaction_and_context,task,demo_no_numbers,capability,none,False,not_covered,hype,demo
2101010176128303614,games_control_loops_simulation,feel,demo_no_numbers,latency,none,True,not_covered,hype,hype
2101024692526280706,live_chat_streams_events,batch,demo_no_numbers,none,none,False,not_covered,unproven_demo,demo
2100879606924345747,other_or_meta,unclear,demo_no_numbers,none,classic_classifier_or_ml,False,noise,noise,noise
2100950200873628086,games_control_loops_simulation,frame,demo_no_numbers,latency,none,True,not_covered,hype,hype
2100987585384345890,games_control_loops_simulation,feel,measured_demo,cost,none,True,not_covered,material,fast_loop
2100822293803143208,agent_harness_and_tool_gating,turn,measured_demo,latency,frontier_llm,True,not_covered,cost_only,material_vs_frontier
2101030551280910636,search_rerank_extraction,batch,measured_demo,cost,none,False,not_covered,cost_only,cost_only
2100902243398512993,evals_and_judging,task,demo_no_numbers,accuracy,frontier_llm,False,not_covered,hype,hype
2100948518013952252,agent_harness_and_tool_gating,task,demo_no_numbers,capability,none,False,not_covered,hype,demo
2100860002185642418,classification_routing_triage,batch,demo_no_numbers,accuracy,none,False,not_covered,unproven_demo,hype
2101048652169089314,games_control_loops_simulation,feel,demo_no_numbers,none,none,True,not_covered,unproven_demo,demo
2100772813166772245,trading_and_markets,task,demo_no_numbers,none,none,True,not_covered,unproven_demo,demo
2100942984720089550,other_or_meta,unclear,demo_no_numbers,none,none,False,noise,noise,noise
2101046138929340518,moderation_and_guardrails,task,measured_demo,accuracy,none,False,not_covered,cost_only,cost_only
2100989048424689852,agent_harness_and_tool_gating,task,measured_demo,cost,frontier_llm,False,not_covered,cost_only,cost_only
2100779783626031240,agent_harness_and_tool_gating,task,demo_no_numbers,none,none,False,not_covered,unproven_demo,demo
2100883090889712078,other_or_meta,interaction,measured_demo,latency,none,False,noise,noise,noise
2100886668228378898,browser_and_computer_use,task,demo_no_numbers,none,none,False,not_covered,unproven_demo,demo
2100939651473346733,other_or_meta,unclear,commentary_or_meme,none,none,False,noise,noise,noise
2100937732012822897,games_control_loops_simulation,feel,measured_demo,latency,frontier_llm,True,not_covered,cost_only,fast_loop
2100999241326047596,other_or_meta,unclear,measured_demo,accuracy,none,False,noise,noise,noise
2100838225141243959,other_or_meta,unclear,demo_no_numbers,none,none,False,noise,noise,noise
2100790251707089104,moderation_and_guardrails,interaction,demo_no_numbers,accuracy,classic_classifier_or_ml,False,not_covered,unproven_demo,hype
2100828092583317834,agent_harness_and_tool_gating,task,demo_no_numbers,cost,none,False,not_covered,hype,hype
2101006784765071640,live_chat_streams_events,interaction,demo_no_numbers,latency,none,True,not_covered,hype,hype
2101027568484807031,games_control_loops_simulation,feel,measured_demo,cost,frontier_llm,True,not_covered,cost_only,fast_loop
2101006905506492510,trading_and_markets,batch,measured_demo,none,none,False,not_covered,cost_only,cost_only
2101066261656633634,other_or_meta,unclear,demo_no_numbers,none,none,False,noise,noise,noise
2100796490516169184,other_or_meta,unclear,demo_no_numbers,none,none,False,noise,noise,noise
2100822237221724317,moderation_and_guardrails,interaction,demo_no_numbers,none,none,False,not_covered,unproven_demo,demo
2100853164245385724,trading_and_markets,task,demo_no_numbers,none,none,True,not_covered,unproven_demo,demo
2101000223443263778,classification_routing_triage,interaction,demo_no_numbers,latency,classic_classifier_or_ml,False,not_covered,hype,hype
2100967258453320146,evals_and_judging,task,measured_demo,none,none,False,not_covered,cost_only,cost_only
2100814017954464193,search_rerank_extraction,batch,measured_demo,accuracy,rules_or_regex,False,not_covered,cost_only,cost_only
2101079338942923264,other_or_meta,interaction,demo_no_numbers,none,none,False,noise,noise,noise
2101076928233160705,classification_routing_triage,interaction,demo_no_numbers,none,none,False,not_covered,unproven_demo,demo
2100841146696032591,games_control_loops_simulation,feel,measured_demo,latency,none,True,not_covered,material,fast_loop
2100943960852083017,compaction_and_context,task,demo_no_numbers,latency,none,False,not_covered,hype,hype
2100963725385822697,games_control_loops_simulation,feel,demo_no_numbers,capability,none,True,not_covered,hype,demo
2100993428465041421,other_or_meta,unclear,demo_no_numbers,none,none,False,noise,noise,noise
2101068225060737192,other_or_meta,unclear,demo_no_numbers,none,none,False,noise,noise,noise
2100847072392192061,collaboration_and_typing,interaction,demo_no_numbers,latency,none,True,not_covered,hype,hype
2100962570052030550,search_rerank_extraction,interaction,demo_no_numbers,none,none,False,not_covered,unproven_demo,demo
2100882678211916048,agent_harness_and_tool_gating,task,demo_no_numbers,none,none,False,not_covered,unproven_demo,demo
2100997199102677033,evals_and_judging,task,demo_no_numbers,none,none,False,not_covered,unproven_demo,demo
2100931921874411668,games_control_loops_simulation,feel,demo_no_numbers,none,none,True,not_covered,unproven_demo,demo
2100965764656193831,agent_harness_and_tool_gating,task,demo_no_numbers,none,none,False,not_covered,unproven_demo,demo
2100743740549702044,moderation_and_guardrails,interaction,demo_no_numbers,none,none,False,not_covered,unproven_demo,demo
2100821307898429720,games_control_loops_simulation,feel,demo_no_numbers,none,none,True,not_covered,unproven_demo,demo
2100966096526524490,games_control_loops_simulation,feel,demo_no_numbers,none,none,True,not_covered,unproven_demo,demo
2101080057213222990,other_or_meta,unclear,demo_no_numbers,none,none,False,noise,noise,noise
2101005915835269307,moderation_and_guardrails,task,demo_no_numbers,none,rules_or_regex,False,not_covered,unproven_demo,hype
2100846896776626402,other_or_meta,unclear,demo_no_numbers,none,none,False,noise,noise,noise
2100970669987266799,live_chat_streams_events,interaction,demo_no_numbers,latency,classic_classifier_or_ml,True,not_covered,hype,hype
2100945511003885815,agent_harness_and_tool_gating,task,demo_no_numbers,capability,none,False,not_covered,hype,demo
2100963528261751073,evals_and_judging,task,measured_demo,latency,none,False,not_covered,cost_only,cost_only
2101019068702879952,agent_harness_and_tool_gating,task,measured_demo,none,none,False,not_covered,cost_only,cost_only
2100798919383089414,moderation_and_guardrails,interaction,demo_no_numbers,cost,classic_classifier_or_ml,True,not_covered,hype,hype
2100961395537829949,other_or_meta,unclear,commentary_or_meme,none,small_llm,False,noise,noise,noise
2100875502152245614,other_or_meta,unclear,demo_no_numbers,none,none,False,noise,noise,noise
2101039552408219676,moderation_and_guardrails,interaction,measured_demo,accuracy,classic_classifier_or_ml,False,not_covered,cost_only,cost_only
2100962912764637631,classification_routing_triage,interaction,demo_no_numbers,none,none,False,not_covered,unproven_demo,demo
2100786278685909108,classification_routing_triage,task,proposal_or_idea,capability,frontier_llm,False,not_covered,hype,hype
2101073258842054838,other_or_meta,unclear,demo_no_numbers,none,none,False,noise,noise,noise
2100800323057320052,trading_and_markets,batch,demo_no_numbers,none,none,False,not_covered,unproven_demo,demo
2101045885257843001,games_control_loops_simulation,feel,measured_demo,cost,frontier_llm,True,not_covered,cost_only,fast_loop
2100927906612380052,classification_routing_triage,interaction,demo_no_numbers,capability,none,True,not_covered,hype,demo
2100996843131863071,search_rerank_extraction,task,measured_demo,cost,none,False,not_covered,cost_only,cost_only
2100991571269214628,classification_routing_triage,task,measured_demo,accuracy,frontier_llm,False,not_covered,cost_only,cost_only
2101005942913729001,games_control_loops_simulation,feel,measured_demo,latency,none,True,not_covered,material,fast_loop
2100773366684963070,classification_routing_triage,batch,measured_demo,accuracy,rules_or_regex,False,not_covered,cost_only,cost_only
2101056813844119990,live_chat_streams_events,task,demo_no_numbers,none,none,True,not_covered,unproven_demo,demo
2100934589003030682,collaboration_and_typing,feel,demo_no_numbers,none,none,True,not_covered,unproven_demo,demo
2100809471908069798,games_control_loops_simulation,feel,measured_demo,latency,none,True,not_covered,material,fast_loop
2101036073719570869,search_rerank_extraction,unclear,demo_no_numbers,capability,none,False,not_covered,hype,demo
2101005108783857997,browser_and_computer_use,interaction,demo_no_numbers,none,none,False,not_covered,unproven_demo,demo
2101016122523083184,games_control_loops_simulation,task,demo_no_numbers,capability,none,False,not_covered,hype,demo
2100983976899068283,evals_and_judging,task,measured_demo,accuracy,frontier_llm,False,not_covered,cost_only,cost_only
2101061936834023754,browser_and_computer_use,interaction,demo_no_numbers,latency,none,True,not_covered,hype,hype
2101074523286106124,games_control_loops_simulation,feel,measured_demo,cost,none,True,not_covered,material,fast_loop
2100953409973108759,search_rerank_extraction,interaction,demo_no_numbers,capability,none,False,not_covered,hype,demo
2101063408200077794,classification_routing_triage,batch,measured_demo,cost,frontier_llm,False,not_covered,cost_only,cost_only
2100756930578825371,games_control_loops_simulation,feel,demo_no_numbers,none,none,True,not_covered,unproven_demo,demo
2100997073382568308,classification_routing_triage,interaction,demo_no_numbers,latency,none,False,not_covered,hype,hype
2101068780537520629,search_rerank_extraction,batch,measured_demo,accuracy,none,False,not_covered,cost_only,cost_only
2100916585967849653,games_control_loops_simulation,feel,measured_demo,accuracy,none,True,not_covered,material,fast_loop
2100979294306488814,search_rerank_extraction,interaction,measured_demo,cost,frontier_llm,False,not_covered,cost_only,cost_only
2100871733658157198,games_control_loops_simulation,feel,demo_no_numbers,none,none,True,not_covered,unproven_demo,demo
2101029543335325855,other_or_meta,unclear,commentary_or_meme,none,none,False,noise,noise,noise
2101042877174313176,other_or_meta,unclear,demo_no_numbers,none,none,False,noise,noise,noise
2101089701533004144,other_or_meta,unclear,demo_no_numbers,none,none,False,noise,noise,noise
2101036327441686718,moderation_and_guardrails,interaction,demo_no_numbers,none,none,True,not_covered,unproven_demo,demo
2100980502362517801,games_control_loops_simulation,task,demo_no_numbers,none,none,False,not_covered,unproven_demo,demo
2100978154194038988,games_control_loops_simulation,feel,measured_demo,latency,none,True,not_covered,material,fast_loop
2100974639367520624,search_rerank_extraction,batch,measured_demo,latency,none,False,not_covered,cost_only,cost_only
2100944919229816835,compaction_and_context,unclear,demo_no_numbers,none,none,False,not_covered,unproven_demo,demo
2100901153135354367,classification_routing_triage,interaction,demo_no_numbers,cost,frontier_llm,False,hype,hype,hype
2100927192343413104,other_or_meta,unclear,measured_demo,latency,none,False,noise,noise,noise
2100767017884123367,classification_routing_triage,interaction,measured_demo,latency,none,False,not_covered,cost_only,cost_only
2100922443577643348,games_control_loops_simulation,feel,demo_no_numbers,latency,none,True,not_covered,hype,hype
2100979161196052855,agent_harness_and_tool_gating,task,measured_demo,latency,none,True,not_covered,cost_only,cost_only
2101097824792477743,other_or_meta,unclear,demo_no_numbers,none,none,False,noise,noise,noise
2100950317852455039,games_control_loops_simulation,feel,measured_demo,latency,none,True,not_covered,material,fast_loop
2100833666918494625,evals_and_judging,batch,measured_demo,latency,frontier_llm,False,not_covered,cost_only,cost_only
2100923987601805572,games_control_loops_simulation,feel,demo_no_numbers,none,none,True,not_covered,unproven_demo,demo
2100784008066130132,search_rerank_extraction,interaction,measured_demo,cost,none,False,not_covered,cost_only,cost_only
2100815652395348143,games_control_loops_simulation,feel,demo_no_numbers,none,none,True,not_covered,unproven_demo,demo
2101095630219477189,moderation_and_guardrails,interaction,measured_demo,accuracy,none,False,not_covered,cost_only,cost_only
2100779779045916775,agent_harness_and_tool_gating,task,demo_no_numbers,capability,frontier_llm,False,not_covered,hype,hype
2101013116125594026,other_or_meta,unclear,demo_no_numbers,none,none,False,noise,noise,noise
2100833745859461451,games_control_loops_simulation,feel,demo_no_numbers,none,none,True,not_covered,unproven_demo,demo
2100773290767786468,games_control_loops_simulation,feel,demo_no_numbers,none,none,True,not_covered,unproven_demo,demo
2101016990743965941,other_or_meta,unclear,commentary_or_meme,none,none,False,noise,noise,noise
2101024843193835617,search_rerank_extraction,task,measured_demo,latency,none,False,not_covered,cost_only,cost_only
2100827590781214981,agent_harness_and_tool_gating,task,demo_no_numbers,capability,none,True,not_covered,hype,demo
2100963923143098712,games_control_loops_simulation,feel,measured_demo,accuracy,none,True,not_covered,material,fast_loop
2100902898922139906,games_control_loops_simulation,feel,measured_demo,cost,none,True,not_covered,material,fast_loop
2100996527925694594,search_rerank_extraction,task,measured_demo,latency,none,False,not_covered,cost_only,cost_only
2100843191331422314,classification_routing_triage,task,demo_no_numbers,none,none,True,not_covered,unproven_demo,demo
2101012597470273826,other_or_meta,unclear,demo_no_numbers,capability,none,False,noise,noise,noise
2101063258807623872,other_or_meta,unclear,measured_demo,latency,small_llm,False,noise,noise,noise
2100920115449766320,games_control_loops_simulation,feel,demo_no_numbers,latency,none,True,not_covered,hype,hype
2100846992540999813,browser_and_computer_use,interaction,demo_no_numbers,none,none,True,not_covered,unproven_demo,demo
2100859615584117200,other_or_meta,unclear,demo_no_numbers,none,none,False,noise,noise,noise
2100859849542344921,search_rerank_extraction,unclear,demo_no_numbers,none,none,False,not_covered,unproven_demo,demo
2101072553922163042,agent_harness_and_tool_gating,task,demo_no_numbers,none,none,False,not_covered,unproven_demo,demo
2100740687498989618,search_rerank_extraction,task,measured_demo,latency,frontier_llm,False,not_covered,cost_only,cost_only
2100847024409371072,data_and_telemetry,batch,demo_no_numbers,none,none,False,not_covered,unproven_demo,demo
2101033914261532886,games_control_loops_simulation,feel,demo_no_numbers,none,frontier_llm,True,not_covered,hype,hype
2100807842681004149,data_and_telemetry,batch,demo_no_numbers,none,none,False,not_covered,unproven_demo,demo
2100931395799687363,evals_and_judging,batch,measured_demo,accuracy,frontier_llm,False,not_covered,cost_only,cost_only
2101053654010892697,agent_harness_and_tool_gating,task,demo_no_numbers,capability,frontier_llm,False,not_covered,hype,hype
2100845340127563970,browser_and_computer_use,task,measured_demo,latency,frontier_llm,True,not_covered,cost_only,cost_only
2100756207858487563,search_rerank_extraction,task,measured_demo,latency,frontier_llm,False,not_covered,cost_only,cost_only
2100915977978581235,moderation_and_guardrails,interaction,measured_demo,accuracy,none,False,not_covered,cost_only,cost_only
2100927820050366734,browser_and_computer_use,interaction,demo_no_numbers,none,none,False,not_covered,unproven_demo,demo
2100861641835622745,other_or_meta,unclear,demo_no_numbers,none,none,False,noise,noise,noise
2101047374286119296,evals_and_judging,unclear,demo_no_numbers,none,none,False,not_covered,unproven_demo,demo
2100912441911648457,other_or_meta,unclear,demo_no_numbers,none,none,False,noise,noise,noise
2100912272633627099,evals_and_judging,task,demo_no_numbers,none,none,False,not_covered,unproven_demo,demo
2100748938425073925,games_control_loops_simulation,frame,demo_no_numbers,capability,none,True,not_covered,hype,demo
2100871070995849273,browser_and_computer_use,task,demo_no_numbers,capability,none,False,not_covered,hype,demo
2101046650516943093,data_and_telemetry,task,measured_demo,cost,none,False,not_covered,cost_only,cost_only
2100857562099007587,compaction_and_context,task,demo_no_numbers,none,none,False,not_covered,unproven_demo,demo
2100882869334003767,games_control_loops_simulation,feel,demo_no_numbers,none,none,True,not_covered,unproven_demo,demo
2101030999945580598,other_or_meta,unclear,demo_no_numbers,none,none,False,noise,noise,noise
2101000072062222802,agent_harness_and_tool_gating,task,measured_production,latency,frontier_llm,False,not_covered,cost_only,cost_only
2100937350557978745,classification_routing_triage,interaction,measured_demo,latency,none,False,not_covered,cost_only,cost_only
2100900650032964065,agent_harness_and_tool_gating,task,demo_no_numbers,none,none,False,not_covered,unproven_demo,demo
2101062992624243062,data_and_telemetry,batch,measured_demo,cost,none,False,not_covered,cost_only,cost_only
2100793178014228929,search_rerank_extraction,batch,measured_demo,cost,vendor_api,False,cost_only,cost_only,cost_only
2101081395544109227,agent_harness_and_tool_gating,task,demo_no_numbers,none,none,False,not_covered,unproven_demo,demo
2101013687565959393,other_or_meta,unclear,demo_no_numbers,none,none,False,noise,noise,noise
2100952403121967298,data_and_telemetry,batch,measured_demo,latency,none,False,not_covered,cost_only,cost_only
2100926824540983697,games_control_loops_simulation,feel,demo_no_numbers,none,none,False,not_covered,unproven_demo,demo
2101098317220401545,games_control_loops_simulation,feel,demo_no_numbers,none,none,True,not_covered,unproven_demo,demo
2100783751101846005,other_or_meta,unclear,demo_no_numbers,none,none,False,noise,noise,noise
2100890907151143266,search_rerank_extraction,batch,measured_demo,cost,none,False,not_covered,cost_only,cost_only
2100865465333490028,games_control_loops_simulation,feel,demo_no_numbers,none,none,True,not_covered,unproven_demo,demo
2100979429279232085,moderation_and_guardrails,interaction,demo_no_numbers,none,none,False,not_covered,unproven_demo,demo
2101034633462977016,games_control_loops_simulation,feel,demo_no_numbers,none,none,True,not_covered,unproven_demo,demo
2101053019391492500,search_rerank_extraction,task,measured_demo,accuracy,none,False,not_covered,cost_only,cost_only
2100895666289738036,trading_and_markets,unclear,demo_no_numbers,none,none,False,not_covered,unproven_demo,demo
2100929200433864770,search_rerank_extraction,unclear,demo_no_numbers,none,none,False,not_covered,unproven_demo,demo
2100899181120360693,other_or_meta,interaction,measured_demo,cost,none,False,noise,noise,noise
2101097408578904542,classification_routing_triage,interaction,demo_no_numbers,capability,rules_or_regex,False,not_covered,hype,hype
2100791756644036868,agent_harness_and_tool_gating,task,measured_demo,accuracy,none,False,not_covered,cost_only,cost_only
2100965271657689531,games_control_loops_simulation,feel,measured_demo,capability,none,True,not_covered,material,fast_loop
2101014579317027140,other_or_meta,unclear,demo_no_numbers,none,none,False,noise,noise,noise
2100795681560793352,evals_and_judging,interaction,demo_no_numbers,none,none,True,not_covered,unproven_demo,demo
2100891358223388966,data_and_telemetry,task,demo_no_numbers,capability,frontier_llm,True,not_covered,hype,hype
2100948988128022660,evals_and_judging,task,measured_demo,accuracy,none,False,not_covered,cost_only,cost_only
2100846150056309107,evals_and_judging,interaction,measured_demo,cost,none,False,not_covered,cost_only,cost_only
2101067070028866035,search_rerank_extraction,task,demo_no_numbers,none,none,False,not_covered,unproven_demo,demo
2100770321943196102,other_or_meta,unclear,demo_no_numbers,none,none,False,noise,noise,noise
2100930273340698812,agent_harness_and_tool_gating,task,demo_no_numbers,cost,frontier_llm,False,hype,hype,hype
2101028624644153552,evals_and_judging,task,demo_no_numbers,none,none,False,not_covered,unproven_demo,demo
2101008515632619538,classification_routing_triage,interaction,measured_demo,latency,frontier_llm,False,not_covered,cost_only,cost_only
2101007440393408702,search_rerank_extraction,task,demo_no_numbers,latency,none,False,not_covered,hype,hype
2100852246778933693,search_rerank_extraction,task,demo_no_numbers,none,none,False,not_covered,unproven_demo,demo
2100740598139383975,other_or_meta,unclear,demo_no_numbers,none,none,False,noise,noise,noise
2101093145362501784,agent_harness_and_tool_gating,task,measured_demo,cost,frontier_llm,False,not_covered,cost_only,cost_only
2100921264621945140,data_and_telemetry,batch,measured_demo,cost,none,False,not_covered,cost_only,cost_only
2100754463933788660,moderation_and_guardrails,interaction,measured_demo,latency,none,False,not_covered,cost_only,cost_only
2100828177270755808,games_control_loops_simulation,task,demo_no_numbers,none,none,True,not_covered,unproven_demo,demo
2100755351402578068,games_control_loops_simulation,feel,demo_no_numbers,capability,frontier_llm,True,not_covered,hype,hype
2100967835665076491,agent_harness_and_tool_gating,task,demo_no_numbers,none,none,True,not_covered,unproven_demo,demo
2100773631827509310,classification_routing_triage,interaction,measured_demo,accuracy,small_llm,False,not_covered,cost_only,cost_only
2101065336384848330,search_rerank_extraction,interaction,measured_demo,cost,none,False,not_covered,cost_only,cost_only
2101059512048169306,search_rerank_extraction,task,demo_no_numbers,none,none,False,not_covered,unproven_demo,demo
2101004766432366807,trading_and_markets,task,demo_no_numbers,none,none,True,not_covered,unproven_demo,demo
2100930213781676463,moderation_and_guardrails,interaction,measured_demo,cost,frontier_llm,False,not_covered,cost_only,cost_only
2100898769470627948,collaboration_and_typing,interaction,measured_demo,latency,none,True,material,material,material
2101036999662608856,data_and_telemetry,batch,measured_demo,cost,none,False,not_covered,cost_only,cost_only
2101090069310484836,classification_routing_triage,interaction,measured_demo,none,none,False,not_covered,cost_only,cost_only
2100811463048810560,moderation_and_guardrails,interaction,demo_no_numbers,accuracy,none,False,not_covered,unproven_demo,hype
2100917746846556518,games_control_loops_simulation,feel,demo_no_numbers,none,none,True,not_covered,unproven_demo,demo
2100887007098749069,games_control_loops_simulation,feel,demo_no_numbers,none,none,True,not_covered,unproven_demo,demo
2101059331261354430,evals_and_judging,task,demo_no_numbers,none,none,False,not_covered,unproven_demo,demo
2101038776638451795,compaction_and_context,task,demo_no_numbers,latency,none,False,not_covered,hype,hype
2100863245351539185,games_control_loops_simulation,feel,measured_demo,none,none,True,not_covered,material,fast_loop
2100838686984122806,classification_routing_triage,interaction,measured_demo,cost,small_llm,False,not_covered,cost_only,cost_only
2100898122142724421,agent_harness_and_tool_gating,task,demo_no_numbers,none,none,False,not_covered,unproven_demo,demo
2101046205975552019,other_or_meta,unclear,commentary_or_meme,none,none,False,noise,noise,noise
2100996125272740219,agent_harness_and_tool_gating,task,measured_production,accuracy,frontier_llm,True,not_covered,cost_only,cost_only
2101009609087389712,games_control_loops_simulation,feel,measured_demo,latency,none,True,not_covered,material,fast_loop
2100766212439363937,games_control_loops_simulation,feel,measured_demo,cost,none,True,not_covered,material,fast_loop
2100934877218734140,games_control_loops_simulation,feel,demo_no_numbers,none,none,True,not_covered,unproven_demo,demo
2100805712456904977,agent_harness_and_tool_gating,task,measured_demo,cost,frontier_llm,False,not_covered,cost_only,cost_only
2100899336175714629,other_or_meta,unclear,demo_no_numbers,none,frontier_llm,False,noise,noise,noise
2100945680537653268,agent_harness_and_tool_gating,task,demo_no_numbers,capability,none,False,not_covered,hype,demo
2100988421426839942,other_or_meta,unclear,demo_no_numbers,none,none,False,noise,noise,noise
2100767835840737597,evals_and_judging,interaction,demo_no_numbers,latency,none,False,not_covered,hype,hype
2100852624560173139,agent_harness_and_tool_gating,task,demo_no_numbers,capability,none,False,not_covered,hype,demo
2100960862177788000,other_or_meta,unclear,demo_no_numbers,none,none,False,noise,noise,noise
2100971168912048153,trading_and_markets,task,demo_no_numbers,none,none,False,not_covered,unproven_demo,demo
2100929488980705413,games_control_loops_simulation,feel,demo_no_numbers,none,none,True,not_covered,unproven_demo,demo
2100957733960736889,other_or_meta,unclear,demo_no_numbers,none,frontier_llm,False,noise,noise,noise
2100938146636833014,other_or_meta,unclear,measured_demo,cost,none,False,noise,noise,noise
2100898261997437110,evals_and_judging,interaction,measured_demo,accuracy,small_llm,False,not_covered,cost_only,cost_only
2100985366589083958,moderation_and_guardrails,interaction,demo_no_numbers,none,none,False,not_covered,unproven_demo,demo
2100998420001640956,moderation_and_guardrails,interaction,demo_no_numbers,none,none,False,not_covered,unproven_demo,demo
2100922845345783928,search_rerank_extraction,interaction,demo_no_numbers,latency,none,False,not_covered,hype,hype
2100901254633574668,games_control_loops_simulation,feel,measured_demo,latency,frontier_llm,True,not_covered,cost_only,fast_loop
2101039352461525133,evals_and_judging,task,measured_demo,latency,small_llm,False,cost_only,cost_only,cost_only
2101084847548850410,other_or_meta,unclear,demo_no_numbers,none,none,False,noise,noise,noise
2101081321661775953,classification_routing_triage,task,demo_no_numbers,none,none,False,not_covered,unproven_demo,demo
2101078536748769337,agent_harness_and_tool_gating,task,demo_no_numbers,capability,none,False,not_covered,hype,demo
2100807845889630265,other_or_meta,unclear,demo_no_numbers,none,none,True,noise,noise,noise
2100908907111559643,voice_and_turn_taking,turn,demo_no_numbers,latency,none,True,not_covered,hype,hype
2101056983646519410,agent_harness_and_tool_gating,task,demo_no_numbers,cost,frontier_llm,True,hype,hype,hype
2100975159708717474,other_or_meta,unclear,demo_no_numbers,none,frontier_llm,False,noise,noise,noise
2100991925364969827,games_control_loops_simulation,feel,demo_no_numbers,none,none,True,not_covered,unproven_demo,demo
2100794526575280274,evals_and_judging,task,measured_demo,latency,none,False,not_covered,cost_only,cost_only
2100908391589883906,classification_routing_triage,task,demo_no_numbers,none,none,False,not_covered,unproven_demo,demo
2101012203390525674,classification_routing_triage,batch,measured_demo,accuracy,small_llm,False,cost_only,cost_only,cost_only
2101031538959810731,classification_routing_triage,task,measured_demo,accuracy,none,False,not_covered,cost_only,cost_only
2101029196713914490,moderation_and_guardrails,interaction,measured_demo,cost,frontier_llm,False,not_covered,cost_only,cost_only
2100963480027480457,classification_routing_triage,batch,measured_demo,capability,none,False,not_covered,cost_only,cost_only
2100872156871897410,agent_harness_and_tool_gating,task,demo_no_numbers,capability,rules_or_regex,False,not_covered,hype,hype
2100882561761460461,search_rerank_extraction,batch,measured_demo,cost,none,False,not_covered,cost_only,cost_only
2100972334182219919,agent_harness_and_tool_gating,task,measured_demo,cost,frontier_llm,False,not_covered,cost_only,cost_only
2100758250803318973,other_or_meta,unclear,demo_no_numbers,none,none,True,noise,noise,noise
2100798220272312339,classification_routing_triage,task,demo_no_numbers,none,none,False,not_covered,unproven_demo,demo
2100942925110854027,trading_and_markets,interaction,demo_no_numbers,none,none,False,not_covered,unproven_demo,demo
2100919925045088486,other_or_meta,unclear,demo_no_numbers,none,frontier_llm,False,noise,noise,noise
2100985920983851195,other_or_meta,unclear,demo_no_numbers,none,none,False,noise,noise,noise
2100782563035959652,classification_routing_triage,interaction,measured_demo,latency,frontier_llm,False,not_covered,cost_only,cost_only
2100931843680043096,moderation_and_guardrails,interaction,demo_no_numbers,latency,none,True,not_covered,hype,hype
2101035899240767542,search_rerank_extraction,batch,demo_no_numbers,none,none,False,not_covered,unproven_demo,demo
2101041118263517189,browser_and_computer_use,unclear,demo_no_numbers,none,none,False,not_covered,unproven_demo,demo
2100761008352493918,data_and_telemetry,batch,measured_demo,latency,none,False,not_covered,cost_only,cost_only
2100800452199682356,other_or_meta,unclear,demo_no_numbers,none,none,False,noise,noise,noise
2101025469336330424,classification_routing_triage,task,demo_no_numbers,none,none,False,not_covered,unproven_demo,demo
2101016584571818106,games_control_loops_simulation,feel,demo_no_numbers,none,rules_or_regex,True,not_covered,unproven_demo,hype
2100984306583703858,classification_routing_triage,batch,measured_demo,accuracy,none,False,not_covered,cost_only,cost_only
2100773901597061515,games_control_loops_simulation,feel,demo_no_numbers,none,none,True,not_covered,unproven_demo,demo
2100904030465860049,games_control_loops_simulation,feel,demo_no_numbers,none,rules_or_regex,True,not_covered,unproven_demo,hype
2100898042933391741,browser_and_computer_use,task,measured_demo,accuracy,frontier_llm,True,not_covered,cost_only,cost_only
2100985475557441631,classification_routing_triage,interaction,demo_no_numbers,none,none,False,not_covered,unproven_demo,demo
2100858570774344051,trading_and_markets,task,measured_demo,cost,none,True,not_covered,cost_only,cost_only
2100796283367948720,classification_routing_triage,task,demo_no_numbers,none,none,False,not_covered,unproven_demo,demo
2100852537712857530,moderation_and_guardrails,interaction,demo_no_numbers,none,none,False,not_covered,unproven_demo,demo
2100931274311434442,other_or_meta,unclear,demo_no_numbers,none,none,False,noise,noise,noise
2100872434203386116,classification_routing_triage,batch,measured_demo,accuracy,small_llm,False,cost_only,cost_only,cost_only
2100740320031895890,agent_harness_and_tool_gating,task,demo_no_numbers,none,none,False,not_covered,unproven_demo,demo
2100805859160776728,games_control_loops_simulation,feel,demo_no_numbers,none,none,True,not_covered,unproven_demo,demo
2100854598978146531,games_control_loops_simulation,task,demo_no_numbers,none,none,True,not_covered,unproven_demo,demo
2101031949267767667,moderation_and_guardrails,task,demo_no_numbers,cost,none,False,not_covered,hype,hype
2100761587174797583,other_or_meta,interaction,demo_no_numbers,none,none,False,noise,noise,noise
2100765351717871951,agent_harness_and_tool_gating,task,demo_no_numbers,none,none,False,not_covered,unproven_demo,demo
2101044406258450770,classification_routing_triage,batch,measured_demo,accuracy,frontier_llm,False,not_covered,cost_only,cost_only
2100776353914073308,games_control_loops_simulation,feel,demo_no_numbers,none,none,True,not_covered,unproven_demo,demo
2100751155530006945,search_rerank_extraction,batch,measured_demo,cost,frontier_llm,False,not_covered,cost_only,cost_only
2100972896931713489,browser_and_computer_use,interaction,demo_no_numbers,none,none,False,not_covered,unproven_demo,demo
2100941050978164894,agent_harness_and_tool_gating,task,measured_demo,latency,none,False,not_covered,cost_only,cost_only
2100946003256082854,other_or_meta,unclear,demo_no_numbers,none,none,False,noise,noise,noise
2101011211491967217,classification_routing_triage,task,demo_no_numbers,cost,none,False,not_covered,hype,hype
2101040792424829202,other_or_meta,unclear,demo_no_numbers,none,none,False,noise,noise,noise
2100920115181019407,other_or_meta,unclear,demo_no_numbers,latency,frontier_llm,False,noise,noise,noise
2100927795484369231,search_rerank_extraction,task,demo_no_numbers,none,none,False,not_covered,unproven_demo,demo
2100973441520107766,other_or_meta,unclear,measured_demo,latency,small_llm,False,noise,noise,noise
2100994461207502891,classification_routing_triage,interaction,demo_no_numbers,none,none,False,not_covered,unproven_demo,demo
2101060875939713312,trading_and_markets,task,demo_no_numbers,none,none,True,not_covered,unproven_demo,demo
2100787395952365855,classification_routing_triage,interaction,demo_no_numbers,none,none,False,not_covered,unproven_demo,demo
2100960073853935630,search_rerank_extraction,interaction,measured_demo,latency,none,False,not_covered,cost_only,cost_only
2101040766613102799,voice_and_turn_taking,turn,measured_demo,latency,none,True,material,material,material
2101007751098851382,other_or_meta,unclear,demo_no_numbers,latency,frontier_llm,False,noise,noise,noise
2100912416871600231,evals_and_judging,interaction,measured_demo,none,none,False,not_covered,cost_only,cost_only
2100859003152859640,other_or_meta,batch,measured_demo,accuracy,none,False,noise,noise,noise
2101089855421989149,other_or_meta,batch,measured_demo,cost,none,False,noise,noise,noise
2101087590661414975,classification_routing_triage,task,measured_demo,latency,none,False,not_covered,cost_only,cost_only
2101006572562317356,evals_and_judging,interaction,demo_no_numbers,none,none,False,not_covered,unproven_demo,demo
2101056459492745265,classification_routing_triage,interaction,demo_no_numbers,none,none,False,not_covered,unproven_demo,demo
2100775477946241224,search_rerank_extraction,batch,measured_demo,latency,none,False,not_covered,cost_only,cost_only
2100809144982974679,agent_harness_and_tool_gating,task,measured_demo,cost,frontier_llm,False,not_covered,cost_only,cost_only
2100847239245520946,other_or_meta,unclear,commentary_or_meme,none,none,False,noise,noise,noise
2100929518420779065,games_control_loops_simulation,feel,demo_no_numbers,none,none,True,not_covered,unproven_demo,demo
2100899791203139897,search_rerank_extraction,task,demo_no_numbers,latency,none,False,not_covered,hype,hype
2101004322683404378,data_and_telemetry,batch,measured_demo,accuracy,none,False,not_covered,cost_only,cost_only
2101037798614499387,agent_harness_and_tool_gating,interaction,demo_no_numbers,capability,none,False,not_covered,hype,demo
2100828650769875455,evals_and_judging,batch,demo_no_numbers,none,none,False,not_covered,unproven_demo,demo
2100780092104274415,search_rerank_extraction,task,demo_no_numbers,none,none,False,not_covered,unproven_demo,demo
2100796957807505592,classification_routing_triage,task,demo_no_numbers,none,none,False,not_covered,unproven_demo,demo
2100806870244135035,games_control_loops_simulation,feel,demo_no_numbers,latency,small_llm,True,not_covered,hype,hype
2100936180233597172,games_control_loops_simulation,task,measured_demo,none,none,False,not_covered,cost_only,cost_only
2100863793370738701,games_control_loops_simulation,feel,demo_no_numbers,capability,small_llm,True,not_covered,hype,hype
2100857496768569395,classification_routing_triage,batch,demo_no_numbers,cost,none,False,not_covered,hype,hype
2100922048096915565,evals_and_judging,batch,measured_demo,cost,frontier_llm,False,not_covered,cost_only,cost_only
2100942700778254587,other_or_meta,unclear,demo_no_numbers,none,none,False,noise,noise,noise
2100894017391403066,data_and_telemetry,batch,measured_demo,cost,none,False,not_covered,cost_only,cost_only
2101067709962424628,games_control_loops_simulation,feel,measured_demo,none,none,True,not_covered,material,fast_loop
2101056464349523973,other_or_meta,unclear,demo_no_numbers,none,small_llm,False,noise,noise,noise
2100846153923473655,classification_routing_triage,task,measured_demo,capability,none,False,not_covered,cost_only,cost_only
2100848220653904262,agent_harness_and_tool_gating,task,measured_demo,cost,frontier_llm,False,not_covered,cost_only,cost_only
2100900357278965837,other_or_meta,unclear,demo_no_numbers,none,none,False,noise,noise,noise
2100755401922777462,other_or_meta,unclear,demo_no_numbers,none,none,False,noise,noise,noise
2101063356828323955,moderation_and_guardrails,interaction,demo_no_numbers,cost,none,True,not_covered,hype,hype
2101033654193393701,other_or_meta,unclear,demo_no_numbers,none,none,False,noise,noise,noise
2100895553361940670,classification_routing_triage,task,measured_demo,cost,frontier_llm,False,not_covered,cost_only,cost_only
2100795880710209648,other_or_meta,unclear,demo_no_numbers,cost,small_llm,False,noise,noise,noise
2100972788164985043,games_control_loops_simulation,task,demo_no_numbers,none,none,False,not_covered,unproven_demo,demo
2100944158043038028,live_chat_streams_events,interaction,demo_no_numbers,latency,none,True,not_covered,hype,hype
2101046048613446071,evals_and_judging,batch,demo_no_numbers,none,none,False,not_covered,unproven_demo,demo
2101097815686480367,other_or_meta,interaction,demo_no_numbers,none,none,False,noise,noise,noise
2100762332691337397,evals_and_judging,task,demo_no_numbers,none,none,False,not_covered,unproven_demo,demo
2100780180977725577,games_control_loops_simulation,feel,measured_demo,cost,none,True,not_covered,material,fast_loop
2100852546097266752,other_or_meta,unclear,demo_no_numbers,none,none,False,noise,noise,noise
2100885361761321141,classification_routing_triage,batch,measured_demo,accuracy,small_llm,False,cost_only,cost_only,cost_only
2100983272519995803,games_control_loops_simulation,interaction,demo_no_numbers,none,none,True,not_covered,unproven_demo,demo
2100976648552169805,moderation_and_guardrails,interaction,demo_no_numbers,none,none,True,not_covered,unproven_demo,demo
2100916052326543726,classification_routing_triage,batch,measured_demo,none,none,False,not_covered,cost_only,cost_only
2100984529326596414,moderation_and_guardrails,interaction,measured_demo,accuracy,none,False,not_covered,cost_only,cost_only
2101043696422494246,evals_and_judging,task,measured_demo,latency,frontier_llm,False,not_covered,cost_only,cost_only
2100845597070627321,games_control_loops_simulation,feel,demo_no_numbers,none,none,True,not_covered,unproven_demo,demo
2100778097322905627,classification_routing_triage,task,demo_no_numbers,cost,none,False,not_covered,hype,hype
2100947963484979686,moderation_and_guardrails,interaction,measured_demo,latency,none,False,not_covered,cost_only,cost_only
2100902242970636610,games_control_loops_simulation,feel,demo_no_numbers,none,small_llm,True,not_covered,unproven_demo,hype
2100859818940707193,evals_and_judging,task,measured_demo,accuracy,none,False,not_covered,cost_only,cost_only
2101095640109383744,other_or_meta,unclear,demo_no_numbers,none,none,False,noise,noise,noise
2101071647730205135,browser_and_computer_use,task,measured_demo,latency,frontier_llm,True,not_covered,cost_only,cost_only
2101078024414244886,voice_and_turn_taking,turn,measured_demo,latency,none,True,material,material,material
2100894033199702220,other_or_meta,unclear,demo_no_numbers,none,none,False,noise,noise,noise
2100792910375694843,search_rerank_extraction,task,demo_no_numbers,none,none,False,not_covered,unproven_demo,demo
2100821219021066465,other_or_meta,unclear,demo_no_numbers,none,none,False,noise,noise,noise
2100753795806363730,games_control_loops_simulation,feel,measured_demo,latency,none,True,not_covered,material,fast_loop
2100963628484624670,games_control_loops_simulation,feel,demo_no_numbers,none,none,True,not_covered,unproven_demo,demo
2100982553436176813,games_control_loops_simulation,feel,demo_no_numbers,none,frontier_llm,True,not_covered,hype,hype
2100925744599966026,classification_routing_triage,interaction,measured_demo,latency,frontier_llm,False,not_covered,cost_only,cost_only
2100971430124953608,moderation_and_guardrails,task,demo_no_numbers,none,none,False,not_covered,unproven_demo,demo
2101051113659125857,agent_harness_and_tool_gating,task,measured_demo,none,none,False,not_covered,cost_only,cost_only
2100760534987464875,classification_routing_triage,batch,measured_demo,cost,none,False,not_covered,cost_only,cost_only
2100936053528109365,classification_routing_triage,unclear,demo_no_numbers,none,none,False,not_covered,unproven_demo,demo
2100960261234643014,other_or_meta,task,demo_no_numbers,capability,frontier_llm,False,noise,noise,noise
2100928337078358511,collaboration_and_typing,interaction,demo_no_numbers,latency,frontier_llm,True,hype,hype,hype
2100909186737381816,classification_routing_triage,batch,measured_demo,none,none,False,not_covered,cost_only,cost_only
2100904312646099389,other_or_meta,unclear,proposal_or_idea,none,none,False,noise,noise,noise
2100898418860400928,classification_routing_triage,task,demo_no_numbers,capability,none,False,not_covered,hype,demo
2100867459435688120,other_or_meta,unclear,demo_no_numbers,none,none,False,noise,noise,noise
2100958865378673011,agent_harness_and_tool_gating,task,demo_no_numbers,none,none,False,not_covered,unproven_demo,demo
2100811655169077345,classification_routing_triage,interaction,demo_no_numbers,none,none,True,not_covered,unproven_demo,demo
2100840023402655842,other_or_meta,unclear,demo_no_numbers,none,none,False,noise,noise,noise
2100842509350080546,classification_routing_triage,task,demo_no_numbers,cost,frontier_llm,False,hype,hype,hype
2100859434792779785,evals_and_judging,task,measured_demo,cost,none,False,not_covered,cost_only,cost_only
2100905053208899600,browser_and_computer_use,interaction,demo_no_numbers,none,none,False,not_covered,unproven_demo,demo
2101041087435378855,classification_routing_triage,batch,measured_demo,cost,none,False,not_covered,cost_only,cost_only
2101074715356115320,browser_and_computer_use,task,demo_no_numbers,none,none,False,not_covered,unproven_demo,demo
2100756265055953266,games_control_loops_simulation,feel,measured_demo,none,none,True,not_covered,material,fast_loop
2100943264459407757,other_or_meta,interaction,demo_no_numbers,none,none,False,noise,noise,noise
2100949243485700547,other_or_meta,unclear,demo_no_numbers,none,none,False,noise,noise,noise
2100898265071829156,classification_routing_triage,batch,demo_no_numbers,none,small_llm,False,not_covered,unproven_demo,hype
2100972486208950417,trading_and_markets,task,measured_demo,latency,none,False,not_covered,cost_only,cost_only
2100887791219429838,classification_routing_triage,interaction,demo_no_numbers,none,none,False,not_covered,unproven_demo,demo
2100773904654774699,other_or_meta,unclear,demo_no_numbers,none,none,False,noise,noise,noise
2100839600919118005,other_or_meta,unclear,measured_demo,cost,none,False,noise,noise,noise
2100951484846199063,classification_routing_triage,interaction,demo_no_numbers,none,none,False,not_covered,unproven_demo,demo
2101044458145915383,search_rerank_extraction,interaction,demo_no_numbers,none,none,False,not_covered,unproven_demo,demo
2100882273969250322,evals_and_judging,batch,demo_no_numbers,none,none,False,not_covered,unproven_demo,demo
2100968425967493414,live_chat_streams_events,interaction,measured_demo,latency,none,True,material,material,material
2100942079706702271,search_rerank_extraction,task,measured_demo,latency,none,False,not_covered,cost_only,cost_only
2100938157948604510,games_control_loops_simulation,interaction,demo_no_numbers,none,none,True,not_covered,unproven_demo,demo
2101060810315354143,other_or_meta,unclear,demo_no_numbers,none,none,False,noise,noise,noise
2101082071792013604,moderation_and_guardrails,unclear,demo_no_numbers,none,none,False,not_covered,unproven_demo,demo
2101031514125287914,games_control_loops_simulation,interaction,demo_no_numbers,none,none,True,not_covered,unproven_demo,demo
2100904915690471473,classification_routing_triage,interaction,demo_no_numbers,none,none,False,not_covered,unproven_demo,demo
2101068655379227122,evals_and_judging,batch,measured_demo,cost,none,False,not_covered,cost_only,cost_only
2100909814473805931,classification_routing_triage,interaction,measured_demo,none,none,True,material,material,material
2100814517466964110,other_or_meta,unclear,demo_no_numbers,none,small_llm,False,noise,noise,noise
2100844534100025802,classification_routing_triage,interaction,demo_no_numbers,capability,frontier_llm,False,not_covered,hype,hype
2100951281464696993,other_or_meta,unclear,demo_no_numbers,none,none,False,noise,noise,noise
2101033458596188389,classification_routing_triage,batch,measured_demo,cost,none,False,not_covered,cost_only,cost_only
2101001926254977166,other_or_meta,unclear,demo_no_numbers,none,small_llm,False,noise,noise,noise
2100736561214009790,games_control_loops_simulation,task,measured_demo,accuracy,none,False,not_covered,cost_only,cost_only
2100792812019073507,classification_routing_triage,task,measured_demo,latency,none,False,not_covered,cost_only,cost_only
2100960553514553639,games_control_loops_simulation,task,measured_demo,cost,none,True,not_covered,cost_only,cost_only
2100945960243474651,agent_harness_and_tool_gating,task,demo_no_numbers,none,none,False,not_covered,unproven_demo,demo
2100925390113935777,games_control_loops_simulation,feel,demo_no_numbers,none,none,True,not_covered,unproven_demo,demo
2100917768023654612,compaction_and_context,task,measured_demo,cost,frontier_llm,False,not_covered,cost_only,cost_only
2100899093740429607,agent_harness_and_tool_gating,task,demo_no_numbers,none,none,False,not_covered,unproven_demo,demo
2100980820743717014,compaction_and_context,task,demo_no_numbers,none,none,False,not_covered,unproven_demo,demo
2101087754239304088,other_or_meta,unclear,demo_no_numbers,none,none,False,noise,noise,noise
2100983286793474398,compaction_and_context,task,demo_no_numbers,none,none,False,not_covered,unproven_demo,demo
2100910181844767124,other_or_meta,unclear,demo_no_numbers,none,none,False,noise,noise,noise
2101075432741417158,moderation_and_guardrails,interaction,demo_no_numbers,latency,none,False,not_covered,hype,hype
2100833671750296037,evals_and_judging,batch,measured_demo,cost,frontier_llm,False,not_covered,cost_only,cost_only
2100877439350272505,evals_and_judging,batch,measured_demo,accuracy,none,False,not_covered,cost_only,cost_only
2100966617677000941,trading_and_markets,task,demo_no_numbers,none,none,False,not_covered,unproven_demo,demo
2100919279910826283,other_or_meta,unclear,demo_no_numbers,none,none,False,noise,noise,noise
2100933441017753875,other_or_meta,unclear,demo_no_numbers,none,none,False,noise,noise,noise
2100861933545201800,agent_harness_and_tool_gating,task,demo_no_numbers,none,none,False,not_covered,unproven_demo,demo
2101044109746270589,classification_routing_triage,batch,measured_demo,none,none,False,not_covered,cost_only,cost_only
2101078021486809115,classification_routing_triage,interaction,demo_no_numbers,none,none,True,not_covered,unproven_demo,demo
2100991287675740187,agent_harness_and_tool_gating,task,demo_no_numbers,none,none,False,not_covered,unproven_demo,demo
2100831602096160920,live_chat_streams_events,interaction,demo_no_numbers,none,none,True,not_covered,unproven_demo,demo
2100987906873872725,other_or_meta,unclear,demo_no_numbers,none,none,False,noise,noise,noise
2100955951163654194,other_or_meta,unclear,demo_no_numbers,none,none,False,noise,noise,noise
2100890272158691595,classification_routing_triage,batch,measured_demo,cost,frontier_llm,False,not_covered,cost_only,cost_only
2101032994374906055,classification_routing_triage,batch,measured_demo,latency,none,False,not_covered,cost_only,cost_only
2100998550930993267,search_rerank_extraction,task,demo_no_numbers,none,none,False,not_covered,unproven_demo,demo
2100930925576024318,classification_routing_triage,batch,measured_demo,cost,rules_or_regex,False,not_covered,cost_only,cost_only
2100985187295240200,classification_routing_triage,interaction,demo_no_numbers,none,none,False,not_covered,unproven_demo,demo
2101038240895533266,other_or_meta,unclear,measured_demo,accuracy,none,False,noise,noise,noise
2101025764565017051,other_or_meta,unclear,demo_no_numbers,latency,none,False,noise,noise,noise
2101007299074548118,other_or_meta,unclear,proposal_or_idea,none,none,False,noise,noise,noise
2101052463847547279,classification_routing_triage,interaction,demo_no_numbers,none,none,False,not_covered,unproven_demo,demo
2101081641062220008,classification_routing_triage,task,demo_no_numbers,none,none,False,not_covered,unproven_demo,demo
2100749401413288409,agent_harness_and_tool_gating,task,demo_no_numbers,capability,rules_or_regex,False,not_covered,hype,hype
2100891878296285413,games_control_loops_simulation,batch,demo_no_numbers,none,none,True,not_covered,unproven_demo,demo
2100924935749386278,data_and_telemetry,batch,measured_demo,none,none,False,not_covered,cost_only,cost_only
2101017913670902095,games_control_loops_simulation,feel,demo_no_numbers,none,none,True,not_covered,unproven_demo,demo
2101002369228263729,search_rerank_extraction,batch,measured_demo,none,none,False,not_covered,cost_only,cost_only
2100748193298280826,moderation_and_guardrails,task,demo_no_numbers,none,none,False,not_covered,unproven_demo,demo
2100903054685921742,moderation_and_guardrails,interaction,demo_no_numbers,none,none,False,not_covered,unproven_demo,demo
2100967287935098920,classification_routing_triage,batch,measured_demo,cost,frontier_llm,False,not_covered,cost_only,cost_only
2100937318760599594,classification_routing_triage,batch,measured_demo,cost,none,False,not_covered,cost_only,cost_only
2101036119630737437,evals_and_judging,batch,measured_demo,accuracy,small_llm,False,cost_only,cost_only,cost_only
2100996302469296490,other_or_meta,unclear,demo_no_numbers,none,none,False,noise,noise,noise
2100847443814305925,classification_routing_triage,batch,demo_no_numbers,capability,frontier_llm,False,not_covered,hype,hype
2100943993731215722,other_or_meta,unclear,demo_no_numbers,none,none,False,noise,noise,noise
2100977720670728556,games_control_loops_simulation,feel,measured_demo,latency,none,True,not_covered,material,fast_loop
2100923633749426483,games_control_loops_simulation,feel,demo_no_numbers,capability,none,True,not_covered,hype,demo
2100931815703785718,games_control_loops_simulation,feel,demo_no_numbers,none,none,True,not_covered,unproven_demo,demo
2100991581775868358,evals_and_judging,batch,measured_demo,accuracy,small_llm,False,cost_only,cost_only,cost_only
2101068248137581019,other_or_meta,unclear,demo_no_numbers,none,none,False,noise,noise,noise
2100777977583956476,trading_and_markets,task,measured_demo,latency,frontier_llm,True,not_covered,cost_only,cost_only
2100796109534765354,moderation_and_guardrails,interaction,measured_demo,latency,none,True,material,material,material
2100835739000865112,classification_routing_triage,task,demo_no_numbers,none,none,False,not_covered,unproven_demo,demo
2100977460615508427,trading_and_markets,interaction,demo_no_numbers,none,none,True,not_covered,unproven_demo,demo
2100979733374926930,games_control_loops_simulation,feel,demo_no_numbers,latency,none,True,not_covered,hype,hype
2101061788804792735,evals_and_judging,task,measured_demo,none,none,False,not_covered,cost_only,cost_only
2101043719822545146,evals_and_judging,task,demo_no_numbers,none,none,False,not_covered,unproven_demo,demo
2101023707447578678,agent_harness_and_tool_gating,task,measured_demo,latency,frontier_llm,False,not_covered,cost_only,cost_only
2100986863788159191,browser_and_computer_use,task,demo_no_numbers,latency,none,True,not_covered,hype,hype
2100971155297603662,agent_harness_and_tool_gating,task,measured_demo,latency,frontier_llm,False,not_covered,cost_only,cost_only
2100969119772258623,classification_routing_triage,interaction,demo_no_numbers,capability,none,False,not_covered,hype,demo
2100932122399715345,moderation_and_guardrails,interaction,measured_demo,none,none,True,material,material,material
2100898267508756571,evals_and_judging,unclear,demo_no_numbers,accuracy,classic_classifier_or_ml,False,not_covered,unproven_demo,hype
2100976057352364299,search_rerank_extraction,interaction,measured_demo,latency,none,False,not_covered,cost_only,cost_only
2100997996930605081,other_or_meta,unclear,demo_no_numbers,none,none,False,noise,noise,noise
2101054907390501100,search_rerank_extraction,task,demo_no_numbers,accuracy,none,False,not_covered,unproven_demo,hype
2100945188684546415,games_control_loops_simulation,feel,demo_no_numbers,none,none,True,not_covered,unproven_demo,demo
2100839534929818032,agent_harness_and_tool_gating,task,demo_no_numbers,none,none,False,not_covered,unproven_demo,demo
2100768016862675144,evals_and_judging,interaction,measured_demo,accuracy,none,False,not_covered,cost_only,cost_only
2100989376004309162,games_control_loops_simulation,feel,demo_no_numbers,none,none,True,not_covered,unproven_demo,demo
2100945255608586312,moderation_and_guardrails,interaction,demo_no_numbers,capability,rules_or_regex,False,not_covered,hype,hype
2100902249497014382,classification_routing_triage,batch,measured_demo,cost,none,False,not_covered,cost_only,cost_only
2100824065435144642,evals_and_judging,unclear,demo_no_numbers,none,none,False,not_covered,unproven_demo,demo
2100806604106899933,games_control_loops_simulation,feel,demo_no_numbers,none,none,True,not_covered,unproven_demo,demo
2100757840122286238,games_control_loops_simulation,feel,demo_no_numbers,none,none,True,not_covered,unproven_demo,demo
2100949238964248646,other_or_meta,unclear,demo_no_numbers,none,none,False,noise,noise,noise
2100824394851569886,games_control_loops_simulation,feel,demo_no_numbers,none,none,True,not_covered,unproven_demo,demo
2101089233905569922,search_rerank_extraction,interaction,demo_no_numbers,none,none,False,not_covered,unproven_demo,demo
2100926375892840598,classification_routing_triage,interaction,demo_no_numbers,none,none,False,not_covered,unproven_demo,demo
2100973544033378646,other_or_meta,unclear,demo_no_numbers,none,none,False,noise,noise,noise
2100959056483504512,classification_routing_triage,task,demo_no_numbers,cost,frontier_llm,False,hype,hype,hype
2100948486006911177,browser_and_computer_use,feel,measured_demo,latency,none,True,not_covered,material,fast_loop
2100888216463122453,data_and_telemetry,interaction,demo_no_numbers,capability,none,False,not_covered,hype,demo
2100975349374832683,evals_and_judging,task,demo_no_numbers,none,none,False,not_covered,unproven_demo,demo
2101023004188725436,data_and_telemetry,task,demo_no_numbers,latency,none,False,not_covered,hype,hype
2101084745031676387,agent_harness_and_tool_gating,task,demo_no_numbers,none,none,False,not_covered,unproven_demo,demo
2100857499251331393,other_or_meta,unclear,demo_no_numbers,none,none,False,noise,noise,noise
2100742963337019877,games_control_loops_simulation,feel,measured_demo,none,none,True,not_covered,material,fast_loop
2100762574434521488,games_control_loops_simulation,feel,measured_demo,latency,none,True,not_covered,material,fast_loop
2100988657322598790,other_or_meta,unclear,demo_no_numbers,none,none,False,noise,noise,noise
2101038572782379488,games_control_loops_simulation,feel,measured_demo,latency,frontier_llm,True,not_covered,cost_only,fast_loop
2101088314870948337,other_or_meta,unclear,demo_no_numbers,cost,none,False,noise,noise,noise
2101043724973158418,other_or_meta,unclear,demo_no_numbers,none,none,False,noise,noise,noise
2100781861484003509,classification_routing_triage,batch,demo_no_numbers,latency,none,False,not_covered,hype,hype
2100967299427528834,other_or_meta,unclear,measured_demo,cost,none,False,noise,noise,noise
2101098233242259719,classification_routing_triage,task,demo_no_numbers,accuracy,none,False,not_covered,unproven_demo,hype
2101049857578299448,other_or_meta,unclear,demo_no_numbers,none,none,False,noise,noise,noise
2101091713976799561,classification_routing_triage,interaction,demo_no_numbers,latency,none,False,not_covered,hype,hype
2100786097135481129,agent_harness_and_tool_gating,task,measured_demo,cost,frontier_llm,False,not_covered,cost_only,cost_only
2100974973452013598,games_control_loops_simulation,feel,demo_no_numbers,none,none,True,not_covered,unproven_demo,demo
2100989012966031417,games_control_loops_simulation,feel,measured_demo,latency,none,True,not_covered,material,fast_loop
2100946464818012265,other_or_meta,unclear,demo_no_numbers,none,none,False,noise,noise,noise
2100812497146266049,agent_harness_and_tool_gating,task,demo_no_numbers,latency,none,False,not_covered,hype,hype
2100411066966749359,browser_and_computer_use,task,measured_demo,latency,frontier_llm,True,not_covered,cost_only,cost_only
2100408276949385668,other_or_meta,unclear,demo_no_numbers,capability,none,False,noise,noise,noise
2100736454850908344,live_chat_streams_events,interaction,demo_no_numbers,none,none,True,not_covered,unproven_demo,demo
2100679300756435135,search_rerank_extraction,interaction,measured_demo,cost,none,False,not_covered,cost_only,cost_only
2100585126652481915,evals_and_judging,interaction,measured_demo,cost,frontier_llm,False,not_covered,cost_only,cost_only
2100523868913807410,trading_and_markets,unclear,demo_no_numbers,none,none,False,not_covered,unproven_demo,demo
2100714613381960186,live_chat_streams_events,interaction,demo_no_numbers,capability,none,True,not_covered,hype,demo
2100409794276520341,search_rerank_extraction,task,demo_no_numbers,accuracy,none,False,not_covered,unproven_demo,hype
2100650582662930648,collaboration_and_typing,interaction,measured_demo,latency,none,True,material,material,material
2100489858951073858,games_control_loops_simulation,feel,demo_no_numbers,capability,none,True,not_covered,hype,demo
2100702649834188855,agent_harness_and_tool_gating,task,demo_no_numbers,capability,rules_or_regex,False,not_covered,hype,hype
2100470174130250127,search_rerank_extraction,task,demo_no_numbers,accuracy,none,False,not_covered,unproven_demo,hype
2100631889585606959,classification_routing_triage,task,measured_demo,latency,frontier_llm,False,not_covered,cost_only,cost_only
2100690370912805049,trading_and_markets,unclear,demo_no_numbers,none,none,False,not_covered,unproven_demo,demo
2100722975645598191,evals_and_judging,interaction,measured_demo,cost,none,False,not_covered,cost_only,cost_only
2100652480648360352,browser_and_computer_use,task,demo_no_numbers,latency,none,True,not_covered,hype,hype
2100404532119269426,classification_routing_triage,batch,measured_demo,cost,none,False,not_covered,cost_only,cost_only
2100474943154827344,data_and_telemetry,batch,measured_demo,cost,none,False,not_covered,cost_only,cost_only
2100727660875808913,games_control_loops_simulation,feel,demo_no_numbers,latency,none,True,not_covered,hype,hype
2100529273186472318,moderation_and_guardrails,interaction,demo_no_numbers,capability,none,True,not_covered,hype,demo
2100426999546184123,data_and_telemetry,batch,measured_demo,cost,none,False,not_covered,cost_only,cost_only
2100473581251748216,data_and_telemetry,batch,measured_demo,cost,none,False,not_covered,cost_only,cost_only
2100648648434434298,browser_and_computer_use,task,demo_no_numbers,latency,frontier_llm,True,hype,hype,hype
2100457622407168509,agent_harness_and_tool_gating,task,demo_no_numbers,cost,frontier_llm,False,hype,hype,hype
2100631665336836308,search_rerank_extraction,task,measured_demo,latency,none,False,not_covered,cost_only,cost_only
2100690568947159309,games_control_loops_simulation,feel,measured_demo,cost,none,True,not_covered,material,fast_loop
2100646448324833512,other_or_meta,task,demo_no_numbers,capability,none,True,noise,noise,noise
2100520134481735729,moderation_and_guardrails,interaction,demo_no_numbers,latency,none,True,not_covered,hype,hype
2100437998571860087,moderation_and_guardrails,task,measured_demo,cost,small_llm,False,cost_only,cost_only,cost_only
2100570517954838897,games_control_loops_simulation,feel,measured_demo,latency,frontier_llm,True,not_covered,cost_only,fast_loop
2100705558512963602,other_or_meta,interaction,measured_demo,latency,none,True,noise,noise,noise
2100454070536351824,classification_routing_triage,task,demo_no_numbers,none,none,False,not_covered,unproven_demo,demo
2100471523358474709,moderation_and_guardrails,interaction,demo_no_numbers,latency,none,False,not_covered,hype,hype
2100649546481070362,games_control_loops_simulation,feel,measured_demo,latency,frontier_llm,True,not_covered,cost_only,fast_loop
2100731856941732334,trading_and_markets,task,measured_demo,latency,frontier_llm,True,not_covered,cost_only,cost_only
2100516953496670430,games_control_loops_simulation,feel,measured_demo,cost,none,True,not_covered,material,fast_loop
2100448995415863323,browser_and_computer_use,task,demo_no_numbers,none,none,True,not_covered,unproven_demo,demo
2100573432089866717,agent_harness_and_tool_gating,task,demo_no_numbers,none,none,False,not_covered,unproven_demo,demo
2100468943853085061,agent_harness_and_tool_gating,task,measured_production,latency,frontier_llm,False,not_covered,cost_only,cost_only
2100734646824902713,collaboration_and_typing,interaction,demo_no_numbers,none,none,True,not_covered,unproven_demo,demo
2100668908227162567,data_and_telemetry,batch,measured_demo,cost,none,False,not_covered,cost_only,cost_only
2100644221279424925,games_control_loops_simulation,feel,measured_demo,accuracy,none,True,not_covered,material,fast_loop
2100720719470494126,other_or_meta,interaction,demo_no_numbers,capability,none,True,noise,noise,noise
2100570643355852954,evals_and_judging,interaction,demo_no_numbers,cost,vendor_api,False,not_covered,hype,hype
2100665210419950031,agent_harness_and_tool_gating,interaction,demo_no_numbers,latency,frontier_llm,False,hype,hype,hype
2100454043361722798,classification_routing_triage,task,demo_no_numbers,none,none,True,not_covered,unproven_demo,demo
2100485683744026996,games_control_loops_simulation,feel,measured_demo,none,none,True,not_covered,material,fast_loop
2100536772765929653,other_or_meta,unclear,commentary_or_meme,none,none,False,noise,noise,noise
2100577979021832365,browser_and_computer_use,turn,measured_demo,latency,none,True,material,material,material
2100465662867218857,evals_and_judging,task,demo_no_numbers,none,none,False,not_covered,unproven_demo,demo
2100569924238471355,games_control_loops_simulation,feel,demo_no_numbers,none,frontier_llm,True,not_covered,hype,hype
2100614133171552435,classification_routing_triage,task,measured_demo,accuracy,frontier_llm,False,not_covered,cost_only,cost_only
2100471987860553931,moderation_and_guardrails,interaction,demo_no_numbers,capability,rules_or_regex,True,not_covered,hype,hype
2100457614073327754,games_control_loops_simulation,feel,measured_demo,latency,none,True,not_covered,material,fast_loop
2100516521068130696,other_or_meta,interaction,measured_demo,cost,none,False,noise,noise,noise
2100425868053008758,collaboration_and_typing,interaction,demo_no_numbers,none,none,True,not_covered,unproven_demo,demo
2100484792114372737,classification_routing_triage,interaction,measured_demo,latency,none,False,not_covered,cost_only,cost_only
2100700176444731780,search_rerank_extraction,task,demo_no_numbers,capability,classic_classifier_or_ml,False,not_covered,hype,hype
2100430480642642395,data_and_telemetry,batch,measured_demo,cost,frontier_llm,False,not_covered,cost_only,cost_only
2100608556823388486,voice_and_turn_taking,turn,measured_demo,latency,none,True,material,material,material
2100698374232289476,agent_harness_and_tool_gating,task,demo_no_numbers,none,none,False,not_covered,unproven_demo,demo
2100634359099232678,games_control_loops_simulation,feel,measured_demo,cost,frontier_llm,True,not_covered,cost_only,fast_loop
2100423842275708984,games_control_loops_simulation,feel,demo_no_numbers,latency,none,True,not_covered,hype,hype
2100627898436571555,moderation_and_guardrails,batch,measured_demo,latency,none,False,not_covered,cost_only,cost_only
2100595129874817340,moderation_and_guardrails,interaction,demo_no_numbers,none,none,False,not_covered,unproven_demo,demo
2100646513412292873,classification_routing_triage,feel,measured_demo,latency,none,False,not_covered,cost_only,fast_loop
2100536228827496721,search_rerank_extraction,interaction,demo_no_numbers,none,none,False,not_covered,unproven_demo,demo
2100546231554760841,search_rerank_extraction,interaction,measured_demo,latency,none,True,material,material,material
2100681083176226921,other_or_meta,unclear,demo_no_numbers,none,none,False,noise,noise,noise
2100573356294607245,games_control_loops_simulation,task,demo_no_numbers,none,none,True,not_covered,unproven_demo,demo
2100509548339408972,games_control_loops_simulation,feel,demo_no_numbers,capability,frontier_llm,True,not_covered,hype,hype
2100720936852857271,search_rerank_extraction,interaction,measured_demo,none,none,False,not_covered,cost_only,cost_only
2100545925764812808,agent_harness_and_tool_gating,task,demo_no_numbers,none,none,False,not_covered,unproven_demo,demo
2100710286466637975,other_or_meta,unclear,demo_no_numbers,none,none,False,noise,noise,noise
2100563613467779099,games_control_loops_simulation,feel,demo_no_numbers,none,none,True,not_covered,unproven_demo,demo
2100691514917880062,other_or_meta,batch,measured_demo,none,none,False,noise,noise,noise
2100408498446111031,browser_and_computer_use,task,measured_demo,latency,none,True,not_covered,cost_only,cost_only
2100590065357639971,other_or_meta,interaction,demo_no_numbers,cost,none,False,noise,noise,noise
2100674306405814568,search_rerank_extraction,batch,demo_no_numbers,none,none,False,not_covered,unproven_demo,demo
2100701152824185319,collaboration_and_typing,interaction,demo_no_numbers,none,none,True,not_covered,unproven_demo,demo
2100399951872205224,classification_routing_triage,interaction,demo_no_numbers,none,none,False,not_covered,unproven_demo,demo
2100692472938569800,search_rerank_extraction,batch,demo_no_numbers,none,none,False,not_covered,unproven_demo,demo
2100413576284712999,agent_harness_and_tool_gating,task,demo_no_numbers,none,none,False,not_covered,unproven_demo,demo
2100623419993637046,games_control_loops_simulation,feel,demo_no_numbers,none,none,True,not_covered,unproven_demo,demo
2100614659690713543,moderation_and_guardrails,task,measured_demo,cost,small_llm,False,cost_only,cost_only,cost_only
2100735977262141735,other_or_meta,interaction,measured_demo,latency,frontier_llm,False,noise,noise,noise
2100539883836018697,games_control_loops_simulation,task,measured_demo,cost,none,True,not_covered,cost_only,cost_only
2100622054945095934,browser_and_computer_use,task,measured_demo,cost,none,True,not_covered,cost_only,cost_only
2100649549631045975,agent_harness_and_tool_gating,task,demo_no_numbers,latency,none,True,not_covered,hype,hype
2100697030616346641,browser_and_computer_use,task,demo_no_numbers,capability,frontier_llm,True,not_covered,hype,hype
2100566009312940457,compaction_and_context,task,measured_demo,latency,none,False,not_covered,cost_only,cost_only
2100423271128715387,agent_harness_and_tool_gating,task,measured_demo,cost,frontier_llm,False,not_covered,cost_only,cost_only
2100611468580323414,agent_harness_and_tool_gating,task,measured_demo,cost,frontier_llm,False,not_covered,cost_only,cost_only
2100604560335139083,classification_routing_triage,batch,measured_demo,accuracy,frontier_llm,False,not_covered,cost_only,cost_only
2100625650927210738,other_or_meta,unclear,demo_no_numbers,none,none,False,noise,noise,noise
2100711180704641520,search_rerank_extraction,task,demo_no_numbers,none,none,False,not_covered,unproven_demo,demo
2100515910754750741,classification_routing_triage,task,demo_no_numbers,none,none,False,not_covered,unproven_demo,demo
2100724278400332061,classification_routing_triage,batch,measured_demo,cost,none,False,not_covered,cost_only,cost_only
2100532811388137719,classification_routing_triage,interaction,demo_no_numbers,capability,none,False,not_covered,hype,demo
2100394212743159944,games_control_loops_simulation,feel,demo_no_numbers,capability,none,True,not_covered,hype,demo
2100409470006255975,other_or_meta,unclear,demo_no_numbers,none,none,False,noise,noise,noise
2100378760973586869,other_or_meta,unclear,demo_no_numbers,none,none,False,noise,noise,noise
2100456623399719289,moderation_and_guardrails,interaction,demo_no_numbers,none,none,True,not_covered,unproven_demo,demo
2100602714204049588,moderation_and_guardrails,interaction,measured_demo,cost,none,True,material,material,material
2100629073542218203,browser_and_computer_use,task,measured_demo,cost,none,False,not_covered,cost_only,cost_only
2100628505469841768,data_and_telemetry,batch,measured_demo,none,none,False,not_covered,cost_only,cost_only
2100399709995356266,agent_harness_and_tool_gating,task,demo_no_numbers,none,none,False,not_covered,unproven_demo,demo
2100497721367175312,agent_harness_and_tool_gating,task,measured_demo,cost,none,False,not_covered,cost_only,cost_only
2100438907611660510,other_or_meta,unclear,demo_no_numbers,capability,none,False,noise,noise,noise
2100489521557123265,other_or_meta,unclear,measured_demo,latency,rules_or_regex,False,noise,noise,noise
2100454307405365673,other_or_meta,unclear,demo_no_numbers,capability,none,False,noise,noise,noise
2100472822544187461,trading_and_markets,task,demo_no_numbers,none,none,True,not_covered,unproven_demo,demo
2100584682664628454,evals_and_judging,task,demo_no_numbers,none,none,False,not_covered,unproven_demo,demo
2100524915007144289,games_control_loops_simulation,feel,demo_no_numbers,none,none,True,not_covered,unproven_demo,demo
2100536977162715265,games_control_loops_simulation,feel,measured_demo,latency,frontier_llm,True,not_covered,cost_only,fast_loop
2100631847155994852,browser_and_computer_use,interaction,measured_demo,latency,none,True,material,material,material
2100633528975196186,classification_routing_triage,task,demo_no_numbers,none,none,False,not_covered,unproven_demo,demo
2100439914798297273,classification_routing_triage,task,demo_no_numbers,latency,frontier_llm,False,hype,hype,hype
2100631273849159993,games_control_loops_simulation,feel,demo_no_numbers,none,none,True,not_covered,unproven_demo,demo
2100606298630816018,classification_routing_triage,task,measured_demo,cost,small_llm,False,cost_only,cost_only,cost_only
2100570381513839005,browser_and_computer_use,task,measured_demo,latency,none,True,not_covered,cost_only,cost_only
2100626193943052784,other_or_meta,unclear,demo_no_numbers,accuracy,none,False,noise,noise,noise
2100480804610781427,search_rerank_extraction,interaction,demo_no_numbers,capability,none,True,not_covered,hype,demo
2100576115429699603,live_chat_streams_events,interaction,measured_demo,latency,none,True,material,material,material
2100439718169325605,games_control_loops_simulation,interaction,measured_demo,latency,none,False,not_covered,cost_only,cost_only
2100709980366393675,evals_and_judging,task,demo_no_numbers,none,none,False,not_covered,unproven_demo,demo
2100562912121082303,other_or_meta,unclear,demo_no_numbers,none,none,False,noise,noise,noise
2100533086912139585,games_control_loops_simulation,feel,demo_no_numbers,capability,none,True,not_covered,hype,demo
2100606378184171682,other_or_meta,interaction,demo_no_numbers,none,none,True,noise,noise,noise
2100720457888534710,agent_harness_and_tool_gating,task,demo_no_numbers,none,none,False,not_covered,unproven_demo,demo
2100600122929504353,search_rerank_extraction,task,measured_demo,cost,none,False,not_covered,cost_only,cost_only
2100541401318490145,games_control_loops_simulation,feel,measured_demo,latency,none,True,not_covered,material,fast_loop
2100409832314491062,browser_and_computer_use,task,demo_no_numbers,none,none,True,not_covered,unproven_demo,demo
2100569241707843709,trading_and_markets,task,proposal_or_idea,accuracy,none,False,not_covered,unproven_demo,hype
2100583018264228330,agent_harness_and_tool_gating,task,demo_no_numbers,none,none,False,not_covered,unproven_demo,demo
2100708588922573272,games_control_loops_simulation,feel,demo_no_numbers,none,none,True,not_covered,unproven_demo,demo
2100620339097026633,search_rerank_extraction,batch,measured_demo,none,none,False,not_covered,cost_only,cost_only
2100435492043145277,browser_and_computer_use,unclear,demo_no_numbers,none,none,False,not_covered,unproven_demo,demo
2100695013298450690,agent_harness_and_tool_gating,task,demo_no_numbers,none,none,False,not_covered,unproven_demo,demo
2100709093656649933,classification_routing_triage,interaction,measured_demo,latency,none,False,not_covered,cost_only,cost_only
2100396115808190792,search_rerank_extraction,interaction,demo_no_numbers,cost,frontier_llm,False,hype,hype,hype
2100552043903553682,evals_and_judging,task,demo_no_numbers,none,none,False,not_covered,unproven_demo,demo
2100453504997531751,other_or_meta,unclear,demo_no_numbers,none,none,False,noise,noise,noise
2100438253182783737,games_control_loops_simulation,feel,demo_no_numbers,none,none,True,not_covered,unproven_demo,demo
2100673493452914908,evals_and_judging,interaction,measured_demo,cost,none,True,material,material,material
2100518573118779547,classification_routing_triage,batch,measured_demo,latency,none,False,not_covered,cost_only,cost_only
2100535903659946105,search_rerank_extraction,interaction,demo_no_numbers,none,none,False,not_covered,unproven_demo,demo
2100408913870909767,games_control_loops_simulation,feel,demo_no_numbers,none,none,True,not_covered,unproven_demo,demo
2100600987631448270,other_or_meta,interaction,demo_no_numbers,capability,none,False,noise,noise,noise
2100587614927741435,other_or_meta,interaction,demo_no_numbers,none,none,False,noise,noise,noise
2100423795093999819,browser_and_computer_use,task,measured_demo,latency,none,False,not_covered,cost_only,cost_only
2100593115233222750,other_or_meta,interaction,demo_no_numbers,none,none,False,noise,noise,noise
2100715669062832216,classification_routing_triage,interaction,demo_no_numbers,latency,none,False,not_covered,hype,hype
2100689091058921635,trading_and_markets,task,measured_demo,accuracy,none,True,not_covered,cost_only,cost_only
2100636591848919503,games_control_loops_simulation,feel,demo_no_numbers,none,none,True,not_covered,unproven_demo,demo
2100581114293506163,search_rerank_extraction,interaction,demo_no_numbers,none,none,False,not_covered,unproven_demo,demo
2100543809465577665,collaboration_and_typing,feel,demo_no_numbers,latency,none,True,not_covered,hype,hype
2100679584878325861,games_control_loops_simulation,batch,measured_demo,none,none,False,not_covered,cost_only,cost_only
2100611870784880764,live_chat_streams_events,turn,demo_no_numbers,none,none,True,not_covered,unproven_demo,demo
2100611346203353110,collaboration_and_typing,interaction,demo_no_numbers,capability,frontier_llm,True,not_covered,hype,hype
2100540852074406332,games_control_loops_simulation,feel,measured_demo,latency,small_llm,True,not_covered,cost_only,fast_loop
2100704291153473739,agent_harness_and_tool_gating,task,measured_demo,accuracy,frontier_llm,False,not_covered,cost_only,cost_only
2100430488469196857,data_and_telemetry,batch,measured_demo,cost,none,False,not_covered,cost_only,cost_only
2100491137496547834,games_control_loops_simulation,feel,demo_no_numbers,none,none,True,not_covered,unproven_demo,demo
2100535744775242012,classification_routing_triage,interaction,demo_no_numbers,none,none,False,not_covered,unproven_demo,demo
2100690226981036359,search_rerank_extraction,interaction,demo_no_numbers,none,none,False,not_covered,unproven_demo,demo
2100611323562233976,search_rerank_extraction,task,demo_no_numbers,latency,none,False,not_covered,hype,hype
2100712132937695632,other_or_meta,unclear,demo_no_numbers,none,none,False,noise,noise,noise
2100458492163416243,other_or_meta,unclear,commentary_or_meme,none,none,False,noise,noise,noise
2100560729401426247,other_or_meta,unclear,commentary_or_meme,none,none,False,noise,noise,noise
2100578032637575499,games_control_loops_simulation,task,demo_no_numbers,none,none,True,not_covered,unproven_demo,demo
2100424918118863111,games_control_loops_simulation,feel,demo_no_numbers,none,small_llm,True,not_covered,unproven_demo,hype
2100456319421698161,classification_routing_triage,task,measured_demo,latency,frontier_llm,True,not_covered,cost_only,cost_only
2100693412714267036,evals_and_judging,task,demo_no_numbers,none,none,False,not_covered,unproven_demo,demo
2100656150043893773,agent_harness_and_tool_gating,unclear,demo_no_numbers,none,none,False,not_covered,unproven_demo,demo
2100408669209022880,games_control_loops_simulation,feel,demo_no_numbers,accuracy,frontier_llm,True,not_covered,hype,hype
2100615718463295984,games_control_loops_simulation,feel,demo_no_numbers,none,none,True,not_covered,unproven_demo,demo
2100684072154435757,classification_routing_triage,task,measured_demo,capability,frontier_llm,False,not_covered,cost_only,cost_only
2100556200798822525,games_control_loops_simulation,feel,measured_demo,latency,frontier_llm,True,not_covered,cost_only,fast_loop
2100704201797939569,search_rerank_extraction,task,demo_no_numbers,none,none,False,not_covered,unproven_demo,demo
2100609074945458185,moderation_and_guardrails,task,measured_demo,cost,small_llm,False,cost_only,cost_only,cost_only
2100544998391349310,moderation_and_guardrails,interaction,demo_no_numbers,none,none,False,not_covered,unproven_demo,demo
2100406220746055741,other_or_meta,unclear,demo_no_numbers,none,none,False,noise,noise,noise
2100645675591520612,browser_and_computer_use,task,demo_no_numbers,cost,none,False,not_covered,hype,hype
2100613859052491031,browser_and_computer_use,unclear,demo_no_numbers,none,none,False,not_covered,unproven_demo,demo
2100461570396471690,other_or_meta,unclear,demo_no_numbers,none,none,False,noise,noise,noise
2100438353946513815,games_control_loops_simulation,feel,measured_demo,latency,none,True,not_covered,material,fast_loop
2100534723177263336,collaboration_and_typing,interaction,demo_no_numbers,none,none,True,not_covered,unproven_demo,demo
2100405669405012376,classification_routing_triage,task,demo_no_numbers,none,none,False,not_covered,unproven_demo,demo
2100647394211680286,other_or_meta,unclear,measured_demo,latency,frontier_llm,False,noise,noise,noise
2100650531492332029,browser_and_computer_use,task,demo_no_numbers,none,none,False,not_covered,unproven_demo,demo
2100704841786114215,games_control_loops_simulation,feel,demo_no_numbers,latency,none,True,not_covered,hype,hype
2100606640097771901,classification_routing_triage,interaction,measured_demo,cost,small_llm,False,not_covered,cost_only,cost_only
2100404711283188181,games_control_loops_simulation,feel,demo_no_numbers,none,none,True,not_covered,unproven_demo,demo
2100521764451131610,classification_routing_triage,interaction,measured_demo,latency,frontier_llm,False,not_covered,cost_only,cost_only
2100570538007527719,voice_and_turn_taking,turn,demo_no_numbers,capability,none,True,not_covered,hype,demo
2100605193985368259,agent_harness_and_tool_gating,task,demo_no_numbers,none,none,False,not_covered,unproven_demo,demo
2100446070283059329,classification_routing_triage,interaction,demo_no_numbers,none,none,False,not_covered,unproven_demo,demo
2100696083207004574,evals_and_judging,batch,measured_demo,accuracy,none,False,not_covered,cost_only,cost_only
2100725230583067099,other_or_meta,unclear,commentary_or_meme,accuracy,frontier_llm,False,noise,noise,noise
2100665171459068298,games_control_loops_simulation,task,demo_no_numbers,none,none,False,not_covered,unproven_demo,demo
2100614911898390589,trading_and_markets,task,demo_no_numbers,none,none,True,not_covered,unproven_demo,demo
2100708222847853043,browser_and_computer_use,task,demo_no_numbers,latency,none,False,not_covered,hype,hype
2100617067246330101,other_or_meta,unclear,commentary_or_meme,none,none,False,noise,noise,noise
2100697129052447164,other_or_meta,unclear,measured_demo,cost,none,False,noise,noise,noise
2100576074996277598,classification_routing_triage,task,demo_no_numbers,none,none,True,not_covered,unproven_demo,demo
2100400028711805242,games_control_loops_simulation,feel,demo_no_numbers,capability,none,True,not_covered,hype,demo
2100686524065222698,games_control_loops_simulation,feel,demo_no_numbers,none,none,True,not_covered,unproven_demo,demo
2100622223014842432,games_control_loops_simulation,task,measured_demo,cost,none,True,not_covered,cost_only,cost_only
2100614940616720884,search_rerank_extraction,interaction,measured_demo,latency,small_llm,False,not_covered,cost_only,cost_only
2100672542386102339,games_control_loops_simulation,feel,demo_no_numbers,none,none,True,not_covered,unproven_demo,demo
2100708731780563407,search_rerank_extraction,task,demo_no_numbers,capability,frontier_llm,False,not_covered,hype,hype
2100694860877513007,moderation_and_guardrails,interaction,measured_demo,latency,frontier_llm,False,not_covered,cost_only,cost_only
2100555824707846417,moderation_and_guardrails,interaction,demo_no_numbers,cost,none,True,not_covered,hype,hype
2100618896080540014,games_control_loops_simulation,feel,measured_demo,cost,none,True,not_covered,material,fast_loop
2100554586356330942,classification_routing_triage,task,demo_no_numbers,capability,none,False,not_covered,hype,demo
2100562217087172823,other_or_meta,unclear,demo_no_numbers,none,none,False,noise,noise,noise
2100713197502173373,games_control_loops_simulation,interaction,measured_demo,cost,none,True,material,material,material
2100628873356693788,games_control_loops_simulation,feel,demo_no_numbers,capability,none,True,not_covered,hype,demo
2100580054401241525,other_or_meta,unclear,demo_no_numbers,none,none,False,noise,noise,noise
2100678949193789605,other_or_meta,unclear,demo_no_numbers,none,none,False,noise,noise,noise
2100689836084461903,games_control_loops_simulation,feel,demo_no_numbers,capability,none,True,not_covered,hype,demo
2100728939622912229,games_control_loops_simulation,feel,demo_no_numbers,none,rules_or_regex,True,not_covered,unproven_demo,hype
2100598773290303641,games_control_loops_simulation,feel,demo_no_numbers,capability,none,True,not_covered,hype,demo
2100677168435224678,games_control_loops_simulation,feel,measured_demo,cost,none,True,not_covered,material,fast_loop
2100643548546626042,evals_and_judging,unclear,demo_no_numbers,none,none,False,not_covered,unproven_demo,demo
2100591753359216651,evals_and_judging,batch,demo_no_numbers,none,none,False,not_covered,unproven_demo,demo
2100562299085828566,evals_and_judging,task,demo_no_numbers,capability,none,False,not_covered,hype,demo
2100409077633311182,voice_and_turn_taking,turn,demo_no_numbers,none,none,True,not_covered,unproven_demo,demo
2100689322412528069,classification_routing_triage,task,measured_demo,cost,frontier_llm,False,not_covered,cost_only,cost_only
2100589189066879271,evals_and_judging,task,demo_no_numbers,capability,none,False,not_covered,hype,demo
2100647701796855870,trading_and_markets,task,measured_demo,cost,none,False,not_covered,cost_only,cost_only
2100646488003019258,classification_routing_triage,task,demo_no_numbers,none,none,False,not_covered,unproven_demo,demo
2100717186205511752,games_control_loops_simulation,feel,demo_no_numbers,none,none,True,not_covered,unproven_demo,demo
2100732652420546981,evals_and_judging,interaction,demo_no_numbers,none,none,False,not_covered,unproven_demo,demo
2100623477895995887,other_or_meta,unclear,demo_no_numbers,none,small_llm,False,noise,noise,noise
2100460546067988607,moderation_and_guardrails,batch,measured_demo,accuracy,none,False,not_covered,cost_only,cost_only
2100589323196481972,evals_and_judging,interaction,measured_demo,none,none,False,not_covered,cost_only,cost_only
2100532149002858800,evals_and_judging,task,measured_demo,latency,none,False,not_covered,cost_only,cost_only
2100598991306260895,classification_routing_triage,interaction,measured_demo,latency,frontier_llm,False,not_covered,cost_only,cost_only
2100560955692454117,browser_and_computer_use,task,demo_no_numbers,capability,none,True,not_covered,hype,demo
2100614237488021513,classification_routing_triage,interaction,measured_demo,cost,small_llm,False,not_covered,cost_only,cost_only
2100616111771238881,games_control_loops_simulation,feel,demo_no_numbers,capability,none,True,not_covered,hype,demo
2100486780298383801,games_control_loops_simulation,feel,demo_no_numbers,none,none,True,not_covered,unproven_demo,demo
2100627900038865206,moderation_and_guardrails,batch,demo_no_numbers,none,none,False,not_covered,unproven_demo,demo
2100703517778350559,other_or_meta,unclear,measured_demo,none,none,False,noise,noise,noise
2100466530459017458,games_control_loops_simulation,feel,demo_no_numbers,none,none,True,not_covered,unproven_demo,demo
2100591120468308142,voice_and_turn_taking,turn,demo_no_numbers,none,none,True,not_covered,unproven_demo,demo
2100650485199876382,search_rerank_extraction,task,demo_no_numbers,capability,none,False,not_covered,hype,demo
2100735706704261534,compaction_and_context,task,measured_demo,cost,none,False,not_covered,cost_only,cost_only
2100575305370882257,data_and_telemetry,batch,measured_demo,latency,none,False,not_covered,cost_only,cost_only
2100470860046045439,search_rerank_extraction,interaction,demo_no_numbers,latency,none,False,not_covered,hype,hype
2100638443126554687,classification_routing_triage,task,demo_no_numbers,none,none,False,not_covered,unproven_demo,demo
2100497307112452332,agent_harness_and_tool_gating,task,measured_demo,cost,none,True,not_covered,cost_only,cost_only
2100538585002963215,games_control_loops_simulation,feel,demo_no_numbers,none,none,True,not_covered,unproven_demo,demo
2100713859162202606,other_or_meta,unclear,demo_no_numbers,none,none,False,noise,noise,noise
2100594289055334517,classification_routing_triage,task,measured_demo,accuracy,none,False,not_covered,cost_only,cost_only
2100600179615518918,agent_harness_and_tool_gating,task,demo_no_numbers,latency,none,False,not_covered,hype,hype
2100607843237855296,other_or_meta,unclear,demo_no_numbers,none,none,False,noise,noise,noise
2100715812470301133,evals_and_judging,unclear,demo_no_numbers,none,none,False,not_covered,unproven_demo,demo
2100589896792682934,other_or_meta,unclear,demo_no_numbers,none,none,False,noise,noise,noise
2100625459528761619,other_or_meta,unclear,demo_no_numbers,capability,none,False,noise,noise,noise
2100560844459475368,agent_harness_and_tool_gating,task,demo_no_numbers,none,none,False,not_covered,unproven_demo,demo
2100675952317792734,trading_and_markets,task,measured_demo,none,none,True,not_covered,cost_only,cost_only
2100601515778187718,classification_routing_triage,task,demo_no_numbers,none,none,False,not_covered,unproven_demo,demo
2100403672203334044,other_or_meta,unclear,demo_no_numbers,none,none,False,noise,noise,noise
2100687687057285215,games_control_loops_simulation,feel,measured_demo,cost,none,True,not_covered,material,fast_loop
2100734952274907166,games_control_loops_simulation,feel,demo_no_numbers,capability,none,True,not_covered,hype,demo
2100599760004522490,games_control_loops_simulation,feel,demo_no_numbers,none,none,True,not_covered,unproven_demo,demo
2100531776980386167,agent_harness_and_tool_gating,task,demo_no_numbers,none,none,False,not_covered,unproven_demo,demo
2100603303642153020,games_control_loops_simulation,feel,measured_demo,latency,none,True,not_covered,material,fast_loop
2100434631099285878,games_control_loops_simulation,feel,measured_demo,none,none,True,not_covered,material,fast_loop
2100648261661176264,games_control_loops_simulation,feel,demo_no_numbers,latency,none,True,not_covered,hype,hype
2100523142754050072,games_control_loops_simulation,feel,demo_no_numbers,capability,none,True,not_covered,hype,demo
2100633209092424035,collaboration_and_typing,feel,demo_no_numbers,none,none,True,not_covered,unproven_demo,demo
2100639770804175148,classification_routing_triage,interaction,demo_no_numbers,accuracy,none,False,not_covered,unproven_demo,hype
2100628519751471154,evals_and_judging,task,demo_no_numbers,capability,frontier_llm,False,not_covered,hype,hype
2100617275355312446,voice_and_turn_taking,turn,demo_no_numbers,none,none,True,not_covered,unproven_demo,demo
2100572933974307310,agent_harness_and_tool_gating,interaction,demo_no_numbers,capability,none,True,not_covered,hype,demo
2100451980288348175,games_control_loops_simulation,feel,measured_demo,latency,none,True,not_covered,material,fast_loop
2100735486901796923,search_rerank_extraction,task,measured_demo,accuracy,rules_or_regex,False,not_covered,cost_only,cost_only
2100733721540530368,games_control_loops_simulation,feel,demo_no_numbers,cost,none,True,not_covered,hype,hype
2100644121320808584,classification_routing_triage,interaction,demo_no_numbers,capability,none,False,not_covered,hype,demo
2100458335405588607,games_control_loops_simulation,feel,demo_no_numbers,none,none,True,not_covered,unproven_demo,demo
2100582483423060460,other_or_meta,unclear,demo_no_numbers,none,none,False,noise,noise,noise
2100512742205755793,data_and_telemetry,batch,demo_no_numbers,none,none,False,not_covered,unproven_demo,demo
2100676619815862464,games_control_loops_simulation,feel,demo_no_numbers,none,none,True,not_covered,unproven_demo,demo
2100560483912741092,evals_and_judging,interaction,demo_no_numbers,none,none,False,not_covered,unproven_demo,demo
2100384606818333011,games_control_loops_simulation,feel,measured_demo,cost,frontier_llm,True,not_covered,cost_only,fast_loop
2100472423284122042,search_rerank_extraction,task,demo_no_numbers,none,none,False,not_covered,unproven_demo,demo
2100681802755031394,evals_and_judging,task,measured_demo,cost,small_llm,False,cost_only,cost_only,cost_only
2100724340677595247,games_control_loops_simulation,feel,demo_no_numbers,none,classic_classifier_or_ml,True,not_covered,unproven_demo,hype
2100617830890885415,classification_routing_triage,task,demo_no_numbers,latency,none,False,not_covered,hype,hype
2100572561520095623,classification_routing_triage,task,demo_no_numbers,capability,none,False,not_covered,hype,demo
2100668711061602608,search_rerank_extraction,interaction,measured_demo,accuracy,none,False,not_covered,cost_only,cost_only
2100587299536802258,agent_harness_and_tool_gating,task,demo_no_numbers,none,none,False,not_covered,unproven_demo,demo
2100714926474182831,other_or_meta,unclear,demo_no_numbers,none,none,False,noise,noise,noise
2100644751531815413,other_or_meta,unclear,demo_no_numbers,none,none,False,noise,noise,noise
2100554525849391602,games_control_loops_simulation,feel,demo_no_numbers,none,none,True,not_covered,unproven_demo,demo
2100689324270657935,classification_routing_triage,task,demo_no_numbers,none,none,False,not_covered,unproven_demo,demo
2100420088977408103,games_control_loops_simulation,feel,demo_no_numbers,none,none,True,not_covered,unproven_demo,demo
2100638014804238747,evals_and_judging,batch,measured_demo,accuracy,frontier_llm,False,not_covered,cost_only,cost_only
2100664983935971379,evals_and_judging,interaction,demo_no_numbers,capability,frontier_llm,False,not_covered,hype,hype
2100587625304281141,moderation_and_guardrails,interaction,demo_no_numbers,latency,none,False,not_covered,hype,hype
2100432098049855612,games_control_loops_simulation,feel,demo_no_numbers,none,none,True,not_covered,unproven_demo,demo
2100593200876446030,other_or_meta,unclear,demo_no_numbers,none,none,False,noise,noise,noise
2100515993839624609,other_or_meta,unclear,demo_no_numbers,none,small_llm,False,noise,noise,noise
2100558096607085027,search_rerank_extraction,interaction,measured_demo,accuracy,none,False,not_covered,cost_only,cost_only
2100377933974044831,browser_and_computer_use,task,measured_demo,accuracy,none,False,not_covered,cost_only,cost_only
2100544819869184255,classification_routing_triage,interaction,measured_demo,latency,small_llm,False,not_covered,cost_only,cost_only
2100567029233406257,moderation_and_guardrails,interaction,demo_no_numbers,latency,frontier_llm,False,hype,hype,hype
2100558361653608759,games_control_loops_simulation,feel,demo_no_numbers,none,none,True,not_covered,unproven_demo,demo
2100581721515188451,classification_routing_triage,batch,measured_demo,latency,small_llm,False,cost_only,cost_only,cost_only
2100549517171175807,search_rerank_extraction,interaction,measured_demo,latency,none,False,not_covered,cost_only,cost_only
2100543705694560657,games_control_loops_simulation,feel,demo_no_numbers,none,none,True,not_covered,unproven_demo,demo
2100425130082238682,games_control_loops_simulation,feel,demo_no_numbers,none,none,True,not_covered,unproven_demo,demo
2100545028523278759,search_rerank_extraction,unclear,demo_no_numbers,none,none,False,not_covered,unproven_demo,demo
2100451281013969078,games_control_loops_simulation,feel,demo_no_numbers,none,none,True,not_covered,unproven_demo,demo
2100616458493685840,games_control_loops_simulation,feel,demo_no_numbers,none,none,True,not_covered,unproven_demo,demo
2100725570590126399,trading_and_markets,feel,measured_demo,latency,none,True,not_covered,material,fast_loop
2100709851336683730,games_control_loops_simulation,feel,demo_no_numbers,latency,none,True,not_covered,hype,hype
2100405456187564201,agent_harness_and_tool_gating,interaction,measured_demo,latency,none,False,not_covered,cost_only,cost_only
2100588140482400740,moderation_and_guardrails,task,measured_demo,cost,frontier_llm,False,not_covered,cost_only,cost_only
2100589330481791353,classification_routing_triage,batch,measured_demo,cost,none,False,not_covered,cost_only,cost_only
2100586490556490171,search_rerank_extraction,batch,measured_demo,cost,none,False,not_covered,cost_only,cost_only
2100652804150833607,other_or_meta,unclear,demo_no_numbers,none,none,False,noise,noise,noise
2100676461787304000,agent_harness_and_tool_gating,task,measured_demo,latency,frontier_llm,False,not_covered,cost_only,cost_only
2100559364616601626,other_or_meta,unclear,demo_no_numbers,none,none,False,noise,noise,noise
2100725680510222569,classification_routing_triage,task,demo_no_numbers,none,none,False,not_covered,unproven_demo,demo
2100569308225241170,games_control_loops_simulation,feel,measured_demo,latency,none,True,not_covered,material,fast_loop
2100638905188106519,other_or_meta,interaction,demo_no_numbers,none,none,False,noise,noise,noise
2100469687314522505,games_control_loops_simulation,feel,demo_no_numbers,none,none,True,not_covered,unproven_demo,demo
2100641560463544708,classification_routing_triage,batch,measured_demo,cost,none,False,not_covered,cost_only,cost_only
2100678779790110912,trading_and_markets,task,demo_no_numbers,none,none,False,not_covered,unproven_demo,demo
2100442805608829374,games_control_loops_simulation,unclear,demo_no_numbers,none,none,True,not_covered,unproven_demo,demo
2100566407524344225,agent_harness_and_tool_gating,task,measured_demo,latency,frontier_llm,True,not_covered,cost_only,cost_only
2100618066459553796,classification_routing_triage,batch,demo_no_numbers,none,none,False,not_covered,unproven_demo,demo
2100472612828721336,classification_routing_triage,interaction,measured_demo,latency,none,False,not_covered,cost_only,cost_only
2100588992572055693,agent_harness_and_tool_gating,task,demo_no_numbers,none,none,False,not_covered,unproven_demo,demo
2100394761668497822,data_and_telemetry,batch,measured_demo,cost,none,False,not_covered,cost_only,cost_only
2100644717138792625,evals_and_judging,task,measured_demo,latency,frontier_llm,False,not_covered,cost_only,cost_only
2100425243269468583,search_rerank_extraction,batch,demo_no_numbers,capability,frontier_llm,False,not_covered,hype,hype
2100560495019278676,trading_and_markets,batch,measured_demo,accuracy,none,False,not_covered,cost_only,cost_only
2100602512055377928,games_control_loops_simulation,task,demo_no_numbers,none,none,True,not_covered,unproven_demo,demo
2100532408894599678,games_control_loops_simulation,frame,demo_no_numbers,latency,none,True,not_covered,hype,hype
2100568907698307154,evals_and_judging,interaction,measured_demo,latency,none,False,not_covered,cost_only,cost_only
2100429548785377713,other_or_meta,unclear,demo_no_numbers,none,none,False,noise,noise,noise
2100597575829385694,data_and_telemetry,task,measured_demo,latency,none,False,not_covered,cost_only,cost_only
2100680287042814326,browser_and_computer_use,task,measured_demo,latency,none,False,not_covered,cost_only,cost_only
2100654891756589230,data_and_telemetry,batch,measured_demo,cost,none,False,not_covered,cost_only,cost_only
2100452418236670194,games_control_loops_simulation,feel,demo_no_numbers,none,none,True,not_covered,unproven_demo,demo
2100675140237320417,live_chat_streams_events,turn,measured_demo,none,none,True,material,material,material
2100543213811442030,other_or_meta,unclear,demo_no_numbers,none,rules_or_regex,False,noise,noise,noise
2100429696941080886,games_control_loops_simulation,frame,demo_no_numbers,latency,none,True,not_covered,hype,hype
2100465397267144815,other_or_meta,unclear,demo_no_numbers,none,frontier_llm,False,noise,noise,noise
2100470176278016490,search_rerank_extraction,interaction,measured_demo,latency,frontier_llm,False,not_covered,cost_only,cost_only
2100664899861127483,classification_routing_triage,unclear,demo_no_numbers,none,none,False,not_covered,unproven_demo,demo
2100459554341605484,other_or_meta,unclear,demo_no_numbers,none,none,False,noise,noise,noise
2100592247708209530,other_or_meta,unclear,demo_no_numbers,none,none,False,noise,noise,noise
2100626348725207104,games_control_loops_simulation,feel,measured_demo,latency,none,True,not_covered,material,fast_loop
2100703008330014774,data_and_telemetry,batch,demo_no_numbers,none,none,False,not_covered,unproven_demo,demo
2100616464437055916,games_control_loops_simulation,feel,demo_no_numbers,none,none,True,not_covered,unproven_demo,demo
2100700265238421596,classification_routing_triage,unclear,demo_no_numbers,none,none,False,not_covered,unproven_demo,demo
2100674787966378489,collaboration_and_typing,feel,measured_demo,latency,none,True,not_covered,material,fast_loop
2100706320483774523,other_or_meta,unclear,demo_no_numbers,none,none,False,noise,noise,noise
2100616874719347136,games_control_loops_simulation,feel,demo_no_numbers,none,none,True,not_covered,unproven_demo,demo
2100516936958271928,games_control_loops_simulation,feel,demo_no_numbers,capability,none,True,not_covered,hype,demo
2100622449268191524,games_control_loops_simulation,unclear,demo_no_numbers,none,none,True,not_covered,unproven_demo,demo
2100572184435417305,moderation_and_guardrails,interaction,demo_no_numbers,cost,none,False,not_covered,hype,hype
2100450818629435570,classification_routing_triage,task,demo_no_numbers,none,none,False,not_covered,unproven_demo,demo
2100714127132127727,games_control_loops_simulation,feel,demo_no_numbers,capability,none,True,not_covered,hype,demo
2100706370765099124,classification_routing_triage,interaction,measured_demo,latency,frontier_llm,False,not_covered,cost_only,cost_only
2100424472344019325,agent_harness_and_tool_gating,task,demo_no_numbers,none,none,False,not_covered,unproven_demo,demo
2100723595517284547,agent_harness_and_tool_gating,task,demo_no_numbers,capability,none,False,not_covered,hype,demo
2100601111191359716,other_or_meta,unclear,demo_no_numbers,none,none,False,noise,noise,noise
2100671112577462332,agent_harness_and_tool_gating,task,demo_no_numbers,none,none,False,not_covered,unproven_demo,demo
2100480470043763085,classification_routing_triage,task,measured_demo,accuracy,classic_classifier_or_ml,False,not_covered,cost_only,cost_only
2100721721711980908,classification_routing_triage,batch,demo_no_numbers,none,none,False,not_covered,unproven_demo,demo
2100632360895283239,other_or_meta,unclear,demo_no_numbers,none,none,True,noise,noise,noise
2100692958601232486,search_rerank_extraction,task,demo_no_numbers,accuracy,vendor_api,False,not_covered,unproven_demo,hype
2100474445525639231,games_control_loops_simulation,feel,measured_demo,latency,small_llm,True,not_covered,cost_only,fast_loop
2100545285659480128,games_control_loops_simulation,feel,demo_no_numbers,capability,none,True,not_covered,hype,demo
2100690465251283065,classification_routing_triage,interaction,demo_no_numbers,none,none,False,not_covered,unproven_demo,demo
2100711375332835645,other_or_meta,unclear,demo_no_numbers,none,none,False,noise,noise,noise
2100568894909849660,data_and_telemetry,batch,demo_no_numbers,capability,none,False,not_covered,hype,demo
2100414679579599335,other_or_meta,unclear,demo_no_numbers,none,none,False,noise,noise,noise
2100550028708241698,trading_and_markets,task,measured_demo,cost,frontier_llm,False,not_covered,cost_only,cost_only
2100625826559537379,moderation_and_guardrails,interaction,demo_no_numbers,none,none,False,not_covered,unproven_demo,demo
2100713588381925520,games_control_loops_simulation,feel,demo_no_numbers,none,none,True,not_covered,unproven_demo,demo
2100458080873951449,evals_and_judging,task,demo_no_numbers,accuracy,frontier_llm,False,not_covered,hype,hype
2100488940600152489,trading_and_markets,task,measured_demo,none,none,True,not_covered,cost_only,cost_only
2100384258804093139,games_control_loops_simulation,feel,measured_demo,cost,none,True,not_covered,material,fast_loop
2100393694025138196,games_control_loops_simulation,feel,demo_no_numbers,capability,frontier_llm,True,not_covered,hype,hype
2100723340021276739,games_control_loops_simulation,feel,measured_demo,none,none,True,not_covered,material,fast_loop
2100675649514209634,agent_harness_and_tool_gating,task,demo_no_numbers,none,none,False,not_covered,unproven_demo,demo
2100694891839824324,trading_and_markets,task,demo_no_numbers,none,none,True,not_covered,unproven_demo,demo
2100576439099588635,classification_routing_triage,task,demo_no_numbers,none,none,False,not_covered,unproven_demo,demo
2100647082814275873,agent_harness_and_tool_gating,task,demo_no_numbers,none,none,False,not_covered,unproven_demo,demo
2100638374428369242,agent_harness_and_tool_gating,task,demo_no_numbers,latency,none,False,not_covered,hype,hype
2100609472750047263,data_and_telemetry,batch,measured_demo,cost,classic_classifier_or_ml,False,not_covered,cost_only,cost_only
2100598525470048646,games_control_loops_simulation,feel,demo_no_numbers,capability,none,True,not_covered,hype,demo
2100387266271265223,classification_routing_triage,task,measured_demo,cost,vendor_api,False,cost_only,cost_only,cost_only
2100687647631143117,agent_harness_and_tool_gating,task,demo_no_numbers,capability,none,False,not_covered,hype,demo
2100610873819840951,games_control_loops_simulation,feel,measured_demo,cost,frontier_llm,True,not_covered,cost_only,fast_loop
2100593442824798451,other_or_meta,task,measured_demo,cost,none,False,noise,noise,noise
2100706623551623295,games_control_loops_simulation,feel,demo_no_numbers,none,none,True,not_covered,unproven_demo,demo
2100545412780220877,data_and_telemetry,batch,measured_demo,cost,none,False,not_covered,cost_only,cost_only
2100531853090341220,games_control_loops_simulation,feel,demo_no_numbers,capability,none,True,not_covered,hype,demo
2100628875935932772,games_control_loops_simulation,feel,measured_demo,latency,none,True,not_covered,material,fast_loop
2100647991887692190,browser_and_computer_use,interaction,demo_no_numbers,none,none,False,not_covered,unproven_demo,demo
2100458829070713030,data_and_telemetry,batch,demo_no_numbers,accuracy,none,False,not_covered,unproven_demo,hype
2100638933428359430,other_or_meta,task,measured_demo,cost,none,False,noise,noise,noise
2100448476899471567,classification_routing_triage,batch,measured_demo,cost,frontier_llm,False,not_covered,cost_only,cost_only
2100471002912199030,moderation_and_guardrails,interaction,demo_no_numbers,none,none,False,not_covered,unproven_demo,demo
2100649727536640435,classification_routing_triage,task,measured_demo,accuracy,small_llm,False,cost_only,cost_only,cost_only
2100521357679186355,other_or_meta,interaction,measured_demo,latency,none,False,noise,noise,noise
2100506954892210596,trading_and_markets,task,measured_demo,cost,none,True,not_covered,cost_only,cost_only
2100405762493497479,classification_routing_triage,task,measured_demo,cost,small_llm,False,cost_only,cost_only,cost_only
2100488050686202115,other_or_meta,unclear,demo_no_numbers,none,none,False,noise,noise,noise
2100651523122585657,classification_routing_triage,interaction,demo_no_numbers,none,none,False,not_covered,unproven_demo,demo
2100603807894053252,games_control_loops_simulation,task,measured_demo,none,none,True,not_covered,cost_only,cost_only
2100395317996761283,classification_routing_triage,interaction,demo_no_numbers,none,none,False,not_covered,unproven_demo,demo
2100419750459519156,games_control_loops_simulation,feel,demo_no_numbers,capability,none,True,not_covered,hype,demo
2100576178369081415,moderation_and_guardrails,interaction,demo_no_numbers,none,none,False,not_covered,unproven_demo,demo
2100697178708549968,other_or_meta,interaction,demo_no_numbers,none,none,False,noise,noise,noise
2100677818782822461,live_chat_streams_events,task,demo_no_numbers,none,none,True,not_covered,unproven_demo,demo
2100567693678047695,evals_and_judging,unclear,demo_no_numbers,none,none,False,not_covered,unproven_demo,demo
2100611224513794207,evals_and_judging,task,measured_demo,cost,frontier_llm,False,not_covered,cost_only,cost_only
2100601783882244337,classification_routing_triage,interaction,measured_demo,accuracy,small_llm,False,not_covered,cost_only,cost_only
2100524381361365170,classification_routing_triage,interaction,demo_no_numbers,capability,frontier_llm,False,not_covered,hype,hype
2100605207382303164,classification_routing_triage,task,measured_demo,latency,frontier_llm,False,not_covered,cost_only,cost_only
2100723103143997510,games_control_loops_simulation,feel,demo_no_numbers,none,none,True,not_covered,unproven_demo,demo
2100734272839516557,moderation_and_guardrails,interaction,demo_no_numbers,none,none,False,not_covered,unproven_demo,demo
2100450565989765193,other_or_meta,unclear,demo_no_numbers,none,none,False,noise,noise,noise
2100634919202378002,search_rerank_extraction,task,demo_no_numbers,none,none,False,not_covered,unproven_demo,demo
2100466911612223771,classification_routing_triage,batch,measured_demo,cost,none,False,not_covered,cost_only,cost_only
2100439182694912414,agent_harness_and_tool_gating,task,demo_no_numbers,capability,none,False,not_covered,hype,demo
2100602271256002696,games_control_loops_simulation,interaction,demo_no_numbers,none,none,True,not_covered,unproven_demo,demo
2100639390468833379,games_control_loops_simulation,turn,measured_demo,latency,none,True,material,material,material
2100703579791114687,classification_routing_triage,interaction,demo_no_numbers,none,none,False,not_covered,unproven_demo,demo
2100612699394597125,other_or_meta,unclear,demo_no_numbers,none,none,False,noise,noise,noise
2100375560728010875,trading_and_markets,unclear,demo_no_numbers,none,none,False,not_covered,unproven_demo,demo
2100563199439368619,games_control_loops_simulation,feel,demo_no_numbers,capability,none,True,not_covered,hype,demo
2100481014980297125,games_control_loops_simulation,feel,demo_no_numbers,none,none,True,not_covered,unproven_demo,demo
2100649442647130503,evals_and_judging,batch,measured_demo,accuracy,frontier_llm,False,not_covered,cost_only,cost_only
2100596816223912431,trading_and_markets,task,measured_demo,cost,none,True,not_covered,cost_only,cost_only
2100703666848354435,other_or_meta,unclear,demo_no_numbers,none,none,False,noise,noise,noise
2100594253952921944,moderation_and_guardrails,interaction,demo_no_numbers,latency,small_llm,True,not_covered,hype,hype
2100458351440048258,games_control_loops_simulation,task,measured_demo,cost,frontier_llm,True,not_covered,cost_only,cost_only
2100697612835766310,trading_and_markets,unclear,demo_no_numbers,none,none,False,not_covered,unproven_demo,demo
2100587176220402126,other_or_meta,unclear,demo_no_numbers,latency,none,False,noise,noise,noise
2100636334889263229,classification_routing_triage,interaction,demo_no_numbers,cost,frontier_llm,False,hype,hype,hype
2100723825990107364,other_or_meta,unclear,commentary_or_meme,none,none,False,noise,noise,noise
2100440976640876925,evals_and_judging,task,demo_no_numbers,none,none,False,not_covered,unproven_demo,demo
2100570012084031795,games_control_loops_simulation,feel,demo_no_numbers,none,none,True,not_covered,unproven_demo,demo
2100524484478267564,agent_harness_and_tool_gating,task,demo_no_numbers,capability,none,False,not_covered,hype,demo
2100591409447174261,browser_and_computer_use,task,measured_demo,cost,none,False,not_covered,cost_only,cost_only
2100462234434421208,agent_harness_and_tool_gating,task,demo_no_numbers,none,none,False,not_covered,unproven_demo,demo
2100579680428736981,games_control_loops_simulation,feel,measured_demo,latency,none,True,not_covered,material,fast_loop
2100454527841529856,classification_routing_triage,task,measured_demo,latency,small_llm,False,cost_only,cost_only,cost_only
2100587674151395344,games_control_loops_simulation,feel,demo_no_numbers,none,none,True,not_covered,unproven_demo,demo
2100640272065634318,games_control_loops_simulation,task,demo_no_numbers,none,none,True,not_covered,unproven_demo,demo
2100681306195767667,agent_harness_and_tool_gating,task,measured_demo,cost,none,False,not_covered,cost_only,cost_only
2100735712496644312,search_rerank_extraction,task,measured_demo,accuracy,rules_or_regex,False,not_covered,cost_only,cost_only
2100564447618118042,agent_harness_and_tool_gating,task,demo_no_numbers,none,none,False,not_covered,unproven_demo,demo
2100566679441043636,other_or_meta,unclear,demo_no_numbers,none,none,False,noise,noise,noise
2100625153109504483,games_control_loops_simulation,task,demo_no_numbers,capability,none,True,not_covered,hype,demo
2100525172096716950,trading_and_markets,feel,demo_no_numbers,none,none,True,not_covered,unproven_demo,demo
2100474948070584540,search_rerank_extraction,interaction,demo_no_numbers,none,rules_or_regex,False,not_covered,unproven_demo,hype
2100612758467432712,classification_routing_triage,interaction,demo_no_numbers,none,none,False,not_covered,unproven_demo,demo
2100593904949096696,classification_routing_triage,task,measured_demo,cost,frontier_llm,False,not_covered,cost_only,cost_only
2100681628481663001,classification_routing_triage,task,measured_demo,cost,none,False,not_covered,cost_only,cost_only
2100704438579269639,games_control_loops_simulation,feel,demo_no_numbers,none,frontier_llm,True,not_covered,hype,hype
2100612168064344097,evals_and_judging,batch,measured_demo,accuracy,frontier_llm,False,not_covered,cost_only,cost_only
2100638080378286489,games_control_loops_simulation,feel,demo_no_numbers,none,none,True,not_covered,unproven_demo,demo
2100714507303829829,games_control_loops_simulation,feel,demo_no_numbers,capability,none,True,not_covered,hype,demo
2100693532692623695,evals_and_judging,task,demo_no_numbers,none,none,False,not_covered,unproven_demo,demo
2100714939145130364,games_control_loops_simulation,task,demo_no_numbers,accuracy,classic_classifier_or_ml,False,not_covered,unproven_demo,hype
2100500927488627006,evals_and_judging,interaction,measured_demo,latency,none,False,not_covered,cost_only,cost_only
2100527935505547574,classification_routing_triage,task,measured_demo,accuracy,none,False,not_covered,cost_only,cost_only
2100643727178092903,search_rerank_extraction,task,measured_demo,accuracy,vendor_api,False,cost_only,cost_only,cost_only
2100590289521951094,agent_harness_and_tool_gating,task,measured_demo,latency,frontier_llm,False,not_covered,cost_only,cost_only
2100514770998948251,classification_routing_triage,batch,measured_demo,cost,none,False,not_covered,cost_only,cost_only
2100632025153859967,other_or_meta,unclear,demo_no_numbers,none,none,False,noise,noise,noise
2100426540316282993,other_or_meta,interaction,demo_no_numbers,latency,none,True,noise,noise,noise
2100404653888352565,agent_harness_and_tool_gating,task,demo_no_numbers,capability,none,False,not_covered,hype,demo
2100428471944053096,games_control_loops_simulation,feel,demo_no_numbers,none,none,True,not_covered,unproven_demo,demo
2100450605429092831,games_control_loops_simulation,interaction,demo_no_numbers,none,none,False,not_covered,unproven_demo,demo
2100705147282428130,data_and_telemetry,batch,measured_demo,latency,none,False,not_covered,cost_only,cost_only
2100624818164973718,other_or_meta,unclear,demo_no_numbers,capability,none,False,noise,noise,noise
2100583329342857719,games_control_loops_simulation,feel,demo_no_numbers,none,none,True,not_covered,unproven_demo,demo
2100476853920129024,agent_harness_and_tool_gating,interaction,measured_demo,latency,none,True,material,material,material
2100614050304458791,games_control_loops_simulation,feel,demo_no_numbers,none,none,True,not_covered,unproven_demo,demo
2100681499238605222,moderation_and_guardrails,interaction,demo_no_numbers,latency,none,False,not_covered,hype,hype
2100735717336887537,agent_harness_and_tool_gating,task,measured_demo,cost,none,False,not_covered,cost_only,cost_only
2100735301111222282,games_control_loops_simulation,feel,measured_demo,none,none,True,not_covered,material,fast_loop
2100533269401870439,data_and_telemetry,batch,demo_no_numbers,none,none,False,not_covered,unproven_demo,demo
2100636806429720776,games_control_loops_simulation,feel,demo_no_numbers,none,none,True,not_covered,unproven_demo,demo
2100575139956244701,agent_harness_and_tool_gating,task,demo_no_numbers,none,none,False,not_covered,unproven_demo,demo
2100540661007028681,other_or_meta,unclear,measured_demo,none,frontier_llm,False,noise,noise,noise
2100633820873814314,evals_and_judging,task,demo_no_numbers,none,none,False,not_covered,unproven_demo,demo
2100389642994323513,games_control_loops_simulation,feel,measured_demo,none,none,True,not_covered,material,fast_loop
2100544757248278933,moderation_and_guardrails,interaction,measured_demo,cost,none,False,not_covered,cost_only,cost_only
2100699431309897845,evals_and_judging,interaction,measured_demo,accuracy,none,False,not_covered,cost_only,cost_only
2100427285224394867,collaboration_and_typing,turn,demo_no_numbers,latency,none,True,not_covered,hype,hype
2100689095202885722,evals_and_judging,interaction,demo_no_numbers,capability,none,False,not_covered,hype,demo
2100600669220847856,data_and_telemetry,batch,measured_demo,latency,frontier_llm,False,not_covered,cost_only,cost_only
2100531489196675075,games_control_loops_simulation,feel,demo_no_numbers,none,none,True,not_covered,unproven_demo,demo
2100705810129338708,games_control_loops_simulation,feel,demo_no_numbers,none,none,True,not_covered,unproven_demo,demo
2100580126291308855,moderation_and_guardrails,interaction,demo_no_numbers,cost,vendor_api,False,not_covered,hype,hype
2100489704915481039,games_control_loops_simulation,feel,measured_demo,latency,none,True,not_covered,material,fast_loop
2100525437449339166,classification_routing_triage,task,demo_no_numbers,none,none,False,not_covered,unproven_demo,demo
2100585652941373756,other_or_meta,unclear,demo_no_numbers,none,none,False,noise,noise,noise
2100630868348023011,browser_and_computer_use,task,measured_demo,latency,none,False,not_covered,cost_only,cost_only
2100530802794561714,classification_routing_triage,interaction,demo_no_numbers,none,none,False,not_covered,unproven_demo,demo
2100420739686076840,search_rerank_extraction,task,demo_no_numbers,accuracy,none,False,not_covered,unproven_demo,hype
2100514000706654290,live_chat_streams_events,turn,demo_no_numbers,none,none,True,not_covered,unproven_demo,demo
2100585979786727919,games_control_loops_simulation,feel,demo_no_numbers,latency,none,True,not_covered,hype,hype
2100434574019121254,browser_and_computer_use,task,measured_demo,cost,frontier_llm,False,not_covered,cost_only,cost_only
2100600923672228189,data_and_telemetry,batch,demo_no_numbers,none,none,False,not_covered,unproven_demo,demo
2100452597165638005,search_rerank_extraction,task,demo_no_numbers,cost,frontier_llm,False,hype,hype,hype
2100675822386331674,trading_and_markets,task,measured_demo,none,none,False,not_covered,cost_only,cost_only
2100448352424853666,other_or_meta,unclear,demo_no_numbers,none,small_llm,False,noise,noise,noise
2100605473883914334,agent_harness_and_tool_gating,task,measured_demo,cost,none,False,not_covered,cost_only,cost_only
2100655682458640738,agent_harness_and_tool_gating,task,demo_no_numbers,capability,rules_or_regex,False,not_covered,hype,hype
2100611986358927627,games_control_loops_simulation,feel,measured_demo,cost,none,True,not_covered,material,fast_loop
2100609431587233818,agent_harness_and_tool_gating,task,demo_no_numbers,none,none,False,not_covered,unproven_demo,demo
2100522029019787688,trading_and_markets,batch,proposal_or_idea,none,none,False,not_covered,unproven_demo,demo
2100550234409476123,other_or_meta,unclear,demo_no_numbers,none,none,False,noise,noise,noise
2100518277759857045,moderation_and_guardrails,unclear,proposal_or_idea,capability,none,False,not_covered,hype,demo
2100580340507070846,search_rerank_extraction,interaction,demo_no_numbers,none,none,False,not_covered,unproven_demo,demo
2100576702220918864,games_control_loops_simulation,feel,demo_no_numbers,none,none,True,not_covered,unproven_demo,demo
2100699124945326537,games_control_loops_simulation,feel,measured_demo,cost,none,True,not_covered,material,fast_loop
2100457458514976840,games_control_loops_simulation,interaction,measured_demo,latency,none,False,not_covered,cost_only,cost_only
2100494363742945703,games_control_loops_simulation,feel,measured_demo,latency,none,True,not_covered,material,fast_loop
2100414148064555101,classification_routing_triage,interaction,measured_demo,cost,none,False,not_covered,cost_only,cost_only
2100533605906674130,other_or_meta,unclear,measured_demo,latency,small_llm,False,noise,noise,noise
2100711486763270370,trading_and_markets,task,demo_no_numbers,none,none,False,not_covered,unproven_demo,demo
2100553538996953474,moderation_and_guardrails,interaction,demo_no_numbers,accuracy,none,False,not_covered,unproven_demo,hype
2100617080395710748,other_or_meta,unclear,demo_no_numbers,none,none,False,noise,noise,noise
2100397782322364792,games_control_loops_simulation,interaction,measured_demo,accuracy,none,True,material,material,material
2100595105321414739,moderation_and_guardrails,interaction,demo_no_numbers,none,none,False,not_covered,unproven_demo,demo
2100604919120121960,agent_harness_and_tool_gating,task,demo_no_numbers,none,none,False,not_covered,unproven_demo,demo
2100705473402229138,classification_routing_triage,interaction,demo_no_numbers,accuracy,classic_classifier_or_ml,False,not_covered,unproven_demo,hype
2100605793561383090,games_control_loops_simulation,feel,demo_no_numbers,none,none,True,not_covered,unproven_demo,demo
2100398922078249166,other_or_meta,unclear,measured_demo,cost,vendor_api,False,noise,noise,noise
2100411529401434360,other_or_meta,unclear,demo_no_numbers,none,none,False,noise,noise,noise
2100429731804176723,evals_and_judging,interaction,demo_no_numbers,none,none,False,not_covered,unproven_demo,demo
2100611038357901563,games_control_loops_simulation,feel,measured_demo,latency,frontier_llm,True,not_covered,cost_only,fast_loop
2100723829257421230,search_rerank_extraction,task,measured_demo,latency,frontier_llm,False,not_covered,cost_only,cost_only
2100566416575648166,moderation_and_guardrails,interaction,demo_no_numbers,capability,frontier_llm,True,not_covered,hype,hype
2100552239823860069,classification_routing_triage,task,measured_demo,accuracy,none,False,not_covered,cost_only,cost_only
2100466991597498530,classification_routing_triage,interaction,measured_demo,latency,frontier_llm,False,not_covered,cost_only,cost_only
2100386714250354786,evals_and_judging,task,demo_no_numbers,none,none,False,not_covered,unproven_demo,demo
2100414140963561650,classification_routing_triage,interaction,demo_no_numbers,none,none,False,not_covered,unproven_demo,demo
2100406443392602262,games_control_loops_simulation,interaction,measured_demo,none,none,False,not_covered,cost_only,cost_only
2100506513521659947,other_or_meta,unclear,demo_no_numbers,none,none,False,noise,noise,noise
2100698843830702214,agent_harness_and_tool_gating,task,demo_no_numbers,none,none,False,not_covered,unproven_demo,demo
2100687872554926362,search_rerank_extraction,task,measured_demo,cost,frontier_llm,False,not_covered,cost_only,cost_only
2100715678273831371,classification_routing_triage,task,demo_no_numbers,none,none,False,not_covered,unproven_demo,demo
2100690582167282010,other_or_meta,unclear,demo_no_numbers,none,none,False,noise,noise,noise
2100471900254179631,search_rerank_extraction,interaction,measured_demo,latency,none,False,not_covered,cost_only,cost_only
2100551130417934436,other_or_meta,unclear,demo_no_numbers,none,none,False,noise,noise,noise
2100513417526120892,games_control_loops_simulation,feel,demo_no_numbers,none,none,True,not_covered,unproven_demo,demo
2100626286687211589,trading_and_markets,batch,measured_demo,none,rules_or_regex,False,not_covered,cost_only,cost_only
2100584225481040350,games_control_loops_simulation,feel,demo_no_numbers,none,none,True,not_covered,unproven_demo,demo
2100504234286518587,other_or_meta,unclear,demo_no_numbers,latency,none,False,noise,noise,noise
2100624877728256310,trading_and_markets,batch,demo_no_numbers,none,none,False,not_covered,unproven_demo,demo
2100676785520431212,games_control_loops_simulation,feel,demo_no_numbers,capability,none,True,not_covered,hype,demo
2100706477757321621,other_or_meta,batch,measured_demo,cost,none,False,noise,noise,noise
2100614804146708523,evals_and_judging,unclear,measured_demo,accuracy,frontier_llm,False,not_covered,cost_only,cost_only
2100691943348949389,data_and_telemetry,unclear,demo_no_numbers,latency,none,False,not_covered,hype,hype
2100409571256975438,other_or_meta,unclear,measured_demo,latency,small_llm,False,noise,noise,noise
2100616249839698061,moderation_and_guardrails,interaction,measured_demo,accuracy,none,False,not_covered,cost_only,cost_only
2100617113157160998,other_or_meta,unclear,measured_demo,none,none,False,noise,noise,noise
2100527809286352990,classification_routing_triage,interaction,measured_demo,accuracy,none,False,not_covered,cost_only,cost_only
2100615237607268599,games_control_loops_simulation,feel,demo_no_numbers,none,none,True,not_covered,unproven_demo,demo
2100608158292934873,evals_and_judging,unclear,demo_no_numbers,none,none,False,not_covered,unproven_demo,demo
2100470056316776553,games_control_loops_simulation,feel,measured_demo,latency,none,True,not_covered,material,fast_loop
2100593468057739530,games_control_loops_simulation,interaction,demo_no_numbers,none,none,True,not_covered,unproven_demo,demo
2100485304541200858,games_control_loops_simulation,feel,demo_no_numbers,none,none,True,not_covered,unproven_demo,demo
2100694708221821118,classification_routing_triage,task,measured_demo,cost,vendor_api,True,cost_only,cost_only,cost_only
2100635102464069714,games_control_loops_simulation,feel,measured_demo,latency,frontier_llm,True,not_covered,cost_only,fast_loop
2100570642571509791,classification_routing_triage,interaction,measured_demo,accuracy,frontier_llm,False,not_covered,cost_only,cost_only
2100411517099495695,agent_harness_and_tool_gating,task,measured_demo,latency,none,False,not_covered,cost_only,cost_only
2100667415067508861,classification_routing_triage,task,measured_demo,accuracy,none,False,not_covered,cost_only,cost_only
2100671596398858475,browser_and_computer_use,unclear,demo_no_numbers,none,none,False,not_covered,unproven_demo,demo
2100695837495992737,agent_harness_and_tool_gating,unclear,demo_no_numbers,none,none,False,not_covered,unproven_demo,demo
2100708833744359924,classification_routing_triage,task,measured_demo,accuracy,frontier_llm,False,not_covered,cost_only,cost_only
2100641791993106617,data_and_telemetry,batch,measured_demo,cost,frontier_llm,False,not_covered,cost_only,cost_only
2100577481698734255,other_or_meta,unclear,demo_no_numbers,latency,frontier_llm,False,noise,noise,noise
2100615437973074097,moderation_and_guardrails,interaction,demo_no_numbers,latency,none,False,not_covered,hype,hype
2100499596095209849,games_control_loops_simulation,feel,demo_no_numbers,none,none,True,not_covered,unproven_demo,demo
2100398925966406005,search_rerank_extraction,batch,measured_demo,accuracy,vendor_api,False,cost_only,cost_only,cost_only
2100630467406118983,evals_and_judging,task,demo_no_numbers,none,none,False,not_covered,unproven_demo,demo
2100584528293335390,trading_and_markets,task,demo_no_numbers,none,none,False,not_covered,unproven_demo,demo
2100543786556260531,search_rerank_extraction,unclear,demo_no_numbers,none,none,False,not_covered,unproven_demo,demo
2100661255149162575,search_rerank_extraction,unclear,demo_no_numbers,accuracy,none,False,not_covered,unproven_demo,hype
2100606459872428207,other_or_meta,interaction,measured_demo,latency,small_llm,False,noise,noise,noise
2100559442232447240,evals_and_judging,unclear,demo_no_numbers,none,none,False,not_covered,unproven_demo,demo
2100479252256972894,trading_and_markets,unclear,demo_no_numbers,none,none,False,not_covered,unproven_demo,demo
2100659671254155701,browser_and_computer_use,task,measured_demo,latency,frontier_llm,True,not_covered,cost_only,cost_only
2100414765453476246,classification_routing_triage,interaction,measured_demo,accuracy,small_llm,False,not_covered,cost_only,cost_only
2100583932525793431,games_control_loops_simulation,feel,demo_no_numbers,none,none,True,not_covered,unproven_demo,demo
2100585091034742852,other_or_meta,unclear,commentary_or_meme,none,none,False,noise,noise,noise
2100476918978015431,search_rerank_extraction,task,measured_demo,latency,frontier_llm,False,not_covered,cost_only,cost_only
2100632643331149984,evals_and_judging,task,measured_demo,accuracy,classic_classifier_or_ml,False,not_covered,cost_only,cost_only
2100605364341239934,games_control_loops_simulation,feel,demo_no_numbers,none,none,True,not_covered,unproven_demo,demo
2100571866843009153,classification_routing_triage,task,measured_demo,cost,none,False,not_covered,cost_only,cost_only
2100720724797280336,classification_routing_triage,task,measured_demo,latency,small_llm,False,cost_only,cost_only,cost_only
2100729086620680651,agent_harness_and_tool_gating,task,measured_demo,latency,none,False,not_covered,cost_only,cost_only
2100701554286178611,games_control_loops_simulation,feel,demo_no_numbers,none,none,True,not_covered,unproven_demo,demo
2100441162767040818,games_control_loops_simulation,feel,demo_no_numbers,none,none,True,not_covered,unproven_demo,demo
2100607316341219539,agent_harness_and_tool_gating,task,demo_no_numbers,latency,frontier_llm,False,hype,hype,hype
2100587299838799961,classification_routing_triage,task,demo_no_numbers,none,none,False,not_covered,unproven_demo,demo
2100624228307341528,other_or_meta,unclear,measured_demo,latency,frontier_llm,False,noise,noise,noise
2100410016054247493,games_control_loops_simulation,feel,measured_demo,accuracy,rules_or_regex,True,not_covered,material,fast_loop
2100577670744641756,other_or_meta,unclear,demo_no_numbers,none,none,False,noise,noise,noise
2100592113134268489,other_or_meta,unclear,measured_demo,accuracy,frontier_llm,False,noise,noise,noise
2100540090363638171,search_rerank_extraction,task,measured_demo,accuracy,none,False,not_covered,cost_only,cost_only
2100601923439321330,evals_and_judging,task,demo_no_numbers,none,none,False,not_covered,unproven_demo,demo
2100526283805675875,games_control_loops_simulation,feel,measured_demo,none,none,True,not_covered,material,fast_loop
2100585751398232539,evals_and_judging,task,demo_no_numbers,none,none,False,not_covered,unproven_demo,demo
2100657016285061483,games_control_loops_simulation,feel,demo_no_numbers,none,none,True,not_covered,unproven_demo,demo
2100624068982767757,other_or_meta,unclear,demo_no_numbers,none,none,False,noise,noise,noise
2100628580992725173,moderation_and_guardrails,unclear,demo_no_numbers,none,none,False,not_covered,unproven_demo,demo
2100525949854810181,games_control_loops_simulation,feel,demo_no_numbers,none,none,True,not_covered,unproven_demo,demo
2100670116358996229,games_control_loops_simulation,feel,demo_no_numbers,none,none,True,not_covered,unproven_demo,demo
2100693645124874564,classification_routing_triage,batch,measured_demo,cost,frontier_llm,False,not_covered,cost_only,cost_only
2100696694543225236,trading_and_markets,task,measured_demo,accuracy,none,False,not_covered,cost_only,cost_only
2100717600888250396,classification_routing_triage,task,demo_no_numbers,none,none,False,not_covered,unproven_demo,demo
2100410106378920430,trading_and_markets,task,demo_no_numbers,capability,rules_or_regex,False,not_covered,hype,hype
2100520115183714666,classification_routing_triage,task,demo_no_numbers,none,none,False,not_covered,unproven_demo,demo
2100670154531320227,other_or_meta,unclear,demo_no_numbers,none,none,False,noise,noise,noise
2100390238904287475,evals_and_judging,task,measured_demo,accuracy,frontier_llm,False,not_covered,cost_only,cost_only
2100526873151254530,trading_and_markets,task,measured_demo,accuracy,none,True,not_covered,cost_only,cost_only
2100583071359930418,other_or_meta,interaction,demo_no_numbers,none,none,True,noise,noise,noise
2100693210636877982,other_or_meta,unclear,commentary_or_meme,cost,none,False,noise,noise,noise
2100658641842086104,games_control_loops_simulation,feel,demo_no_numbers,none,none,True,not_covered,unproven_demo,demo
2100532923791278308,evals_and_judging,interaction,demo_no_numbers,latency,none,False,not_covered,hype,hype
2100412969108557981,other_or_meta,unclear,demo_no_numbers,none,none,False,noise,noise,noise
2100647663612088573,games_control_loops_simulation,feel,demo_no_numbers,none,none,True,not_covered,unproven_demo,demo
2100436880802161004,other_or_meta,unclear,measured_demo,latency,frontier_llm,False,noise,noise,noise
2100541000963809326,classification_routing_triage,interaction,measured_demo,latency,none,False,not_covered,cost_only,cost_only
2100592556081832131,other_or_meta,unclear,demo_no_numbers,latency,none,False,noise,noise,noise
2100527828089586127,classification_routing_triage,interaction,demo_no_numbers,none,none,False,not_covered,unproven_demo,demo
2100727992301301989,classification_routing_triage,batch,measured_demo,cost,none,False,not_covered,cost_only,cost_only
2100708883010330909,games_control_loops_simulation,feel,measured_demo,latency,frontier_llm,True,not_covered,cost_only,fast_loop
2100691765812445571,trading_and_markets,unclear,proposal_or_idea,none,none,False,not_covered,unproven_demo,demo
2100487514431934973,games_control_loops_simulation,feel,demo_no_numbers,none,none,True,not_covered,unproven_demo,demo
2100481154155757583,browser_and_computer_use,task,demo_no_numbers,capability,none,True,not_covered,hype,demo
2100436395420475460,games_control_loops_simulation,feel,demo_no_numbers,none,none,True,not_covered,unproven_demo,demo
2100701407825568056,games_control_loops_simulation,feel,demo_no_numbers,accuracy,none,True,not_covered,unproven_demo,hype
2100600419336507468,games_control_loops_simulation,feel,demo_no_numbers,latency,none,True,not_covered,hype,hype
2100555273718907064,moderation_and_guardrails,interaction,demo_no_numbers,accuracy,none,False,not_covered,unproven_demo,hype
2100645996195963123,other_or_meta,unclear,demo_no_numbers,none,none,False,noise,noise,noise
2100511297041465732,other_or_meta,unclear,demo_no_numbers,none,none,False,noise,noise,noise
2100595056939827590,classification_routing_triage,interaction,measured_demo,none,none,False,not_covered,cost_only,cost_only
2100725560687087905,evals_and_judging,interaction,measured_demo,latency,none,False,not_covered,cost_only,cost_only
2100609341145465325,games_control_loops_simulation,feel,demo_no_numbers,none,none,True,not_covered,unproven_demo,demo
2100573849415029235,other_or_meta,unclear,measured_demo,cost,none,False,noise,noise,noise
2100540129592983686,search_rerank_extraction,interaction,measured_demo,accuracy,frontier_llm,False,not_covered,cost_only,cost_only
2100434425930568183,evals_and_judging,batch,demo_no_numbers,none,none,False,not_covered,unproven_demo,demo
2100595114649518347,moderation_and_guardrails,batch,measured_demo,accuracy,vendor_api,False,cost_only,cost_only,cost_only
2100668773028282519,agent_harness_and_tool_gating,task,demo_no_numbers,capability,rules_or_regex,True,not_covered,hype,hype
2100392292381057059,other_or_meta,unclear,measured_demo,cost,frontier_llm,False,noise,noise,noise
2100398938276733260,search_rerank_extraction,batch,measured_demo,cost,none,False,not_covered,cost_only,cost_only
2100561859581456838,classification_routing_triage,interaction,measured_demo,latency,small_llm,True,not_covered,cost_only,cost_only
2100668381427093572,trading_and_markets,task,demo_no_numbers,none,none,True,not_covered,unproven_demo,demo
2100629855524003954,other_or_meta,unclear,demo_no_numbers,none,none,False,noise,noise,noise
2100494705909743678,classification_routing_triage,interaction,demo_no_numbers,latency,frontier_llm,False,hype,hype,hype
2100616631667802426,agent_harness_and_tool_gating,task,measured_demo,latency,frontier_llm,True,not_covered,cost_only,cost_only
2100587131898912915,evals_and_judging,interaction,measured_demo,latency,none,False,not_covered,cost_only,cost_only
2100663668048277814,classification_routing_triage,interaction,demo_no_numbers,capability,rules_or_regex,False,not_covered,hype,hype
2100565238198239496,evals_and_judging,unclear,demo_no_numbers,accuracy,small_llm,False,not_covered,unproven_demo,hype
2100378286400368709,other_or_meta,unclear,demo_no_numbers,none,none,False,noise,noise,noise
2100578362674839844,moderation_and_guardrails,interaction,demo_no_numbers,latency,none,True,not_covered,hype,hype
2100442411931783528,trading_and_markets,batch,demo_no_numbers,cost,none,False,not_covered,hype,hype
2100611363148022187,agent_harness_and_tool_gating,task,demo_no_numbers,capability,rules_or_regex,True,not_covered,hype,hype
2100641006962323875,browser_and_computer_use,task,demo_no_numbers,none,none,True,not_covered,unproven_demo,demo
2100646065103880476,classification_routing_triage,unclear,demo_no_numbers,accuracy,classic_classifier_or_ml,False,not_covered,unproven_demo,hype
2100671641961263197,classification_routing_triage,batch,measured_demo,none,none,False,not_covered,cost_only,cost_only
2100579021633548593,evals_and_judging,batch,measured_demo,cost,none,False,not_covered,cost_only,cost_only
2100670087128846603,other_or_meta,unclear,measured_demo,accuracy,none,False,noise,noise,noise
2100719196808315149,live_chat_streams_events,task,demo_no_numbers,capability,none,True,not_covered,hype,demo
2100604774689480923,games_control_loops_simulation,feel,demo_no_numbers,none,none,True,not_covered,unproven_demo,demo
2100474704989397045,browser_and_computer_use,task,measured_demo,latency,none,False,not_covered,cost_only,cost_only
2100631497522684328,classification_routing_triage,interaction,demo_no_numbers,capability,frontier_llm,False,not_covered,hype,hype
2100400380605534325,other_or_meta,unclear,demo_no_numbers,none,none,False,noise,noise,noise
2100723668167147542,trading_and_markets,interaction,demo_no_numbers,none,none,False,not_covered,unproven_demo,demo
2100552300804657436,trading_and_markets,task,measured_demo,latency,none,True,not_covered,cost_only,cost_only
2100665088416108911,games_control_loops_simulation,feel,demo_no_numbers,none,none,True,not_covered,unproven_demo,demo
2100652135679410558,evals_and_judging,unclear,demo_no_numbers,none,frontier_llm,False,not_covered,hype,hype
2100601841809825937,classification_routing_triage,batch,measured_demo,cost,none,False,not_covered,cost_only,cost_only
2100702099432505820,games_control_loops_simulation,feel,demo_no_numbers,none,none,True,not_covered,unproven_demo,demo
2100662692826546395,classification_routing_triage,interaction,measured_demo,latency,none,False,not_covered,cost_only,cost_only
2100558071768416561,browser_and_computer_use,task,demo_no_numbers,capability,none,False,not_covered,hype,demo
2100457207854932304,browser_and_computer_use,task,measured_demo,none,none,False,not_covered,cost_only,cost_only
2100661490772803627,agent_harness_and_tool_gating,task,measured_demo,latency,small_llm,False,cost_only,cost_only,cost_only
2100434283651559875,classification_routing_triage,task,measured_demo,cost,none,False,not_covered,cost_only,cost_only
2100663103415369763,other_or_meta,unclear,demo_no_numbers,none,none,False,noise,noise,noise
2100693469111243248,other_or_meta,unclear,demo_no_numbers,cost,vendor_api,False,noise,noise,noise
2100683769019531643,search_rerank_extraction,task,measured_demo,accuracy,none,False,not_covered,cost_only,cost_only
2100662962042396728,games_control_loops_simulation,feel,demo_no_numbers,none,none,True,not_covered,unproven_demo,demo
2100595037696643216,trading_and_markets,task,measured_demo,accuracy,none,True,not_covered,cost_only,cost_only
2100433971259801646,trading_and_markets,task,demo_no_numbers,none,none,False,not_covered,unproven_demo,demo
2100688098070028562,other_or_meta,unclear,measured_demo,latency,frontier_llm,False,noise,noise,noise
2100476296841347552,games_control_loops_simulation,feel,demo_no_numbers,none,none,True,not_covered,unproven_demo,demo
2100643494901539033,browser_and_computer_use,interaction,demo_no_numbers,capability,none,False,not_covered,hype,demo
2100499337352445966,search_rerank_extraction,interaction,proposal_or_idea,none,none,False,not_covered,unproven_demo,demo
2100659608339505176,other_or_meta,unclear,measured_demo,none,none,False,noise,noise,noise
2100577384554516828,trading_and_markets,task,measured_demo,accuracy,none,False,not_covered,cost_only,cost_only
2100659621954310183,classification_routing_triage,task,demo_no_numbers,none,none,False,not_covered,unproven_demo,demo
2100674189086581239,moderation_and_guardrails,interaction,measured_demo,accuracy,none,False,not_covered,cost_only,cost_only
2100659613028782333,other_or_meta,unclear,demo_no_numbers,none,none,False,noise,noise,noise
2100659606649246151,games_control_loops_simulation,feel,demo_no_numbers,none,none,True,not_covered,unproven_demo,demo
2100661234693554369,evals_and_judging,interaction,demo_no_numbers,none,none,True,not_covered,unproven_demo,demo
2100665687735931101,other_or_meta,unclear,demo_no_numbers,none,none,False,noise,noise,noise
2100672006609912273,other_or_meta,unclear,demo_no_numbers,none,none,False,noise,noise,noise
2100662520105361564,classification_routing_triage,task,measured_demo,cost,none,False,not_covered,cost_only,cost_only
2100623716229030043,games_control_loops_simulation,feel,demo_no_numbers,none,none,True,not_covered,unproven_demo,demo
2100670240267125006,other_or_meta,unclear,demo_no_numbers,none,none,False,noise,noise,noise
2100524245667438945,agent_harness_and_tool_gating,task,demo_no_numbers,none,none,False,not_covered,unproven_demo,demo
2100661012936774083,moderation_and_guardrails,interaction,demo_no_numbers,none,none,False,not_covered,unproven_demo,demo
2100604676055933104,games_control_loops_simulation,feel,demo_no_numbers,none,none,True,not_covered,unproven_demo,demo
2100356151468585346,trading_and_markets,feel,demo_no_numbers,none,none,True,not_covered,unproven_demo,demo
2100347770867458384,games_control_loops_simulation,feel,demo_no_numbers,capability,none,True,not_covered,hype,demo
2100300097695232164,moderation_and_guardrails,interaction,measured_demo,latency,frontier_llm,False,not_covered,cost_only,cost_only
2100262612428894676,browser_and_computer_use,task,measured_demo,cost,frontier_llm,True,not_covered,cost_only,cost_only
2100269198727602468,evals_and_judging,interaction,measured_demo,latency,small_llm,False,not_covered,cost_only,cost_only
2100088523403432357,other_or_meta,unclear,measured_demo,accuracy,frontier_llm,False,noise,noise,noise
2100218045549412499,other_or_meta,unclear,demo_no_numbers,none,none,False,noise,noise,noise
2100370557405667768,data_and_telemetry,batch,measured_demo,latency,frontier_llm,False,not_covered,cost_only,cost_only
2100141659933856192,other_or_meta,unclear,demo_no_numbers,none,none,False,noise,noise,noise
2100096510436475293,other_or_meta,unclear,demo_no_numbers,none,none,False,noise,noise,noise
2100335978229690683,games_control_loops_simulation,feel,measured_demo,cost,none,True,not_covered,material,fast_loop
2100314182201802811,classification_routing_triage,task,demo_no_numbers,accuracy,rules_or_regex,False,not_covered,unproven_demo,hype
2100068006592123055,classification_routing_triage,batch,demo_no_numbers,none,none,False,not_covered,unproven_demo,demo
2100335929273524541,games_control_loops_simulation,feel,demo_no_numbers,latency,none,True,not_covered,hype,hype
2100103803282551151,games_control_loops_simulation,feel,demo_no_numbers,none,classic_classifier_or_ml,True,not_covered,unproven_demo,hype
2100315518930661861,games_control_loops_simulation,feel,demo_no_numbers,latency,none,True,not_covered,hype,hype
2100299724838379957,other_or_meta,unclear,demo_no_numbers,latency,frontier_llm,False,noise,noise,noise
2100179852053639236,search_rerank_extraction,task,measured_demo,accuracy,none,False,not_covered,cost_only,cost_only
2100341005690298687,evals_and_judging,task,demo_no_numbers,none,none,False,not_covered,unproven_demo,demo
2100325221932958134,games_control_loops_simulation,frame,demo_no_numbers,latency,none,True,not_covered,hype,hype
2100120254080815296,agent_harness_and_tool_gating,task,measured_demo,cost,small_llm,False,cost_only,cost_only,cost_only
2100362008856010789,other_or_meta,unclear,demo_no_numbers,none,none,False,noise,noise,noise
2100246355318817175,other_or_meta,unclear,demo_no_numbers,none,none,False,noise,noise,noise
2100321685081559542,browser_and_computer_use,task,demo_no_numbers,latency,none,True,not_covered,hype,hype
2100284068763992396,classification_routing_triage,batch,measured_demo,latency,none,False,not_covered,cost_only,cost_only
2100216467149242734,other_or_meta,unclear,demo_no_numbers,accuracy,none,False,noise,noise,noise
2100281651930513460,games_control_loops_simulation,feel,demo_no_numbers,none,none,True,not_covered,unproven_demo,demo
2100320242895552791,other_or_meta,unclear,demo_no_numbers,none,none,False,noise,noise,noise
2100217444740575421,classification_routing_triage,task,demo_no_numbers,capability,frontier_llm,False,not_covered,hype,hype
2100351059663393205,classification_routing_triage,interaction,demo_no_numbers,capability,frontier_llm,False,not_covered,hype,hype
2100373761195401724,games_control_loops_simulation,task,measured_demo,latency,none,False,not_covered,cost_only,cost_only
2100069604189962339,other_or_meta,unclear,demo_no_numbers,none,none,False,noise,noise,noise
2100343452865265747,moderation_and_guardrails,interaction,measured_demo,accuracy,frontier_llm,False,not_covered,cost_only,cost_only
2100263607686799752,browser_and_computer_use,task,demo_no_numbers,none,none,True,not_covered,unproven_demo,demo
2100186640149033457,games_control_loops_simulation,feel,demo_no_numbers,capability,none,True,not_covered,hype,demo
2100339921714323624,games_control_loops_simulation,feel,measured_demo,none,none,True,not_covered,material,fast_loop
2100130830064738370,other_or_meta,unclear,demo_no_numbers,capability,none,False,noise,noise,noise
2100195854904598745,other_or_meta,unclear,demo_no_numbers,cost,none,False,noise,noise,noise
2100290364657848538,games_control_loops_simulation,feel,measured_demo,latency,frontier_llm,True,not_covered,cost_only,fast_loop
2100279230089081333,other_or_meta,unclear,measured_demo,accuracy,none,False,noise,noise,noise
2100326199935267256,browser_and_computer_use,task,demo_no_numbers,none,none,False,not_covered,unproven_demo,demo
2100160864464642478,other_or_meta,unclear,measured_demo,accuracy,none,False,noise,noise,noise
2100345229702565917,classification_routing_triage,batch,measured_demo,cost,none,False,not_covered,cost_only,cost_only
2100334874175635518,classification_routing_triage,task,measured_demo,accuracy,rules_or_regex,False,not_covered,cost_only,cost_only
2100364297255690721,classification_routing_triage,unclear,demo_no_numbers,none,none,False,not_covered,unproven_demo,demo
2100278904447475920,other_or_meta,interaction,demo_no_numbers,latency,none,False,noise,noise,noise
2100363928492790078,other_or_meta,unclear,measured_demo,cost,none,False,noise,noise,noise
2100342554394865771,classification_routing_triage,batch,demo_no_numbers,none,none,False,not_covered,unproven_demo,demo
2100186642854101416,games_control_loops_simulation,feel,measured_demo,latency,none,True,not_covered,material,fast_loop
2100283424745607487,browser_and_computer_use,task,demo_no_numbers,latency,none,False,not_covered,hype,hype
2100360029366784320,games_control_loops_simulation,feel,measured_demo,latency,none,True,not_covered,material,fast_loop
2100251479596544459,other_or_meta,unclear,demo_no_numbers,none,none,False,noise,noise,noise
2100018939631931830,games_control_loops_simulation,task,demo_no_numbers,none,none,True,not_covered,unproven_demo,demo
2100064479434493963,other_or_meta,unclear,demo_no_numbers,capability,none,False,noise,noise,noise
2100336903166054501,compaction_and_context,task,measured_demo,none,none,False,not_covered,cost_only,cost_only
2100223186868597190,games_control_loops_simulation,feel,demo_no_numbers,none,none,True,not_covered,unproven_demo,demo
2100364868733812987,games_control_loops_simulation,feel,demo_no_numbers,none,none,True,not_covered,unproven_demo,demo
2100244126335737899,games_control_loops_simulation,feel,measured_demo,none,none,False,not_covered,cost_only,fast_loop
2100361842820284651,games_control_loops_simulation,feel,demo_no_numbers,capability,none,True,not_covered,hype,demo
2100162790061113634,games_control_loops_simulation,task,measured_demo,none,none,False,not_covered,cost_only,cost_only
2100355805379735615,games_control_loops_simulation,feel,measured_demo,none,none,True,not_covered,material,fast_loop
2100257867647299917,games_control_loops_simulation,feel,measured_demo,cost,small_llm,True,not_covered,cost_only,fast_loop
2100360859704856890,games_control_loops_simulation,feel,measured_demo,none,none,True,not_covered,material,fast_loop
2100111398277959715,moderation_and_guardrails,interaction,measured_demo,accuracy,none,False,not_covered,cost_only,cost_only
2100345616152903962,moderation_and_guardrails,unclear,demo_no_numbers,none,none,False,not_covered,unproven_demo,demo
2100299457430438358,other_or_meta,unclear,commentary_or_meme,none,none,False,noise,noise,noise
2100324308635591024,games_control_loops_simulation,feel,measured_demo,latency,none,True,not_covered,material,fast_loop
2100346239397102065,games_control_loops_simulation,feel,demo_no_numbers,none,none,True,not_covered,unproven_demo,demo
2100242058690568644,trading_and_markets,task,demo_no_numbers,none,none,True,not_covered,unproven_demo,demo
2100340966490018105,classification_routing_triage,task,demo_no_numbers,none,none,False,not_covered,unproven_demo,demo
2100371900690039274,games_control_loops_simulation,feel,demo_no_numbers,none,none,True,not_covered,unproven_demo,demo
2100345622561787926,other_or_meta,unclear,measured_demo,cost,frontier_llm,False,noise,noise,noise
2100346879917916342,classification_routing_triage,task,measured_demo,cost,frontier_llm,False,not_covered,cost_only,cost_only
2100314623744352506,classification_routing_triage,unclear,demo_no_numbers,none,none,False,not_covered,unproven_demo,demo
2100055562138362028,classification_routing_triage,task,demo_no_numbers,none,none,False,not_covered,unproven_demo,demo
2100135954312786047,classification_routing_triage,task,measured_demo,latency,small_llm,False,cost_only,cost_only,cost_only
2100166309405413785,agent_harness_and_tool_gating,task,demo_no_numbers,capability,none,False,not_covered,hype,demo
2100335103193022592,agent_harness_and_tool_gating,task,measured_demo,accuracy,none,False,not_covered,cost_only,cost_only
2100307307267527087,agent_harness_and_tool_gating,task,demo_no_numbers,none,none,False,not_covered,unproven_demo,demo
2100344635440906275,agent_harness_and_tool_gating,task,measured_demo,cost,none,False,not_covered,cost_only,cost_only
2100310676556464347,classification_routing_triage,task,measured_demo,accuracy,vendor_api,False,cost_only,cost_only,cost_only
2100106949874335851,other_or_meta,unclear,demo_no_numbers,none,none,False,noise,noise,noise
2100367653307039780,agent_harness_and_tool_gating,task,demo_no_numbers,capability,none,False,not_covered,hype,demo
2100338254600163587,classification_routing_triage,interaction,demo_no_numbers,none,none,False,not_covered,unproven_demo,demo
2100341324335464893,other_or_meta,interaction,demo_no_numbers,none,none,False,noise,noise,noise
2100111408176546261,evals_and_judging,batch,measured_demo,accuracy,none,False,not_covered,cost_only,cost_only
2100337992426500135,other_or_meta,unclear,demo_no_numbers,none,none,False,noise,noise,noise
2100271950337597607,search_rerank_extraction,batch,measured_demo,cost,none,False,not_covered,cost_only,cost_only
2100330610854092891,evals_and_judging,task,measured_demo,accuracy,none,False,not_covered,cost_only,cost_only
2100207255727808760,other_or_meta,unclear,demo_no_numbers,none,none,False,noise,noise,noise
2100290673190502585,data_and_telemetry,batch,demo_no_numbers,none,none,False,not_covered,unproven_demo,demo
2100063385962623127,moderation_and_guardrails,task,measured_demo,accuracy,none,False,not_covered,cost_only,cost_only
2100089380501168139,classification_routing_triage,unclear,demo_no_numbers,none,none,False,not_covered,unproven_demo,demo
2102675257157181622,classification_routing_triage,task,demo_no_numbers,none,none,False,not_covered,unproven_demo,demo
2102584026666312130,search_rerank_extraction,unclear,demo_no_numbers,none,none,False,not_covered,unproven_demo,demo
2102450001087476177,games_control_loops_simulation,feel,demo_no_numbers,none,none,True,not_covered,unproven_demo,demo
2102108217966723527,trading_and_markets,task,measured_demo,accuracy,none,True,not_covered,cost_only,cost_only
2101350392994861522,agent_harness_and_tool_gating,task,measured_demo,cost,frontier_llm,False,not_covered,cost_only,cost_only
2100964315054358935,games_control_loops_simulation,feel,demo_no_numbers,none,none,True,not_covered,unproven_demo,demo
